:020000040800F2
:1000000058AC00202903000821460008873E00085C
:10001000254500089906000801710008000000004D
:10002000000000000000000000000000690200085D
:10003000D70A000800000000C5020008CD490008EA
:100040004303000843030008430300084303000878
:100050004303000843030008D90A000843030008CB
:100060004303000843030008430300084303000858
:10007000CD090008430300084303000843030008B8
:10008000430300084303000843030008A9060008CF
:100090009D060008430300084303000843030008CB
:1000A00043030008A54A000843030008430300086F
:1000B0004303000843030008430300084303000808
:1000C00043030008430300084303000843030008F8
:1000D00043030008430300084303000843030008E8
:1000E00043030008430300084303000843030008D8
:1000F00043030008430300084303000843030008C8
:1001000043030008430300084303000843030008B7
:1001100043030008430300084303000843030008A7
:1001200043030008D90900084303000843030008FB
:10013000430300084303000843030008C106000806
:10014000B5060008430300084303000825460008DD
:10015000E5090008F1090008FD090008055200083A
:100160004303000843030008430300084303000857
:100170004303000843030008430300080000000095
:10018000430300084303000800F002F800F05CF8A5
:100190000AA090E8000C82448344AAF10107DA45E2
:1001A00001D100F051F8AFF2090EBAE80F0013F0D8
:1001B000010F18BFFB1A43F00103184744A90000C0
:1001C00064A900000A444FF0000C10F8013B13F042
:1001D000070408BF10F8014B1D1108BF10F8015BA0
:1001E000641E05D010F8016B641E01F8016BF9D193
:1001F00013F0080F1EBF10F8014BAD1C0C1B09D1EA
:100200006D1E58BF01F801CBFAD505E014F8016B5B
:1002100001F8016B6D1EF9D59142D6D370470000ED
:100220000023002400250026103A28BF78C1FBD8FF
:10023000520728BF30C148BF0B6070471FB50AF096
:10024000D4FA1FBD10B510BD00F0BAF91146FFF782
:10025000F5FF07F087FF00F0D8F903B4FFF7F2FFCE
:1002600003BC00F0DBF900002C4B19680868B0E80B
:10027000F04F80F30988BFF36F8F4FF0000080F3D9
:10028000118870470000000008480068006880F38B
:1002900008884FF0000080F3148862B661B6BFF39F
:1002A0004F8FBFF36F8F00DF00BF00BF08ED00E08E
:1002B000DFF80C00016841F470010160704700BF75
:1002C00088ED00E0EFF30980BFF36F8F134B1A68DE
:1002D0001EF0100F08BF20ED108A20E9F04F1060CB
:1002E00009B44FF0500080F31188BFF34F8FBFF374
:1002F0006F8F08F003FF4FF0000080F3118809BCF6
:1003000019680868B0E8F04F1EF0100F08BFB0EC95
:10031000108A80F30988BFF36F8F70473401002083
:10032000EFF30580704700000948804709480047FF
:10033000FEE7FEE7FEE7FEE7FEE7FEE7FEE7FEE795
:10034000FEE7FEE704480549054A064B70470000F2
:10035000954A00088901000858A6002058AC0020E2
:1003600058A8002058A8002053EA020C00F0698029
:100370002DE9F04B4FF00006002B1FBFB3FA83F5B9
:1003800003FA05F424FA05F65E4012BF1643B2FAEA
:1003900082F502FA05F4C5F120051EBF22FA05FC1C
:1003A00044EA0C04203556EA044C4FEA144418BFC2
:1003B000641C4FF000084FF00009904271EB030CF1
:1003C00039D3002919BFB1FA81F701FA07F6B0FA5B
:1003D00080F700FA07F6C7F120071EBF20FA07FCD6
:1003E00046EA0C062037B6FBF4FCA7EB0507103FE6
:1003F00007F01F0BCBF120060CFA0BFB2CFA06F6CC
:1004000044BFB3460026202FA4BF5E464FF0000B2A
:100410005BEA060C08BF4FF0010B19EB0B09ABFBB5
:10042000027C48EB0608C01B06FB02CC0BFB03CC8E
:1004300071EB0C01C1E70B46024641464846BDE858
:10044000F08B13B54FF000004FF00001AFF30080C8
:10045000BDE81C407047032A40F2308010F0030CC6
:1004600000F0158011F8013BBCF1020F624498BF07
:1004700011F801CB00F8013B38BF11F8013BA2F1A4
:10048000040298BF00F801CB38BF00F8013B11F01F
:10049000030300F02580083AC0F0088051F8043BBF
:1004A000083A51F804CBA0E80810F5E7121D5CBF2C
:1004B00051F8043B40F8043BAFF30080D20724BF5F
:1004C00011F8013B11F801CB48BF11F8012B24BFF3
:1004D00000F8013B00F801CB48BF00F8012B704742
:1004E00010B5203AC0F00B80B1E81850203AA0E8CF
:1004F0001850B1E81850A0E81850BFF4F5AF5FEA03
:10050000027C24BFB1E81850A0E8185044BF18C9B5
:1005100018C0BDE810405FEA827C24BF51F8043B5C
:1005200040F8043B08BF7047D20728BF31F8023BB0
:1005300048BF11F8012B28BF20F8023B48BF00F844
:10054000012B70474FF0000200B5134694469646C3
:10055000203922BFA0E80C50A0E80C50B1F12001D6
:10056000BFF4F7AF090728BFA0E80C5048BF0CC084
:100570005DF804EB890028BF40F8042B08BF7047E2
:1005800048BF20F8022B11F0804F18BF00F8012B54
:10059000704770477047704710B500F009F8006861
:1005A00010BD10B5044600F003F8046010BD000053
:1005B00000487047F4A5002000487047F4A50020CB
:1005C0007546FFF7F9FFAE4605006946534620F031
:1005D0000700854618B020B5FFF7B4FEBDE82040FF
:1005E0004FF000064FF000074FF000084FF0000BEF
:1005F00021F00701AC46ACE8C009ACE8C009ACE8A2
:10060000C009ACE8C0098D46704710B50446AFF389
:1006100000802046BDE81040FFF71FBE01491820AA
:10062000ABBEFEE7260002007047000003F050FF5B
:100630000B4C0C4D08F028FB226801210A4890471A
:10064000226802210948904703F06AFC00F004F98F
:1006500003F06AFFA86A08F065FC08F035FBE9E7DB
:10066000B00100200000002090080020B808002001
:100670008AB0084C6D464FF0FF3707AE3A466946E0
:10068000206808F095FF09AB3246291D009800F05C
:1006900057FAF3E708000020FEE70000014800F0E9
:1006A000D3BB000090080020014800F0CDBB000043
:1006B00090080020014800F0C7BB0000B8080020E7
:1006C000014800F0C1BB0000B808002010B50B467F
:1006D000002101614161416281610122C2610262C6
:1006E000016041608160C1600146184600F09AFADD
:1006F000002803D0BDE8104000F0F1B910BD0000A3
:1007000010B50446491EC8B200EB400101EB0010D1
:10071000074901EB80002146FFF7D8FF204600F093
:1007200030FE2046BDE81040022100F0F7B900007D
:10073000F8A2002010B58AB00C9C0191002A12D0BA
:100740000393049200210591082206928DF81C1053
:10075000216808916168099100231A4601A908F0EF
:1007600015FE0AB010BD0293EBE704284FF000001D
:10077000704700207047000010B50022044905486A
:1007800004F058FF0449034804F046FF002010BD60
:10079000C4190020E80C0020C411002070B50546E3
:1007A0000C462946064804F037FF054804F004FFCC
:1007B0002188284689B200F007F8002070BD0000AB
:1007C000E80C00200020704710B50A460849D1F80F
:1007D000BC12D1F81412002901D0012010BD01462D
:1007E000034804F027FFBDE81040014804F0BABFF9
:1007F000E80C002090B0154D40F201264FF0FF3973
:10080000771C0DF128084A4607A9286808F0D0FE91
:10081000079CB4420BD1182241466846FFF760FEA0
:10082000DDE9082321460A4807F0D4FBEBE7BC4288
:10083000E9D1182241466846FFF752FEDDE9082358
:100840002146034807F0C6FBDDE70000000000205A
:10085000D8A300207047000010B540F201210548E0
:1008600007F0ABFCBDE8104040F20221024807F05F
:10087000A4BC0000D8A30020A4A4002010B52DED36
:10088000028B20489FED208ADFED200A8089204CD2
:1008900000EE100AB8EE400A20EE080A80EE201A98
:1008A00084ED001A1B48808800EE100AB8EE400A5A
:1008B00084ED010A1848808800EE100AB8EE400A5C
:1008C00084ED020A03F03AFE144890ED050A60EE4A
:1008D000080A9FED130A80EE801A84ED031AD0ED0A
:1008E000040A60EE880A80EE801A84ED041AD0EDC6
:1008F000030A60EE880A80EE801A84ED051ABDECCA
:10090000028B10BD70A5002000F8FF4500FF7F4757
:10091000E0A20020D8A30020A4A40020C8A50020A5
:100920000000B44308B508F08DFF0090FFF7A6FF64
:100930000221684608F0AAFAF8E7000010B52DED8C
:10094000048B002444EA036343EA024242EA0121A1
:100950000143002901DA641E00E00124C1F3C750FD
:100960007F38C1F3160100EE101A9FED151AF8EE4C
:10097000400A80EE810AF7EE000A30EE209A09F074
:1009800079FB41EC110B9FED0F0B06F0EDFBB0EE88
:10099000408A00EE104AF0EE608AB8EEC00A20EEFF
:1009A000090A10EE100A09F0AFFE53EC182B09F0FB
:1009B000B5FB09F019F900EE100ABDEC048B10BD6F
:1009C000FEFFFF4A0000000000000040014800F068
:1009D00065BD0000800B0020014800F05FBD0000F5
:1009E000E00B0020014800F059BD0000C00A0020C3
:1009F000014800F053BD0000400C0020014800F009
:100A00004DBD0000200B00200168CAB2103A182327
:100A1000B2FBF3F2064B9B5CC3656FF30901032A3B
:100A200002D9091D816500E08165806D7047000075
:100A3000E8A9000810B5014600208A6A8B694FF0CA
:100A4000C074002B0ED0B3F5005F1AD062B3012A38
:100A50002AD0022A28D0032A03D1C96AC90100D5A5
:100A6000012010BD1AB1012A06D0022AF9D1C96AA3
:100A7000C901F6D5012010BDC96AA142FBD10120F0
:100A800010BD52B1012A0AD0022A06D0032AF7D19A
:100A9000C96AA142F4D1012010BD012010BDC96A6C
:100AA000C901FBD5012010BD012010BD30B504687F
:100AB000256825F480252560046863608368402BE1
:100AC00004D0036899600068C26030BD03689A6012
:100AD0000068C16030BD7047012000F07DBE72B675
:100AE000FEE7000070B50B480168001D0568001D99
:100AF0000068084400280CD0074C0822A11C03F011
:100B0000C3F904F112012846BDE87040042203F045
:100B1000BBB970BD107AFF1F6400002090F8202040
:100B2000012A07D0022A05D0416A41F4802141629E
:100B300001207047006842690A4342610020704703
:100B4000F0B590F820500468A468012D07D0022D5C
:100B500005D0416A41F4802141620120F0BD04F0DA
:100B6000806504F00066354301D1E50053D5C4F338
:100B700001640125A5401D608B684FF4C0759BB1D1
:100B8000CE6805EB041733434E6843EAC603066894
:100B9000F3514FF4C273076803EB04130E69FE5060
:100BA000097D012909D00DE00E88CB6805EB0417FB
:100BB00043EA46530668F351EBE70168CE5846F422
:100BC0008076CE501179D379567941EA03619379D1
:100BD0001B0443EA062319434FF4C676036806EB69
:100BE000041699511178D37841EA036193785278C9
:100BF0001B0443EA022211434FF4C473026803EB5F
:100C00000413D150006805EB0411425842F0010270
:100C100042500020F0BD416A41F4001141620120C0
:100C2000F0BD000010B590F82020012A07D0022A5C
:100C300005D0416A41F480214162012010BD3C4849
:100C400000F50070026842F001020260026822F4BE
:100C50007C52026002684B6A42EA032202600A7D0B
:100C600002F01F0301229A40C3699343C361A0F5B8
:100C70000070CB69B3B9D0F80C329343C0F80C3292
:100C80008C894B6864F31F434C6900EBC404C4F8BF
:100C900040320C890B6864F31F434C6900EBC404B9
:100CA000C4F84432CB69012B16D1D0F80C3213436F
:100CB000C0F80C320C884B6864F31F434C6900EB9E
:100CC000C404C4F840320C89CB6864F31F434C69F8
:100CD00000EBC404C4F844328B697BB1D0F8043211
:100CE0001343C0F804320B6973B1D0F814321343C4
:100CF000C0F81432096A01290CD010E0D0F804328F
:100D00009343C0F80432EEE7D0F814329343C0F8AE
:100D10001432EFE7D0F81C121143C0F81C12D0F8BF
:100D2000001221F00101C0F80012002010BD0000E7
:100D300000640040704770B590F82040012C07D047
:100D4000022C05D0416A41F480214162012070BD2E
:100D500021B104682469A4072AD003E00468E46888
:100D6000A4071FD04FF4D874056804EB01142D5963
:100D700005F0040595600DB305682D59ED08556023
:100D800005682C5904F00204D4604FF4DA74056845
:100D900004EB01142E5906F00F06082E13D3082574
:100DA000156114E0416A41F400114162012070BDF7
:100DB000416A41F400114162012070BD05682D595E
:100DC0006D0D1560DCE72D5905F00F0515610568FF
:100DD0002D59C5F30725956105682C59240C5461DC
:100DE0004FF4DC72046802EB0112A4581C70046812
:100DF000A458240A5C700468A458240C9C700468ED
:100E0000A258120EDA704FF4DE72046802EB01127F
:100E1000A4581C710468A458240A5C710468A4587E
:100E2000240C9C710468A258120EDA7131B100686A
:100E3000016941F020010161002070BD0068C168B6
:100E400041F02001C160F7E72DE9F05F054600247D
:100E500028684669D0F804908768D0F80CA0D0F8CC
:100E600010B0D0F81880F10748D0F90714D001214C
:100E70008160B80703D5284600F0B0FA0CE0780787
:100E800002D54FF4006407E0380702D54FF48054D0
:100E900002E0284600F0A1FAF80516D529684FF4BB
:100EA00080708860B80503D5284600F099FA0CE0F8
:100EB000780502D544F4005407E0380502D544F41F
:100EC000804402E0284600F08AFAF80316D5296823
:100ED0004FF480308860B80303D5284600F082FACA
:100EE0000CE0780302D544F4004407E0380302D54F
:100EF00044F4803402E0284600F073FA300707D546
:100F00005FEACA6004D544F4007429681020C86000
:100F100070074FF0080707D55FEA0A7004D5286804
:100F2000C760284600F0C8F9B00706D52868C06831
:100F3000800702D0284600F0C1F9700607D55FEAA5
:100F4000CB6004D544F48064296810200861B006A1
:100F500007D55FEA0B7004D528680761284600F0C2
:100F60000DFAF00606D528680069800702D02846E9
:100F700000F005FAB00308D55FEAC96005D5296815
:100F800010204860284600F0FBF9F00307D55FEA1F
:100F9000097004D528684760284600F024FA300418
:100FA00046D55FEA497040D5F00504D55FEAC870C0
:100FB00001D044F00104B00504D55FEA887001D582
:100FC00044F00204700504D55FEA487001D544F08E
:100FD0000404300529D518F0700F26D008F07000F1
:100FE000402815D006DC102809D020280AD0302847
:100FF00016D10AE050280ED0602811D10EE044F03E
:1010000008040DE044F010040AE044F0200407E076
:1010100044F0400404E044F0800401E044F48074AF
:101020002868816921F07001816129680420486085
:10103000002C05D0686A204368622846FFF77AFED4
:10104000BDE8F09F70B50446002C03D094F8200052
:1010500010B104E0012070BD204600F09DF820682A
:10106000016841F00101016000F0B2FC054605266F
:101070000CE000F0ADFC401B0A2807D9606A40F480
:101080000030606284F82060012070BD20684068F4
:10109000C007EED02068016821F00201016000F075
:1010A00097FC05460CE000F093FC401B0A2807D98A
:1010B000606A40F40030606284F82060012070BDF6
:1010C000206840688007EED4207E01283FD0206849
:1010D000016821F080010160607E01283DD0206818
:1010E000016821F040010160A07E01283BD020680A
:1010F000016821F020010160E07E012839D02068DC
:10110000016841F010010160207F012837D020687C
:10111000016821F008010160607F012835D0206856
:10112000016821F004010160D4E902010843D4E917
:101130000412114308436168491E08432168C861CD
:1011400000206062012084F82000002070BD20682B
:10115000016841F080010160BEE72068016841F04C
:1011600040010160C0E72068016841F02001016092
:10117000C2E72068016821F010010160C4E720681F
:10118000016841F008010160C6E72068016841F08C
:1011900004010160C8E700002DE9F04186B0044673
:1011A000142101A8FFF7CEF93E4B3F4ADFF8F0804B
:1011B000186821683C4C03260227401C1032002589
:1011C0004FF0090C41452FD11860012807D1106854
:1011D00040F000701060106800F00070009020680F
:1011E00040F008002060206800F0080000900196A0
:1011F000029703950496CDF814C001A92B4800F07E
:10120000F7FA00220521132000F07AFC132000F0E9
:1012100069FC00220521142000F072FC142000F06B
:1012200061FC06B0BDE8F081DFF884804145F8D16B
:10123000116841F080611160116801F080610091D6
:101240001860012807D1106840F000701060106825
:1012500000F000700090206840F0020020602068DC
:1012600000F0020000906020019002970395049620
:10127000CDF814C001A90F4800F0BAFA00220521E8
:101280003F2000F03DFC3F2000F02CFC0022052117
:10129000402000F035FC402000F024FCC1E70000B5
:1012A000006400402C00002030380240000C024056
:1012B000006800400004024070470000F8B5294B68
:1012C00002680021284D9A4201D1297001E00121D4
:1012D00029702978254C01EB410202EB011104EB46
:1012E000810202F1440328320021FFF724FD28780F
:1012F00004F1980600EB400101EB001104EB8101C1
:1013000000EBC000283106EB80001C22FFF7E8F854
:10131000287800EB400202EB001204EB820200EBA3
:10132000C00106EB8101936C526CC1E9072388B1BF
:101330000F4800236A46006808F0DAF80098002891
:1013400007D00C494FF080500860BFF34F8FBFF3B8
:101350006F8FF8BD0848314600236A46006808F0E0
:10136000C7F8EBE700640040B8010020F8A20020B5
:101370000400002004ED00E00000002070477047EA
:10138000704770B5044694F82000012805D0606AC3
:1013900040F400206062012070BD022084F820002B
:1013A0002068016821F00101016000F011FB054691
:1013B0000DE000F00DFB401B0A2808D9606A40F4DC
:1013C00000306062052084F82000012070BD206894
:1013D0004068C007EDD1606270BD704770477047CC
:1013E00070477047704770472DE9F0410446A76D7C
:1013F00000F0EEFA054694F835000026022806D0E3
:101400008020606584F834600120BDE8F0812068A8
:10141000016821F0160101602068416921F0800116
:101420004161206C08B9A06C20B12068016821F0EE
:10143000080101602068016821F0010101600BE0F2
:1014400000F0C6FA401B052806D92020343420625B
:10145000032060702670D8E720680068C007EFD1CD
:1014600034343F2094F828108840B8600120607020
:1014700026700020C9E790F83510022903D080219A
:10148000416501207047052180F83510006801682A
:1014900021F0010101600020704700002DE9F843B0
:1014A00004464FF00009CDF800906F484FF41651F4
:1014B0000068B0FBF1F7A56D2E6894F85C00082277
:1014C00002FA00F1314210D02068016849070CD5BA
:1014D000016821F00401016094F85C0002FA00F157
:1014E000A960606D40F00100606594F85C104FF0F9
:1014F000010808FA01F0304208D02168496909065C
:1015000004D5A860606D40F00200606594F85C103E
:1015100004208840304208D021680968890704D532
:10152000A860606D40F00400606594F85C101020C5
:101530008840304220D02168096809071CD5A8607E
:101540002068016849030CD50068000304D4216CAD
:1015500091B1204688470FE0A16C69B120468847C9
:101560000AE00168C90503D4016821F0080101609F
:10157000216C09B12046884794F85C1020208840EF
:1015800030424CD021680968C90648D5A86094F853
:10159000350005280BD020680168490330D5006864
:1015A000000328D4616C51B32046884737E0206897
:1015B000016821F0160101602068416921F0800175
:1015C0004161206C08B9A06C20B12068016821F04D
:1015D0000801016094F85C103F208840A86084F8FE
:1015E000358084F83490216D00293BD001B020462D
:1015F000BDE8F0430847E16B09B1204688470EE09B
:101600000168C90507D4016821F01001016084F860
:10161000358084F83490E16B09B120468847606DCD
:1016200000281FD0606DC00714D0052084F8350055
:101630002068016821F0010101600098401C0090C1
:10164000B84203D820680068C007F6D184F8358016
:1016500084F83490E16C002904D001B02046BDE844
:10166000F0430847BDE8F883940000202DE9F041DD
:10167000044600F0ADF905465CB1022084F835005F
:10168000002684F834602068016821F001010160BF
:101690000DE00120BDE8F08100F09AF9401B05281B
:1016A00005D920206065032084F83500F2E7206822
:1016B0000068C007F0D121680A6820480240D4E9D8
:1016C00001031843D4E903352B43184363691843D6
:1016D000A3691843E3691843236A18431043626AF5
:1016E000042A03D1D4E90B231A431043086020686D
:1016F000406920F00700656A29460543012704294F
:101700000DD1A06A0543E06A48B12046FFF792F97F
:1017100028B14020606584F835700120BAE7206860
:1017200045612046FFF770F994F85C203F21914015
:101730008160666584F835700020ABE73F8010F06B
:101740002DE9F04104460025A66D94F834000128E7
:101750000DD0012084F8340094F835700020012F5A
:1017600007D084F8340002252846BDE8F081022025
:10177000FBE7022784F8357060652046FFF796F98D
:1017800094F85C103F208840B0602068016841F008
:1017900016010160206C20B12068016841F0080149
:1017A00001602068016841F001010160DCE7000090
:1017B00070B5044600F00CF90546601C02D00448E0
:1017C0000078044400F004F9401BA042FAD370BD35
:1017D000980000207047000010B504490A680242D2
:1017E00002D00860FFF7F6FF10BD0000143C014076
:1017F0002DE9F84F0022DFF89C914FF001080327F4
:101800004FF00F0C09F1040AA9F1040B08FA02F5D4
:101810000B682B40AB426ED10C7904F00304012C11
:1018200001D0022C15D18668540007FA04FE26EA7E
:101830000E06D1F80CE00EFA04FE4EEA060EC0F8D1
:1018400008E04468AC430D79C5F300159540254385
:1018500045600C79E443A40708D0C568540007FA32
:1018600004F6B5438E68A6402E43C6600C7904F09A
:101870000304022C11D1D40800EB8406356A540706
:10188000E40E0CFA04FE25EA0E05D1F810E00EFA7B
:1018900004FE4EEA050EC6F820E00568540007FA7B
:1018A00004F6B5430E7906F00306A6402E43066003
:1018B0004C6814F4403F67D0374C256845F48045A8
:1018C0002560246804F480440094344C22F003051D
:1018D0002E19D6F8085894074FEA147E0CFA0EF425
:1018E000A5432F4CA04201D1002424E02D4CA0425E
:1018F00002D101241FE047E02B4CA04201D1022479
:1019000019E02A4CA04201D1032414E0284CA04243
:1019100001D104240FE0274CA04201D105240AE0A4
:10192000254CA04201D1062405E0244CA04201D15F
:10193000072400E0082404FA0EF42C43C6F80848F3
:10194000D9F800409C434D68ED0200D51C43C9F80E
:101950000040DAF800409C434D68AD0200D51C43BE
:10196000CAF80040DBF800409C434D68AD0300D549
:101970001C43CBF80040074D083D2C689C434E6843
:10198000F60300D51C432C60521C102AFFF43EAF16
:10199000BDE8F88F083C0140443802400030014067
:1019A000000002400004024000080240000C024017
:1019B000001002400014024000180240001C0240C7
:1019C000002A01D0816170470904816170470000DD
:1019D0000148806870470000980000200248816834
:1019E00002781144816070479800002010B50B48C0
:1019F000016841F400710160016841F48061016097
:101A0000016841F480710160032000F099F805201D
:101A100000F006F800F04AF8002010BD003C02403B
:101A200030B587B0054600241B48016841F001012C
:101A30000160006800F00100009001A902A800F018
:101A4000C9FE00F0FBFE40001449B0FBF1F1491E55
:101A50001448134A026040F2E732C26041600461F8
:101A60008460846101F022FC044694B90D4801F0C1
:101A7000A5FC04466CB9192000F034F8102D07D2EB
:101A800000222946192000F03BF80748056000E0D5
:101A9000012407B0204630BD4438024040420F00C8
:101AA00000000140A00C00209C00002082B00C48E7
:101AB000016841F480410160006800F480400190B9
:101AC0000748001F016841F080510160006800F084
:101AD0008050019000220F21901E02B000F010B83B
:101AE00044380240002809DB00F01F020121914028
:101AF0004009800000F1E020C0F8001170470000AC
:101B0000F0B40D460D4B1B68C3F30223C3F1070469
:101B1000042C00D90424191D072901D2002300E058
:101B2000DB1E012606FA04F1491E294099409E4019
:101B3000761E16403143F0BC05F004BB0CED00E00E
:101B400000F00701054A10684FF6FF03184040EA0D
:101B50000120034908431060704700000CED00E0CD
:101B60000000FA057047006841620020704770B5B8
:101B70000368586A002907D09C6A00EB14440020CF
:101B80004FF48275491E0AE040EA024098620DE077
:101B900005EB80069E5904EB1644401CC0B28842F7
:101BA000F6D305EB810144EA02405850002070BD95
:101BB000D0F8E00404F064B901EBC10200EB82024A
:101BC000D0F8E004126A04F085B801EBC10200EB22
:101BD0008202D0F8E004D2F8602204F0E9B8D0F82C
:101BE000E00404F04FB90A0601F00F0101EBC10156
:101BF00000EB810101D5143101E001F51571006898
:101C000005F0B0B870B504460B0601F00F0000EB0C
:101C1000C00104EB81014FF001024FF0000502D535
:101C200014314A7002E001F515714D70087094F896
:101C30009404012808D084F89424206804F0A6FDB8
:101C400084F89454002070BD022070BD70B5044625
:101C500001F00F002279904201D9012070BD0B06DE
:101C600001F00F0101EBC10104EB81014FF0010212
:101C70004FF0000502D514314A7002E001F51571EC
:101C80004D708D70087094F89404012808D084F881
:101C90009424206804F0E4FE84F89454002070BD7D
:101CA000022070BD01F00F0101EBC10100EB8100CA
:101CB000D0F8680270472DE9F04104460F0601F0A4
:101CC0000F0000EBC00104EB81014FF001064FF063
:101CD000000502D514314E7002E001F515714D700A
:101CE0000870C2F30A028A600B714A7802B1488315
:101CF000022B00D14D7194F89404012809D084F886
:101D00009464206804F08CFC284684F89454BDE860
:101D1000F0810220FBE710B501F00F0404EBC401D1
:101D200000EB810101F51571CA600B6100234B6165
:101D30004B700C708379012B00D1CA6182790068E5
:101D400004F0E6FE002010BD70B504460D46217972
:101D500005F00F00884201D9012070BD29064FF01F
:101D600000064FF0010206D500EBC00104EB810133
:101D700014314A7006E005EBC50104EB810101F561
:101D800015714E708A70087094F89404012807D079
:101D900084F89424206804F08FFE280702D007E01E
:101DA000022070BDA17904F29C42206804F02EFE4E
:101DB00084F89464002070BD10B501F00F0404EBAA
:101DC000C40100EB81011431CA600B6100234B6137
:101DD00001234B700C708379012B00D1CA61827989
:101DE000006804F095FE002010BD2DE9F84F044670
:101DF0002568284605F060F800287ED1206805F0A7
:101E000087F8002879D0D5F80808C0F30D20C4F869
:101E1000D404206805F07CF8800704D52068416967
:101E200001F002014161206805F072F8C10604F278
:101E30009C40009035D52068816921F010018161B6
:101E40002F6A07F00F0000EBC00004EB800606F5D8
:101E50001576C7F34340022802D0062812D01BE0B3
:101E600047F6F070074217D0C7F30A121746284604
:101E7000F16805F051F8F0683844F0607069384452
:101E8000706109E008222846009905F045F870695C
:101E9000C7F30A11084470612068816941F010019C
:101EA0008161206805F034F800034FF0080B4FF013
:101EB00000094FF001085ED50026206805F007F8FC
:101EC000824655E05FEACA704FD0F1B2206805F053
:101ED00017F80746F80707D005EB4610C0F8088B3F
:101EE0003146204602F0C8FB380709D505EB4610FD
:101EF000C0F808BB3146204600E0F8E102F098FB4C
:101F0000F80604D505EB46101021C0F8081BB807E9
:101F10001CD56869000605D5D5F8040840F4806131
:101F2000C5F8041806EBC60004EB800000F5157038
:101F3000C178012905D180F80390F1B2204600F064
:101F4000DCF905EB46110220C1F8080BB80604D5F0
:101F500005EB46102021C0F8081BB80405D505EB99
:101F600046104FF40051C0F8081B761C4FEA5A0A7D
:101F7000BAF1000FA6D1206804F0CAFF40036CD567
:101F8000206804F09DFF8246002663E05FEACA7085
:101F90005DD0F1B2206804F0A1FF0746F80723D016
:101FA00006F00F0108FA01F0D5F834188143C5F89E
:101FB000341805EB4610C0F80889A07901280FD124
:101FC00006EBC60004EB8000D0E907211144016252
:101FD00036B9606A20B920680121009A04F016FD24
:101FE000F1B22046FFF7E8FD380703D505EB4610B0
:101FF000C0F808B9F80604D505EB46101021C0F862
:102000000819780604D505EB46104021C0F80819D8
:10201000B80716D53146284604F01CFF06EBC6006B
:1020200004EB80001430C178012905D180F80390B9
:10203000F1B2204600F05DF905EB46110220C1F82F
:102040000809380603D53146204602F087FB761C86
:102050004FEA5A0ABAF1000F98D1206804F058FFED
:10206000002811DAD5F8040820F00101C5F8041899
:1020700094F8CC04012829D0204600F006FA206804
:10208000416901F000414161206804F041FF000511
:102090000BD5D5F80808C00702D0204600F038FA62
:1020A0002068416901F400614161206804F030FF5B
:1020B000C00461D5D5F8040820F00101C5F8041862
:1020C0001021206804F0C6FE002120E084F8CC94A2
:1020D00000212046FFF746FDD1E705EB411000F552
:1020E00010604FF67F328260036823F400130360B0
:1020F000C0F80822D0F8002222F40012C0F8002212
:10210000D0F8002242F00062C0F80022491C207979
:102110008842E2D8D5F81C0840F00111C5F81C1817
:10212000E07B60B1D5F8840840F00B01C5F8841855
:10213000D5F8440840F00B01C5F844180CE0D5F878
:10214000140842F22B010843C5F81408D5F810080A
:1021500040F00B01C5F81018D5F8000820F4FE6116
:10216000C5F80018A1792068009A04F04FFC206897
:10217000416901F480514161206804F0C9FE800486
:1021800015D5206804F08EFA206804F085FEE07111
:1021900000F03EFB0146E279206804F023FF204670
:1021A00000F05CF92068416901F400514161206848
:1021B00004F0AEFE000707D5204600F06AF920685B
:1021C000416901F008014161206804F0A1FE0006A8
:1021D00015D5A86920F08001A96101260CE006EB65
:1021E000C60004EB800090F85702012803D1F1B239
:1021F0002046FFF7F8FC761C2079B042EFD8206823
:1022000004F086FEC0021FD5012615E005EB46103E
:10221000D0F8001906EBC60004EB8000027E012A0C
:1022200009D1002907DA80F81780F0B240F0800168
:102230002046FFF7D8FC761C2079B042E6D820680B
:10224000416901F480114161206804F061FE80025F
:1022500030D5012026E005EB4011D1F8001B00EB42
:10226000C00204EB820292F85832012B19D10029E6
:1022700017DA94F8D43401F4803103F00103994261
:102280000FD182F85782A96941F08002AA61696979
:10229000090606D4D5F8040840F40070C5F804080F
:1022A00003E0401C21798142D5D82068416901F4BE
:1022B00000114161206804F02BFE400007D5204644
:1022C000FFF776FC2068416901F080414161206898
:1022D00004F01EFE40070AD520684568680702D54D
:1022E0002046FFF77CFC2068416829434160BDE837
:1022F000F88FD0F8E00403F019BED0F8E00403F042
:102300002ABEF8B50446002C05D0266894F895043A
:10231000002510B106E00120F8BD84F89454204651
:1023200000F05AF8032084F89504B6F1A04F00D1CC
:10233000A571206804F064FB207C8DF8000094E80F
:102340000F0004F0BDF9022618B184F8956401204D
:10235000F8BD0021206804F0FEFD18B184F89564F2
:102360000120F8BD002101270CE001EBC10004EBC6
:10237000800047750175C1850576C56105624562B6
:10238000491CC9B220798842EFD800210DE001EB49
:10239000C10004EB800000F51570457001700571F7
:1023A0008560C5600561491CC9B220798842EED8B4
:1023B000207C8DF8000094E80F0004F067FA18B153
:1023C00084F895640120F8BD657484F895742068DC
:1023D00004F04EFA0020F8BD00B587B0002102914C
:1023E00003910491059106910068B0F1A04F2BD1A3
:1023F0001648016841F001010160006800F0010029
:1024000001904FF4C05002900220039003200590E9
:102410000A20069002A90E48FFF7EAF90D48016864
:1024200041F0800101600C48016841F48041016085
:10243000006800F480400190002205214320FFF74E
:102440005FFB4320FFF74EFB07B000BD3038024072
:1024500000000240343802404438024070B504465F
:102460000125E07900280ED0022801D0FEF737FBC5
:102470002946D4F8E00403F0DFFDD4F8E004BDE819
:10248000704003F092BD0025F2E7D0F8E00403F0BD
:10249000BCBDD0F8E00403F0C2BD10B5044694F80A
:1024A000940401280AD0012084F8940461742068FF
:1024B00004F081FD002084F8940410BD022010BDBA
:1024C000D0F8E02400F29C41104603F0C1BD10B5E5
:1024D0000446206894F89414012909D0012184F855
:1024E0009414C168490609D5617B012902D005E031
:1024F000022010BD816B41F480318163206804F0BB
:1025000083FC206804F0A6F9002084F8940410BD30
:1025100010B50446D4F8E00403F0DEFD2068D0F8DE
:10252000001E41F00101C0F8001EE07A002804D02E
:102530000248016841F00601016010BD10ED00E0A5
:102540002DE9F84304464FF0010820684FF00007DA
:10255000C10701D140072BD5DFF81891C9F8687081
:10256000FFF736FA0646444D07E0FFF731FA801BC5
:10257000022802D90320BDE8F88328680001F4D4BA
:102580006068217A800140EA01703B49843108602B
:10259000C9F86880FFF71CFA064606E0FFF718FA4C
:1025A000801B022801D90320E5E728680001F5D542
:1025B0002078800753D530484030016841F0805181
:1025C0000160006800F0805000902C4D286840F4B5
:1025D00080702860FFF7FCF9064606E0FFF7F8F97F
:1025E000801B022801D90320C5E72868C005F5D55E
:1025F000214D7035286800F44070F8B1A18901F4CC
:10260000407181421AD0286820F440701C49C1F8FA
:1026100000800F6028602868C0070FD0FFF7D8F946
:10262000064641F2883706E0FFF7D2F9801BB84230
:1026300001D903209FE728688007F5D5E0680E4997
:10264000C0F301220831032A0BD0086820F4F810E7
:1026500008602868A189C1F30B01084328600020A5
:1026600089E70A68074B22F4F812184002430A600F
:10267000EFE70000000047420038024000700040D1
:10268000400E4742FFFCFF0F2DE9F04704460D4680
:10269000002C13D0DFF82891D9F80000EFB200F039
:1026A0000700A8420CD289F80070D9F8000000F0A9
:1026B0000700A84204D00120BDE8F0870120FBE715
:1026C0002068404E810712D5400703D5306840F49A
:1026D000E05030602078000703D5306840F4604057
:1026E00030603068A16820F0F00008433060207846
:1026F000C00731D0334960680839012808D0022862
:102700000BD0032809D0096889070BD40120D3E72F
:102710000968890306D40120CEE70968890101D43C
:102720000120C9E7316821F0030101433160FFF75F
:102730004FF9804641F2883A07E0FFF749F9A0EBEC
:102740000800504501D90320B6E73068616800F001
:102750000C00B0EB810FF0D1D9F8000000F00700B9
:10276000A84209D989F80070D9F8000000F00700E4
:10277000A84201D001209FE72078400705D53068A6
:10278000E16820F4E050084330602078000706D567
:102790003068216920F4604040EAC100306000F0F8
:1027A0005DF83168084AC1F30311515CC84007491C
:1027B000086007480068FFF733F900207CE7000055
:1027C000003C024008380240D0A9000894000020D4
:1027D0009C0000200F2202600B4A136803F00303E1
:1027E0004360136803F0F0038360136803F4E0535D
:1027F000C360126802F46042D208026103480068B4
:1028000000F007000860704708380240003C0240B2
:1028100001480068704700009400002000B5FFF7F1
:10282000F7FF04490968044AC1F38221515CC8409A
:1028300000BD000008380240E0A9000800B5FFF71D
:10284000E7FF04490968044AC1F34231515CC840BA
:1028500000BD000008380240E0A9000810B5174884
:10286000006810F00C01164816D0164B042912D03F
:10287000082911D1114C241F216801F03F02216861
:1028800049020AD52068C0F38810A0FB0301002389
:10289000FDF76AFD09E0184610BD21680023C1F369
:1028A0008811A1FB0001FDF75FFD2168C1F3014123
:1028B000491C4900B0FBF1F010BD0000083802408F
:1028C0000024F400001BB7002DE9F84F0446002C4B
:1028D00013D02078DFF8A083C007A8F1040556D0F4
:1028E00008F104000168C1F3810101290CD00068DE
:1028F000C0F38100022803D00DE00120BDE8F88F6D
:10290000D8F80000400206D5286880033FD56068EB
:1029100070BB0120F2E76068B0F5803F10D0B0F5E1
:10292000A02F12D0286820F480302860286820F476
:10293000802028606068E0B1FFF74AF8064614E09E
:10294000286840F480302860F4E7286840F480204C
:102950002860286840F480302860EBE7FFF738F8FB
:10296000801B642801D90320C8E728688003F5D5B7
:102970000DE0FFF72DF8064606E0FFF729F8801B6B
:10298000642801D90320B9E728688003F5D42078AA
:10299000BA4F80074FF0000948D5B748001D0168BD
:1029A00011F00C0F08D00068C0F38100022813D189
:1029B000D8F8000040020FD42868800704D5E068EA
:1029C000012801D0012099E72868216920F0F8004A
:1029D00040EAC100286029E0E068B8B10120386011
:1029E000FEF7F6FF064606E0FEF7F2FF801B022820
:1029F00001D9032082E728688007F5D52868216976
:102A000020F0F80040EAC10028600FE0C7F800900D
:102A1000FEF7DEFF064606E0FEF7DAFF801B02281F
:102A200001D903206AE728688007F5D420780007D9
:102A300029D5DFF844A2924861690AF1700A89B188
:102A400001210160FEF7C4FF064606E0FEF7C0FF65
:102A5000801B022801D9032050E7DAF80000800724
:102A6000F4D510E0C0F80090FEF7B2FF064606E08D
:102A7000FEF7AEFF801B022801D903203EE7DAF8FB
:102A800000008007F4D42078400778D54FF0000A82
:102A900079483C300068C0000BD477483C3001686E
:102AA00041F080510160006800F0805000904FF0CC
:102AB000010ADFF8D0B1DBF80000C00514D4DBF860
:102AC000000040F48070CBF80000FEF781FF06465E
:102AD00006E0FEF77DFF801B022801D903200DE7E9
:102AE000DBF80000C005F4D5634EA0686C36012801
:102AF0000FD0052812D0306820F001003060306817
:102B000020F004003060A068F8B1FEF761FF834652
:102B100017E0306840F001003060F4E7306840F0C2
:102B200004003060306840F001003060EBE7FEF7F1
:102B30004FFFA0EB0B0141F28830814201D9032005
:102B4000DCE630688007F2D510E0FEF741FF8346EF
:102B500009E0FEF73DFFA0EB0B0141F28830814216
:102B600001D90320CAE630688007F2D4BAF1010F18
:102B700005D141483C30016821F080510160A069D5
:102B8000C0B33D49091D09684FF0FF36C1F381010B
:102B9000022946D0022805D0C7F86090FEF718FF3A
:102BA00004463AE0C7F86090FEF712FF814607E05E
:102BB000FEF70EFFA0EB0900022801D903209DE6D5
:102BC00028688001F4D4D4E907010843616AA26A45
:102BD000890106EB520241EA0241084394F82C10A5
:102BE00040EA0160C8F8000001203866FEF7F0FEF8
:102BF000044607E03DE0FEF7EBFE001B022801D98A
:102C000003207BE628688001F5D532E0FEF7E0FE80
:102C1000001B022801D9032070E628688001F5D442
:102C200027E0012823D0D8F80000E26900F48001F1
:102C300091421AD1226A00F03F01914215D147F624
:102C4000C071626A0140B1EB821F0ED1A26A00F42A
:102C5000403106EB5202B1EB024F06D194F82C1032
:102C600000F07060B0EB016F03D0012046E6012058
:102C700044E6002042E600000438024000004742DB
:102C8000800E47420070004010B50446002C02D070
:102C9000607F10B106E0012010BD002020772046A3
:102CA00000F042F8022060772068C168C943C90675
:102CB00031D5CA214162216853204862204601F083
:102CC000A6FDC8B920688168164A11408160206855
:102CD000816862681143D4E904231A431143816077
:102CE0002168E068086120680169228941EA02419F
:102CF0000161204601F0AEFD48B921680A6C22F45A
:102D000080220A6421680A6CA3691A430A64226853
:102D1000FF21516200E000200028BDD10121617730
:102D200010BD0000BFFF8FFF1FB500210091019172
:102D3000029103910068084988420CD1022000905A
:102D4000000203906846FFF7FBFB08B1FDF7C7FEE2
:102D50000249012008601FBD002800403C0E474288
:102D600070B504460B46207F012805D00126267742
:102D70000220607712B108E0022070BD5878C106C9
:102D800003D500F0EF000A305870A2B19878D978D6
:102D900040EA014558781978000240EA413005437D
:102DA0002168CA204862216853204862204601F009
:102DB0002EFD88B117E0D87801F01EFD0204587886
:102DC00001F01AFD42EA0022987801F015FD024355
:102DD000187842EA4035E3E7074805402068456037
:102DE000204601F037FD00B966772268FF21516265
:102DF0000021217770BD00003FFFFF002DE9F04169
:102E000004460D46207F012821D04FF0010884F8A8
:102E10001C80022060770027E2B1206880684006AD
:102E200000D4EF70A878297840EA01466878E978FC
:102E3000000240EA815006432168CA2048622168A6
:102E400053204862204601F0E2FCC8B12BE002208A
:102E5000BDE8F08120688068400600D4EF702878D3
:102E600001F0CAFC0204687801F0C6FC42EA0022C4
:102E7000A87801F0C1FC0243E87842EA8056DBE71B
:102E80000D480640206806602068816821F4802192
:102E90008160D5E903100143206882681143816095
:102EA000204601F0D7FC08B984F81D802268FF2174
:102EB00051622777CCE700007F7F7F0070B5054621
:102EC0000A482968C860FEF783FD04464FF47A7605
:102ED00006E0FEF77DFD001BB04201D9032070BD66
:102EE0002868C0688006F4D5002070BD5F7F0100AF
:102EF00070B50446002C09D0606A002540B12561F8
:102F00006561A56294F8510040B10CE0012070BDEC
:102F10006068B0F5827FF4D0E561F2E784F8505044
:102F2000204600F045F8022084F85100206801682E
:102F300021F040010160A088218900F4827001F431
:102F400004410843A18901F400610843217C01F098
:102F500002010843217D01F001010843218B01F4A6
:102F600000710843217F01F03801084394F82010D4
:102F700001F080010843218D01F4005108432168CC
:102F80000860A069042101EA104094F8241001F0BF
:102F900010010843216848602068C16921F400617C
:102FA000C1616565012084F85100002070BD0000FA
:102FB00010B586B00446142101A8FDF7C3FA1449E0
:102FC0002068884221D100211248026842F48042E0
:102FD0000260006800F4804000900E4810380268DB
:102FE00042F002020260006800F0020000904FF41C
:102FF000604001900220029003910320049005207C
:10300000059001A90448FEF7F3FB06B010BD0000CF
:103010000038004040380240000402402DE9FF4FD4
:1030200081B004460E9E93461F460125FEF7D0FC54
:10303000804694F85100616801280AD0B1F5827F7A
:1030400003D1A16809B9042803D0022005B0BDE866
:10305000F08F0298A0B3BBF1000F32D0380030D00F
:1030600094F8500001282ED04FF0010A84F850A0A7
:1030700094F85100042802D0052084F851004FF044
:103080000009C4F85490C4F838B0E787A7870298BD
:103090002063E786A786C4F84090C4F8449020686F
:1030A0000168490603D4016841F040010160E0680D
:1030B000B0F5006F09D06068F0B3012F4DD082E009
:1030C000FFE70120C2E70220C0E7606808B1012FD6
:1030D0003CD1206B21680088C860206B801C206375
:1030E000E08E401EE08631E02068816889070DD5BA
:1030F000E18E59B1012D09D1216B0988C160206B86
:10310000801C2063E08E401EE086002520688168D8
:10311000C9070BD0E18F49B1C068A16B0880A06BD3
:10312000801CA063E08F401EE0870125FEF750FC65
:10313000A0EB0800B04200E00FE007D3701C05D000
:1031400084F851A084F8509003207FE7E08E002897
:10315000CAD1E08F0028C7D13BE0206B21680078FE
:103160000873206B401C2063E08E401EE0862AE03E
:103170002068816889070DD5E18E59B1012D09D1EB
:10318000216B09780173206B401C2063E08E401E88
:10319000E086002520688168C9070BD0E18F49B11E
:1031A000C068A16B0870A06B401CA063E08F401E3C
:1031B000E0870125FEF70CFCA0EB0800B04201D32C
:1031C000701C12D18EB1E08E0028D1D1E08F002882
:1031D000CED142463146204601F05CFB58B120205A
:1031E000606584F85090012030E784F851A084F89D
:1031F000509003202AE7A06818B92068C168806849
:10320000009084F851A084F85090606D08B10120BE
:103210001CE700201AE770477047000070B590F86F
:103220003C20012A31D0012680F83C60022280F83F
:103230003D2002685468936824F070050C682C43A4
:103240005460134C0268A24214D0B2F1804F11D0E6
:10325000104CA2420ED0104CA2420BD00F4CA242F6
:1032600008D00F4CA24205D00E4CA24202D00E4C08
:10327000A24204D123F080034968194391603C3095
:10328000467000210170002070BD022070BD00005A
:10329000000001400004004000080040000C004015
:1032A00000040140004001400018004010B50446F1
:1032B000002C03D094F83D0010B107E0012010BDB0
:1032C000002084F83C00204600F016F8022084F824
:1032D0003D00211D206801F0EBFB01203D346072B0
:1032E0006070A070E07020716071A071E071207258
:1032F0002070002010BD000008B500680C4A0D4980
:10330000904208D1086840F008000860086800F0A2
:103310000800009008BD084A9042FBD1086840F0C0
:1033200010000860086800F01000009008BD000060
:10333000000C0040403802400010004090F83D1062
:10334000012901D001207047022180F83D1000685A
:103350001349884214D0B0F1804F11D011498842EE
:103360000ED0114988420BD01049884208D010492C
:10337000884205D00F49884202D00F49884209D1BE
:10338000816801F00701062908D0016841F00101B8
:10339000016003E0016841F0010101600020704715
:1033A000000001400004004000080040000C004004
:1033B00000040140004001400018004090F83D101A
:1033C000012901D001207047022180F83D100168D9
:1033D000CA6842F00102CA6000681449884214D0E9
:1033E000B0F1804F11D0124988420ED01149884265
:1033F0000BD01149884208D01049884205D01049A5
:10340000884202D00F49884209D1816801F0070142
:10341000062908D0016841F00101016003E001685C
:1034200041F00101016000207047000000000140F0
:103430000004004000080040000C0040000401406F
:10344000004001400018004070B50446002594F883
:103450003C00012817D0012684F83C60022084F843
:103460003D002068826822F0770222F47F42826069
:103470000868502838D00DDC202853D005DC90B3E4
:10348000102811D14EE0022070BD30284AD04028CB
:103490000AD13DE0602831D070280CD0B0F5805FB3
:1034A00003D0B0F5005F12D001253C3466700020D7
:1034B0002070284670BDCB68D1E90121206801F059
:1034C00072FB2068816841F077018160EDE7CB688D
:1034D000D1E90121206801F066FB2068816841F490
:1034E00080418160E1E71DE0CA684968206801F019
:1034F0003DFC5021206801F060FBD6E7CA684968AE
:10350000206801F044FC6021206801F056FBCCE704
:10351000CA684968206801F029FC4021206801F050
:103520004CFBC2E722680146104601F046FBBCE7AF
:1035300070472DE9F04104462068C56806694FF0E0
:103540000007B10714D5A90712D5F91E01610120A2
:10355000207720688069800703D02046FFF7E8FFC6
:1035600005E0204600F0BCF8204600F04CF9277733
:10357000700717D5680715D521686FF0040008613A
:10358000022020772068806910F4407F03D0204615
:10359000FFF7CEFF05E0204600F0A2F8204600F03D
:1035A00032F92777300716D5280714D521686FF030
:1035B00008000861042020772068C069800703D0D4
:1035C0002046FFF7B5FF05E0204600F089F82046C9
:1035D00000F019F92777F00617D5E80615D5216808
:1035E0006FF010000861082020772068C06910F48F
:1035F000407F03D02046FFF79BFF05E0204600F008
:103600006FF8204600F0FFF82777F00708D0E807AA
:1036100006D021686FF001000861204600F062F9D1
:10362000300608D5280606D521686FF080000861AD
:103630002046FFF7F0FD700608D5680606D521681C
:103640006FF040000861204600F056F9B0060AD538
:10365000A80608D521686FF0200008612046BDE863
:10366000F041FFF7D9BDBDE8F081000010B586B08C
:103670000446142101A8FCF765FF1549206888421B
:1036800024D11448016841F080010160006800F015
:10369000800000904FF4E050019002200290012140
:1036A00003910490059001A90B48FEF7A1F80B487F
:1036B000FFF744FE0021094800F0A6F8042107485E
:1036C00000F0A2F80821054800F09EF806B010BDF1
:1036D000000C004030380240001C02405809002015
:1036E000704770B504460D46002694F83C0001284A
:1036F0000FD0012084F83C006AB1042A1FD0082AA8
:1037000032D00C2A44D00126002084F83C003046F8
:1037100070BD022070BD2946206801F057FA20686C
:10372000816941F0080181612068816921F004010B
:103730008161206881692A6911438161E4E7294632
:10374000206801F077FA2068816941F400618161A5
:103750002068816921F480618161206881692A691A
:1037600041EA02218161CFE72946206801F09CFAF5
:103770002068C16941F00801C1612068C16921F078
:103780000401C1612068C1692A691143C161BBE7B5
:103790002946206801F0C0FA2068C16941F400613F
:1037A000C1612068C16921F48061C1612068C1697B
:1037B0002A6941EA0221C161A6E710B50446002C3E
:1037C00003D094F83D0010B107E0012010BD0020A7
:1037D00084F83C00204600F015F8022084F83D00F3
:1037E000211D206801F064F901203D346072607091
:1037F000A070E07020716071A071E0712072207083
:10380000002010BD7047704710B50446002909D04C
:1038100004290AD008290BD094F8410001280AD0C5
:10382000012010BD94F83E00F8E794F83F00F5E75A
:1038300094F84000F2E70220A9B3042937D0082900
:1038400038D084F841000122206801F09FF91E4918
:1038500020681E4A884201D0904203D1436C43F451
:10386000004343642068884213D0B0F1804F10D0E9
:10387000174988420DD0174988420AD01649884214
:1038800007D0904205D01549884202D01449884299
:1038900013D1816801F00701062912D0016841F0B7
:1038A000010101600DE0FFE784F83E00CBE784F8FA
:1038B0003F00C8E784F84000C5E7016841F0010116
:1038C0000160002010BD0000000001400004014024
:1038D0000004004000080040000C0040004001408F
:1038E0000018004000680349884201D1FEF776B80D
:1038F0007047000000000140704738B5044694F856
:103900004200202801D0022038BD51B14AB1012027
:10391000206300206063204601F0FAFB014611B1EC
:1039200005E0012038BD206B012802D001210846A6
:1039300038BD206802684068009020680C3050E86C
:10394000002F42F0100240E80023002BF5D1EEE7F3
:1039500010B500680A49884210D10A480178FC294C
:1039600005D190F83700FD2801D100F0E7FDBDE852
:103970001040382203490448FFF7BFBF10BD0000C4
:103980000010014090A50020E809002070470000C9
:10399000F8B5044622681068D168536900F00F0634
:1039A000002E08D1850606D58D0604D52046BDE833
:1039B000F84001F0BFBA0025002E66D003F00106E2
:1039C00001F49077374360D0C20705D0CA0503D50C
:1039D000626C42F001026264420705D5DA0703D047
:1039E000626C42F002026264820705D5DA0703D0F6
:1039F000626C42F004026264020707D501F0200203
:103A0000324303D0626C42F008026264626C002AA6
:103A100031D0800604D5880602D5204601F08AFA06
:103A200020684069C0F38010616C090700D438B386
:103A3000204601F03DFA2068406940061CD5206808
:103A4000143050E8001F21F0400140E80012002A25
:103A5000F5D1E06B60B159490165E06BFDF70BFDF5
:103A6000002808D0E06B016D01B0BDE8F0400847C8
:103A70002046FFF78BFFF8BD2046FFF787FFF8BD14
:103A80002046FFF783FF6564F8BD236B012B7DD1D2
:103A9000C3067BD5CB067FD510685068009050696F
:103AA0004FF0200340064FF0020644D5E16B086852
:103AB000406880B20028E7D0A28D8242E4D9E08538
:103AC000C869B0F5807F2DD020680C3050E8001F09
:103AD00021F4807140E80012002AF5D120681430EA
:103AE00050E8001F21F0010140E80012002AF5D142
:103AF0002068143050E8001F21F0400140E8001217
:103B0000002AF5D184F84230256320680C3050E853
:103B1000001F21F0100140E80012002AF5D1E06BEF
:103B2000FDF762FC6663A08DE18D401A81B22046EC
:103B3000FFF70EFFF8BDA08DE18D401A81B2E08D38
:103B40000028F7D00029F5D020680C3050E8002F6D
:103B500022F4907240E80027002FF5D1206814303D
:103B600050E8002F22F0010240E80027002FF5D195
:103B700084F84230256320680C3050E8002F22F092
:103B8000100240E80023002BF5D100E004E066635A
:103B90002046FFF7DDFEF8BD020606D50A0604D56D
:103BA0002046BDE8F84001F0FDBA4006F3D54806CE
:103BB000F1D52046BDE8F84001F0A1B9B34D0008A9
:103BC00070B50446002C04D094F84100002510B1D3
:103BD00006E0012070BD84F84050204600F024F833
:103BE000242084F841002068C16821F40051C1609C
:103BF000204601F003FA2068016921F49041016137
:103C00002068416921F02A0141612068C16841F4BE
:103C10000051C1606564202084F8410084F84200AE
:103C20006563002070BD00002DE9F04F87B00446A9
:103C3000142102A8FCF786FC8648854B14382268BC
:103C400084490225002706154FF003094FF0070BA2
:103C50004FF0006A4FF400389A4261D10A6842F08E
:103C600010020A60096801F010010191016841F039
:103C700002010160016801F002010191016841F057
:103C800001010160006800F00100019080200290B5
:103C900003950497CDF81490CDF818B002A96E489A
:103CA000FDF7A6FD2802029003950497CDF8149025
:103CB000CDF818B002A96948FDF79AFD694D68482A
:103CC0002860C5F804A0AF60EF602E616F61AF613E
:103CD000EF61C5F820806F622846FDF7C7FC08B188
:103CE000FCF7FDFEE563AC635D485E4D303060354A
:103CF0002860C5F804A04020A860EF602E616F61C5
:103D0000AF61EF61C5F820806F622846FDF7AEFC19
:103D100008B1FCF7E4FEA563AC6307B0BDE8F08F23
:103D2000514B9A4237D14B49091F0A6842F480220D
:103D30000A60096801F480210191016841F00401E1
:103D40000160006800F0040001904FF440600290B0
:103D500003950497CDF81490CDF818B002A9434804
:103D6000FDF746FD3F4D4248C0352860C5F804A028
:103D7000AF60EF602E616F61AF61EF614FF4403073
:103D800028626F622846FDF771FC08B1FCF7A7FEB8
:103D9000E563AC63C1E7374B9A42BED10A6842F093
:103DA00020020A60096801F020010191016841F0D8
:103DB00040010160006800F0400001904FF4844031
:103DC000029003950497CDF814900820069002A95C
:103DD0002948FDF70DFD2248284D603828604FF036
:103DE0002069C5F80490AF60EF602E616F61AF612C
:103DF0008015E861C5F820806F622846FDF736FC23
:103E000008B1FCF76CFEE563AC6315481B4D183038
:103E100060352860C5F804904020A860EF602E61EE
:103E20006F61AF61EF61C5F820806F622846FDF7D2
:103E30001DFC08B1FCF753FEA563AC63002205210D
:103E40004720FDF75DFE4720FDF74CFE65E70000CB
:103E500000100140443802400004024000000240CB
:103E600088640240C00A0020004800400008024068
:103E7000286002400014014000180240E00B0020BE
:103E8000704770477047FEE7F0B40023002A18D946
:103E90000A24302537269C46B4EB107F04D905EB65
:103EA000107701F8137003E006EB107701F8137038
:103EB000000101EB430787F801C05B1CDBB29342B2
:103EC000EAD3F0BC70473EB50446002C18D0002061
:103ED000029060684169A26891434161FF200090AF
:103EE000012301AA02A92068FFF798F8BDF8040091
:103EF000A08160684169A26811434161A0893EBD0B
:103F000005203EBD01604260836000218181C18146
:103F1000704700000148FFF7D6BF000070A50020E1
:103F20004FF48053024A03490348FFF7EBBF0000F8
:103F3000000402400009002070A5002010B50F48C1
:103F40000D4901600321416000218160C1604FF48F
:103F5000102202614FF400124261017641768176AF
:103F6000C17601774177FDF76DF8002803D0BDE8F1
:103F70001040FCF7B4BD10BD006400409008002064
:103F800010B50F480D490160032141600021816097
:103F9000C1604FF4102202614FF4001242610176B9
:103FA00041768176C17601774177FDF74BF800289D
:103FB00003D0BDE81040FCF792BD10BD0068004082
:103FC000B808002008B51D48016841F4800101606F
:103FD000016801F480010091016841F40011016061
:103FE000006800F400100090002205210C20FDF76D
:103FF00087FD0C20FDF776FD002205213920FDF715
:104000007FFD3920FDF76EFD002205214420FDF7DC
:1040100077FD4420FDF766FD002205214520FDF7D0
:104020006FFD4520FDF75EFD002205214620FDF7CE
:1040300067FDBDE808404620FDF754BD303802401A
:1040400010B5B8B000222421202005F001F9334C2E
:10405000206000222421402005F0FAF86060002250
:104060002421202005F0F4F8A0601C222C4931A85E
:10407000FCF736FA002131A804F0BDF8A0621C223A
:1040800027491C312AA8FCF72BFA00212AA804F0A2
:10409000B2F8E0601C222249383123A8FCF720FA4C
:1040A000002123A804F0A7F820611C221C495431E8
:1040B0001CA8FCF715FA00211CA804F09CF860610C
:1040C0001C221749703115A8FCF70AFA002115A81F
:1040D00004F091F8E0611C2211498C310EA8FCF724
:1040E000FFF900210EA804F086F8A0611C220C49FB
:1040F000A83107A8FCF7F4F9002107A804F07BF821
:1041000020621C220649C4316846FCF7E9F9002107
:10411000684604F070F8606238B010BD00000020FE
:10412000F0A800082DE9F04387B0142102A8FCF79D
:1041300009FA00244248016841F002010160016867
:1041400001F002010191016841F040010160016844
:1041500001F040010191016841F001010160016835
:1041600001F001010191016841F00801016001685D
:1041700001F008010191016841F00401016001684A
:1041800001F004010191016841F48071016001684E
:1041900001F480710191016841F020010160016822
:1041A00001F020010191016841F080010160006887
:1041B00000F080000190234F002280213846FDF757
:1041C000FFFBDFF88480002203214046FDF7F8FB67
:1041D000DFF87890BE14002231464846FDF7F0FB28
:1041E00080200290012503950494059402A9384685
:1041F000FDF7FEFA0320029003950494059402A9AA
:104200004046FDF7F5FA02954FF40410039004952B
:1042100002A90F48FDF7ECFA029603950494059461
:1042200002A94846FDF7E4FA062100220846FDF7F8
:1042300067FC0620FDF756FC07B0BDE8F0830000E0
:1042400030380240002002400014024000040240C6
:104250000018024010B586B0142101A8FCF772F9CD
:10426000002400941A4819490160446003218160C8
:104270000721C160046144618461FEF705FD08B156
:10428000FCF72DFC8DF804408DF805408DF80640B4
:1042900004940594012201A90D48FEF7AFFD08B171
:1042A000FCF71DFC01208DF800008DF801008DF851
:1042B00002008DF80340012269460548FEF750FDD3
:1042C000002801D0FCF70BFC06B010BD0028004010
:1042D000E008002010B511480F4901604FF48271C9
:1042E0004160002181604FF40062C26002220261DD
:1042F00001224261520282613822C261016241623E
:1043000081620A21C162FEF7F3FD002803D0BDE8F7
:104310001040FCF7E4BB10BD00380040000900204D
:1043200010B58EB000240A940B940C940D9408944C
:1043300009941C2101A8FCF705F9264824490160CD
:10434000446084604FF6FF71C16004618461FEF7D0
:10435000ADFF08B1FCF7C3FB4FF480500A900AA9E7
:104360001C48FFF771F808B1FCF7B9FB1948FFF7D3
:1043700024FA08B1FCF7B3FB0894099408A915487E
:10438000FEF74CFF08B1FCF7AAFB602001900294F5
:1043900003940594002201A90E48FFF7A2F908B181
:1043A000FCF79DFB042201A90A48FFF79AF908B11E
:1043B000FCF795FB082201A90648FFF792F908B11E
:1043C000FCF78DFB0348FFF751F90EB010BD00005C
:1043D000000C0040580900201CB5002400940194F2
:1043E0000E480D4901605321416084604FF6FF7112
:1043F000C16080218161FEF759FF08B1FCF76FFBB6
:104400000094019469460548FEF708FF002801D092
:10441000FCF765FB1CBD000000100040A009002057
:1044200010B50C480A4901604FF4E13141600021A8
:104430008160C16001610C2242618161C161FFF74D
:10444000BFFB002803D0BDE81040FCF748BB10BDFF
:1044500000100140E809002010B50D480B4901602B
:104460000C494160002181604FF40052C260D210BB
:1044700002610C2242618161C161FFF7A1FB00284A
:1044800003D0BDE81040FCF72ABB10BD0048004037
:10449000300A0020A086010010B50C480A490160CE
:1044A0004FF4E131416000218160C16001610C2263
:1044B00042618161C161FFF783FB002803D0BDE841
:1044C0001040FCF70CBB10BD00140140780A00201E
:1044D00010B500220F49104801F0D6FB08B1FCF7D7
:1044E000FEFA0E490C4801F026FE08B1FCF7F7FA77
:1044F0000B49094801F084F808B1FCF7F0FA0648C6
:1045000001F0EEFE002803D0BDE81040FCF7E7BA4A
:1045100010BD000030000020E80C0020FC0000204E
:1045200080000020FEE70000382202490248FFF721
:10453000E4B9000090A50020E809002070B5374CD0
:104540006078412868D1A078302865D114F80A3FF6
:1045500014F8012C14F8021C14F8030CFCF7EEF903
:104560002E4D383585ED000A2379E278A178607800
:10457000FCF7E4F985ED010A237AE279A179607903
:10458000FCF7DCF985ED020A237BE27AA17A607AF6
:10459000FCF7D4F985ED030A237CE27BA17B607BE9
:1045A000FCF7CCF985ED040A237DE27CA17C607CDC
:1045B000FCF7C4F985ED050A237EE27DA17D607DCF
:1045C000FCF7BCF985ED060A237FE27EA17E607EC2
:1045D000FCF7B4F985ED070A94F82030E27FA17F5B
:1045E000607FFCF7ABF985ED080A94F8243094F865
:1045F000232094F8221094F82100FCF79FF985ED10
:10460000090A94F8283094F8272094F8261094F892
:10461000250004F0D2FAA86270BD000090A5002029
:10462000FEE700000148FDF7E0BB0000E4230020A6
:1046300070B504462068056C00EB4110D0F8081BEB
:104640000C4EB54205D9090403D54FF40041C0F81A
:10465000081B2046FDF734FFB54208D9A079012890
:1046600005D104F29C420121206802F0CFF900201C
:1046700070BD00000A30544F2DE9F04105460C464C
:104680002E68306C06EB4411D1F8083B95F8068093
:104690004FF400474FF0200C05F29C42B8F1010F97
:1046A00008D0DFF8B080404545D118043AD5C1F8AC
:1046B000087B4CE0284E5FEA037806D5B04246D925
:1046C000180444D5C1F8087B41E05FEA836802D54D
:1046D000C1F808CB3BE013F0280F38D1B04204D921
:1046E000180402D5C1F8087B31E004EBC40005EBE7
:1046F000800000F51570D1F8101B036AC1F3120198
:10470000591A416124B903693BB1C2681144C160BF
:10471000E1B22846FDF759FA19E00121286802F0B4
:1047200075F9F5E7980601D5C1F808CBE1B228463E
:10473000FDF74BFA0BE034B9D5F8640218B9002143
:10474000304602F063F9E1B22846FDF73EFA002058
:10475000BDE8F0810A31544F0A30544F2DE9F84F2B
:1047600080460E46D8F8007006EBC60008EB8004C1
:104770001434D4E90410884202D90120BDE8F88F2E
:10478000081AA168814200D20846C01C4FEA900A6C
:1047900007EB461916E0151AA268AA4200D2154680
:1047A000E81C4FEA900A98F806000090ABB2F2B20B
:1047B0003846E16802F090FCE0682844E0606069F7
:1047C00028446061D9F8180980B2504505D3D4E96E
:1047D0000420904201D2002ADDD1D4E904018842AC
:1047E00008D806F00F0101208840D7F8341881431B
:1047F000C7F834180020C1E7002102E0491C0A383C
:10480000C0B20A28FAD2090740EA116070472DE9C0
:10481000F041044600252068C168490617D4C168E4
:1048200041F08001C160FDF7D3F806464FF47A7875
:10483000042706E0FDF7CCF8801B404501D96777D7
:1048400001252068C068400601D4012DF2D1284618
:10485000BDE8F08170B5044600252068C16821F0EC
:104860008001C16020688068800606D42046FEF77B
:1048700025FB10B1042060770125284670BD08B5DE
:1048800004F0E0FF0090FFF745FB0A21684604F0C2
:10489000FDFAF8E77CB504460E461546334601227C
:1048A00002212046009500F033F828B1606D40F0F9
:1048B0002000606503207CBD134814490068B0FBEC
:1048C000F1F04FF47A71484301906068B0F5827F4F
:1048D0000DD13346002280212046009500F018F8C3
:1048E00078B1606D40F02000606503207CBD0198C8
:1048F00038B10198401E019020688068C0430006CE
:10490000F5D500207CBD00009400002000366E012B
:104910002DE9F84304460F4691461E46089DFDF7D3
:1049200057F8401B351AFDF753F8804626480068B3
:10493000C0F3CB30684300903AE0701C38D0FDF7EC
:1049400047F8A0EB0800A84203D215B1009858B36D
:104950002BE02068416821F0E00141606068B0F51B
:10496000827F0BD1A068B0F5004F02D0B0F5806F08
:1049700004D12068016821F040010160A06AB0F50F
:10498000005F09D12068016821F4005101602068AE
:10499000016841F400510160012050346070002032
:1049A00020700320BDE8F88300250098401E009089
:1049B0002068806837EA000004D000204845BCD158
:1049C0000020EFE70120F9E79400002010B5502007
:1049D00080F31188BFF34F8FBFF36F8F04F038FF60
:1049E00018B104494FF080500860002080F311880E
:1049F00010BD000004ED00E030B593B0302107A8F1
:104A0000FBF7A0FD142102A8FBF79CFD00251F4821
:104A1000016841F080510160006800F08050019011
:104A20001B48016841F480410160006800F4804047
:104A30000190092007904FF48030089001200C90DD
:104A400002240D9480050E9006200F90A82010904F
:104A500011940720129007A8FDF736FF08B1FCF764
:104A60003EF80F200290039404954FF4A050059057
:104A70004FF480500690052102A8FDF705FE00289E
:104A800001D0FCF72CF813B030BD000040380240D4
:104A9000007000400248016841F4700101607047F5
:104AA00088ED00E00148FEF744BD0000A00C0020A6
:104AB0002DE9F04102682A4D2A4E2B4FDFF8ACC099
:104AC0002B4B4FF08048A84209D0404507D0B04258
:104AD00005D0B84203D0604501D0984203D122F0FE
:104AE00070044A682243A8421BD0404519D0B04206
:104AF00017D0B84215D0604513D0984211D01D4C44
:104B0000A0420ED01C4CA0420BD01C4CA04208D09E
:104B10001B4CA04205D01B4CA04202D01A4CA04214
:104B200003D122F44074CA6822434C6922F0800207
:104B3000224302608A68C2620A688262A84201D087
:104B4000984201D109690163012141610169C907E5
:104B500003D0016921F001010161BDE8F08100008D
:104B6000000001400004004000080040000C00402C
:104B70000004014000400140004401400048014061
:104B800000180040001C00400020004010B501F05B
:104B90001F0101238B40046A9C430462036A8A401C
:104BA0001343036210BD10B5846824F47F4442EAC5
:104BB00003220A432243826010BD826822F0700201
:104BC0000A4342F00701816070470000F0B5056AB2
:104BD000026A22F0010202624368826922F07002D6
:104BE00022F003020C68144325F002058A682A4368
:104BF0000E4E0F4FB04201D0B84205D122F0080549
:104C0000CA682A4322F00402B04201D0B84207D158
:104C100023F4807323F400734D691D438B692B4388
:104C200043608461496841630262F0BD0000014055
:104C300000040140F0B5026A036A23F01003036226
:104C40004368846924F4E04424F440740D6844EA21
:104C5000052422F020028D6842EA0512104D114E03
:104C6000A84201D0B04206D122F08002CF6842EAC9
:104C7000071222F04002A84201D0B04209D123F429
:104C8000806323F400634D6943EA85038D6943EA39
:104C9000850343608461496881630262F0BD00005E
:104CA0000000014000040140F0B5026A036A23F4E9
:104CB000807303624368C46924F0700424F0030520
:104CC0000C682C4322F400728D6842EA0522104DD4
:104CD000104EA84201D0B04206D122F40062CF6843
:104CE00042EA072222F48062A84201D0B04209D1F0
:104CF00023F4805323F400534D6943EA05138D696F
:104D000043EA05134360C4614968C1630262F0BDB0
:104D1000000001400004014030B5036A026A22F439
:104D2000805202624268C46924F4E04424F440746E
:104D30000D6844EA052423F400538D6843EA0533E3
:104D4000084DA84202D0084DA84204D122F4804266
:104D50004D6942EA85124260C46149680164036298
:104D600030BD0000000001400004014010B5036A9E
:104D7000046A24F001040462846924F0F00444EA23
:104D8000021423F00A020A438461026210BD10B5C6
:104D9000036A046A24F010040462846924F47044F1
:104DA00044EA023223F0A00343EA01118261016266
:104DB00010BD10B5806B0021C185C184FEF7E6FDF2
:104DC00010BD70B5846B20684069C0F3C01094F8C2
:104DD00041100025212904D118B1E584204600F0B6
:104DE0009BF820684069C0F3801094F84210222993
:104DF00004D118B1E585204600F05AF8606C40F007
:104E0000100060642046FEF7C1FD70BD10B501467C
:104E1000886B096809684FF00003C9052ED4C38563
:104E200001680C3151E8002F22F4807241E800241F
:104E3000002CF5D10168143151E8002F22F0010255
:104E400041E80024002CF5D10168143151E8002F0D
:104E500022F0400241E80024002CF5D1202180F806
:104E60004210016B012909D101680C3151E8002F72
:104E700022F0100241E80024002CF5D14363016BBD
:104E8000012902D0FEF7FCFF10BD818DFEF760FD09
:104E900010BD10B5806B01214163016B012902D067
:104EA000FEF7EFFF10BD818D4908FEF751FD10BDE3
:104EB00001680C3151E8002F22F4907241E8002380
:104EC000002BF5D10168143151E8002F22F00102C6
:104ED00041E80023002BF5D1016B012909D10168BC
:104EE0000C3151E8002F22F0100241E80023002B82
:104EF000F5D1202180F8421000210163704710B5E0
:104F00000168CA6822F04002CA60202180F841107E
:104F1000FEF7B8FF002010BD01680C3151E8002FEA
:104F200022F0C00241E80023002BF5D1202180F8B7
:104F30004110704708B590F84210222901D0022094
:104F400008BD82684FF480539A4201D1016921B1B2
:104F5000816A9A421DD052B10BE0816A02685268A0
:104F6000C2F308020A80816A891C816209E0026931
:104F70007AB10268526802F07F020A70816A491CA5
:104F80008162C18D491E0904090CC18505D000202C
:104F900008BD026852680A70F0E70168CA6822F02A
:104FA0002002CA600168CA6822F48072CA6001687F
:104FB0004A6922F001024A61202180F84210002152
:104FC0004163026B012A03D0FEF75AFF002008BD9F
:104FD000016301680C3151E8002F22F0100241E812
:104FE0000023002BF5D101680A68D20602D50A68B1
:104FF00049680091818DFEF7ABFCE7E72DE9F041B0
:10500000044620680169E26821F4405111430161BE
:10501000A1682069E2690143606910430143206887
:10502000C26849F20C639A430A43C260206841692E
:10503000A26921F4407111434161334920688842DB
:1050400002D03249884202D1FDF7F8FB01E0FDF7BA
:10505000E5FBE1690023192764253226B1F5004FED
:1050600028D061688B0F8A00A0FB0701FBF77CF951
:105070000146B0FBF5F07A42504301EB800006EBAD
:105080000010B0FBF5F000F0F002B1FBF5F002EB20
:105090000012B1FBF5F07B42584301EB800006EBB8
:1050A0000010B0FBF5F0216800F00F00104488609C
:1050B000BDE8F08161684A18A0FB07015B41FBF77E
:1050C00053F90146B0FBF5F00201B1FBF5F06FF0CA
:1050D0001803584301EB800006EBC000B0FBF5F06D
:1050E00000F0F80002EB4002B1FBF5F0584301EB91
:1050F000800006EBC000B0FBF5F0216800F007006F
:1051000010448860D4E70000001001400014014002
:1051100037B582B004461346039AA262A3850020E5
:105120006064222184F84210E56B1B49E963E56B5A
:105130001A492964E56B1A49E964E16B086521683D
:10514000E06B091DFCF7FCFA2068016840680190DB
:10515000206948B120680C3050E8001F41F480718C
:1051600040E80012002AF5D12068143050E8001FF2
:1051700041F0010140E80012002AF5D12068143006
:1051800050E8001F41F0400140E80012002AF5D12C
:1051900005B0002030BD00000D4E0008934E000801
:1051A000C34D000890F84110212901D0022070471A
:1051B0008168B1F5805F01D1016961B1016A4A1C62
:1051C0000262026809785160C18C491E0904090C09
:1051D000C1840AD013E0016A02680988C1F308019A
:1051E0005160016A891C0162EEE70168CA6822F019
:1051F0008002CA600068C16841F04001C1600020BF
:10520000704700000148FEF7C3BB0000780A002089
:1052100070B5D0F8C822D0F8D43200EB8303D3F8AD
:10522000C032002B28D001F00F0C0CEB8C0400EBEB
:1052300084050026AC6954B10CEBCC0C02EB8C025B
:10524000D2F81CC0B4FBFCF20CFB1242B2B1C3F8A2
:105250001462D0F8D42200EB8200D0F8C402D0F857
:1052600010C0BCF1000F05D00A4603F50471D3F855
:105270000802E047002070BD032070BDAE6100232E
:105280001A4600F036FFF5E770B50446D4F8D402AC
:1052900004EB8000D0F8C052002D12D0204600F060
:1052A00001FEC5F80C02D4F8D412D5F8040204EBC0
:1052B0008101D1F8C412CA6805F503719047002036
:1052C00070BD032070BD000070B50446224D20461D
:1052D000297800F0F6FC2878002600F00F0000EB9B
:1052E000800004EB800086846978204600F0E9FCA9
:1052F000687800F00F0000EB800004EB8000A0F85D
:105300006461A978204600F0DCFCA87800F00F006A
:1053100000EB800004EB80008684C684D4F8D402BD
:1053200004EB8000D0F8C01299B1D0F8C4024068F4
:105330008047D4F8D40204EB8000D0F8C00201F01A
:105340006AF9D4F8D40204EB8000C0F8C062C4F853
:10535000BC62002070BD0000A800002010B5D0F88D
:10536000D41200EB8100D0F8C042002C10D0D0F84D
:10537000C41259B194F80002FF2807D08B6894F842
:10538000012221469847FF2084F80002002010BD2A
:10539000032010BD0A21018000487047AC000020A6
:1053A00070B5064682210C4800F0E4FB0546012159
:1053B000094800F0DFFB04468121074800F0DAFBD2
:1053C0000DB11021A971402104B1A18000B18180EB
:1053D00043203080004870BDB800002070B50646FC
:1053E00082210D4800F0C6FB054601210A4800F065
:1053F000C1FB04468121084800F0BCFB0DB110211F
:10540000A9714FF4007104B1A18000B181804320E3
:105410003080014870BD0000B800002070B506461D
:1054200082210C4800F0A6FB05460121094800F046
:10543000A1FB04468121074800F09CFB0DB110211F
:10544000A971402104B1A18000B181804320308046
:10545000004870BDB80000202DE9F04704464FF425
:10546000077001F0D9F805464FF00008002D63D011
:105470004FF407712846FBF765F8D4F8D40204EB23
:105480008000C0F8C052C4F8BC52207C0127494EAD
:105490004FF01009002858D04023022231782046CE
:1054A00000F06EFD307800F00F0000EB800004EBA0
:1054B00080008784402302227178204600F060FD3E
:1054C000707800F00F0000EB800004EB8000A0F883
:1054D0006471B07800F00F0000EB800004EB8000F6
:1054E000A0F8269008230322B178204600F048FD5A
:1054F000B07800F00F0000EB800004EB80008784A0
:10550000C5F80482D4F8D40204EB8000D0F8C402B9
:1055100000688047C5F81482C5F81882D5F80422BF
:10552000002A3CD0207CC8B340237178204600F08C
:1055300033FD0020BDE8F087D4F8D40204EB8000EE
:10554000C0F8C0820220BDE8F0874FF40073022249
:105550003178204600F014FD307800F00F0000EBA9
:10556000800004EB800087844FF40073022271787E
:10557000204600F005FD707800F00F0000EB800081
:1055800004EB8000A0F86471B07800F00F0000EB2D
:10559000800004EB8000A0F82690A3E702E0022040
:1055A000BDE8F0874FF400737178204600F0F4FCFA
:1055B000BFE70000A800002010B5D0F8D41200EB1F
:1055C0008101D1F8C01200290CD0027CDFF82CC078
:1055D00052B1D1F8042240239CF8011000F0DCFC09
:1055E000002010BD032010BDD1F804224FF4007339
:1055F0009CF8011000F0D0FCF2E70000A8000020A9
:10560000002907D0D0F8D42200EB8200C0F8C412E1
:105610000020704703207047D0F8D42200EB8200AE
:10562000D0F8C002002803D0C0F804120020704750
:1056300003207047D0F8D43200EB8300D0F8C002CA
:10564000002805D0C0F80812C0F8102200207047CA
:1056500003207047F0B583B006460C46D6F8D40256
:1056600006EB8000D0F8C072002102910191002564
:10567000002F0DD0217811F060023BD0202A0AD0F3
:105680002146304600F0C9F8032503B02846F0BD96
:1056900003B00320F0BDE28812B311F0800F10D0E8
:1056A000D0F8C40294F801C0394683686046984730
:1056B000E288072A00D907223946304600F0D3F89D
:1056C000E3E7607887F80002E088402800D34020B4
:1056D000C2B287F801223946304600F0AAF8D4E772
:1056E000D0F8C40294F801C00022836821466046C5
:1056F0009847CAE7607858B10128C6D00A2817D061
:105700000B2825D02146304600F087F80325BCE75A
:1057100096F89C02032805D02146304600F07DF81B
:105720000325B2E7022201A9304600F09CF8ACE75D
:1057300096F89C02032805D02146304600F06DF80B
:105740000325A2E7012202A9304600F08CF89CE76D
:1057500096F89C02032898D02146304600F05DF868
:10576000032592E710B5D0F8D41200EB8101D1F8EF
:10577000C0220121002A03D0D2F8143213B117E05D
:10578000032010BD0121C2F814120A49D2F810C238
:10579000097801F00F0303EB830300EB8303C3F8E5
:1057A00018C0D2F81032D2F8082200F0A2FC002172
:1057B000084610BDA800002010B50024D0F8B8227B
:1057C0005268904700B10324204610BD90F89C22F7
:1057D000012A05D0022A03D0032A01D000F01DB807
:1057E0004988012904D10021C0F8A41200F048B86A
:1057F0007047002070470020704710B513460A46D6
:10580000002100F0C9FB002010BD10B513460A4668
:10581000002100F06EFC002010BD10B50446802170
:10582000204600F047FC2046BDE81040002100F073
:1058300041BC10B50323C0F89432C0F85821C0F819
:105840005C2113460A46002100F0A6FB002010BD93
:1058500010B50521C0F8941200231A46194600F02D
:105860009BFB002010BD10B50223C0F8943282616A
:10587000C26113460A46002100F03BFC002010BD27
:1058800010B50421C0F8941200231A46194600F0FE
:1058900030FC002010BD000010B5002806D00A46DC
:1058A000054906A000F0B2F9034810BD0A460249B6
:1058B00002A000F0ABF9F7E7C40F002043444320F7
:1058C000436F6E66696700001220088000487047C9
:1058D0005000002010B5002806D00A46054906A051
:1058E00000F094F9034810BD0A46024902A000F0F6
:1058F0008DF9F7E7C40F002043444320496E7465D7
:1059000072666163650000000420088000487047EB
:105910004C00002010B50A46024903A000F076F9B9
:10592000004810BDC40F002053544D6963726F6569
:105930006C656374726F6E696373000010B5002844
:1059400006D00A46054906A000F060F9034810BDDC
:105950000A46024902A000F059F9F7E7C40F0020F7
:1059600053544D3332205669727475616C20436F05
:105970006D506F727400000010B51A200880FBF79C
:10598000B1F8014810BD000064000020CA88012A57
:1059900001D0FFF742BF90F89C22012A05D0022ACD
:1059A00003D0032A08D0FFF738BF0021816001220D
:1059B00000F10801FFF757BF0122011DFFF753BF98
:1059C0002DE9F84304460F460020009000260025EC
:1059D0007888010A082970D2DFE801F0AB040C22B4
:1059E000ABAB8B9AD4F8B412207C0A686946904716
:1059F0000646A3E0207C4FF0020840B1D4F8B8027C
:105A0000C16A68468847064686F8018096E0D4F861
:105A1000B802816A68468847064686F801808DE0AC
:105A2000C0B206285FD2DFE800F0031221303F4FFA
:105A3000D4F8B402426822B1207C694690470646F9
:105A40007CE039462046FFF7E8FE012576E0D4F8F1
:105A5000B402826822B1207C6946904706466DE018
:105A600039462046FFF7D9FE012567E0D4F8B40295
:105A7000C26822B1207C6946904706465EE03946FE
:105A80002046FFF7CAFE012558E0D4F8B4020269A7
:105A900022B1207C6946904706464FE039462046B1
:105AA000FFF7BBFE012549E0D4F8B40242692AB1F0
:105AB000207C69469047064640E03AE03946204659
:105AC000FFF7ABFE012539E0D4F8B402826922B1B8
:105AD000207C69469047064630E039462046FFF76D
:105AE0009CFE01252AE039462046FFF796FE012557
:105AF00024E0207C28B139462046FFF78EFE0125A0
:105B00001CE0D4F8B802416B68468847064615E0A9
:105B1000207C28B139462046FFF77FFE01250DE0A5
:105B2000D4F8B802016B68468847064607217170B1
:105B300004E039462046FFF770FE0125002D0CD108
:105B4000FA8892B1BDF8000048B1824200D90246FD
:105B5000009231462046FFF786FEBDE8F8833946BD
:105B60002046FFF75AFEBDE8F8832046FFF788FE7F
:105B7000BDE8F88378B50E46054600246A88297882
:105B800028468A4212D900918A420FD9694600F00C
:105B90001BF84178052904D10446A178B14205D00B
:105BA00000246988BDF800209142EFD8204678BDD6
:105BB00000210278002A05D0491CC9B2401C027895
:105BC000002AF9D1084670470A8803781A440A80E7
:105BD00001780844704790F89C22012A05D0022AD7
:105BE00003D0032A01D0FFF718BECA88022A01D0C9
:105BF000FFF713BE0121C160D0F8A41209B103213F
:105C0000C160022200F10C01FFF72DBE70B50D46F8
:105C10001646002825D004462046FFF7C9FF02217A
:105C200001EB4000B0F5007F01D9080204E02046F6
:105C3000FFF7BEFF4000801C3080307828700320C2
:105C400068700220217800290BD0002122782A5484
:105C5000641C401CC0B22954401CC0B22278002AE7
:105C6000F4D170BD01460020002906D0012905D0DD
:105C7000022905D0032905D003207047032070476F
:105C8000012070470320704700280FD00023C0F880
:105C9000B832C0F8C432C0F8D03209B1C0F8B4127A
:105CA000012180F89C12027000F000B903207047B7
:105CB00010B5D0F8C802FBF7C9FFBDE81040FFF7E8
:105CC000D1BF10B5D0F8C802FBF79CFFBDE810406B
:105CD000FFF7C8BF70B504460B469446002B09D0A9
:105CE00043F080012046FFF784FDFF285ED00028A6
:105CF0004CD05BE004F11400D4F894120025022982
:105D00003BD18268C1688A420CD9521A82606146CE
:105D10002046FFF77AFD00231A461946204600F078
:105D20003BF92AE0914214D14068884211D3D4F85B
:105D3000981288420DD2002211462046FFF765FDD9
:105D4000C4F8985200231A461946204600F024F958
:105D500013E094F89C02032808D1D4F8B802C16873
:105D600021B1C4F8D452C16820468847802120461A
:105D700000F0A0F92046FFF76BFD94F8A00220B1D7
:105D8000204600F0F5F984F8A0520FE094F89C1238
:105D900003290BD1D4F8B8124A693AB1C4F8D40235
:105DA0004A69194620469047002800D1002070BD5E
:105DB00010B504460B4694460022002B09D003F090
:105DC0007F012046FFF715FDFF2857D0002840D05F
:105DD00054E004F5AA70D4F8941203294ED1C26895
:105DE000816891420AD98A1A8260C068824200D3CF
:105DF000024661462046FFF700FD3FE094F8AA0204
:105E000010F01F0006D0012806D002280AD000207A
:105E100070B11AE00020FBE794F8AE122046FFF7BD
:105E2000EAFCF5E794F8AE122046FFF7E2FCEFE754
:105E300094F89C12032908D1D4F8B8120A6922B147
:105E4000C4F8D4020969204688472046FFF718FDA8
:105E500014E094F89C1203290DD1D4F8B812D1F8AB
:105E600018C0BCF1000F06D0C4F8D4028A691946E4
:105E70002046904702460AB1104610BD002010BDD2
:105E80000020704710B50024012180F89C12D0F842
:105E9000B822002A04D052680179904700B1032447
:105EA000204610BDD0F8C802FBF7FCBE10B5017843
:105EB000002927D11449C1F8E004C0F8C8124FF0F6
:105EC000A0400860042008710222CA710020887175
:105ED0004A728872C87208738873C8730846FCF7E0
:105EE00010FA08B1FAF7FBFD80210748FBF73BFEEB
:105EF000402200210448FBF73AFE8022012102489B
:105F0000FBF735FE002010BDE423002011F0800FC8
:105F100001F07F01D0F8C80201EBC10100EB810064
:105F200001D0807D704790F85602704710B5D0F8C8
:105F3000D42200EB8202D2F8B822002A04D090F8D2
:105F40009C32032B02D004E0032010BD126A02B180
:105F50009047002010BD10B5D0F8D42200EB82028B
:105F6000D2F8B822002A04D090F89C32032B02D039
:105F700004E0032010BD526A02B19047002010BD1A
:105F800010B59C461346D0F8C8026246FBF793FE54
:105F9000BDE81040FFF766BE10B5D0F8C802FBF7A9
:105FA000BAFEBDE81040FFF75DBE2DE9F0410446A2
:105FB0000025012684F89C620020C4F894026060E9
:105FC000C4F8A40284F8A002D4F8B802002806D0CD
:105FD000426822B100212046904700B103250022EB
:105FE000402311462046FFF7CBFFA4F86461402709
:105FF000C4F860714023002280212046FFF7C0FFD3
:10600000A68427622846BDE8F08190F89C120429F6
:1060100003D190F89D1280F89C120020704710B5B3
:1060200090F89C12032905D1D0F8B81211B1C969B2
:1060300001B18847002010BD01740020704710B5E1
:10604000D0F8C802FCF729FABDE81040FFF70ABEF5
:1060500010B5044604F2AA2000F054F80120C4F858
:106060009402B4F8B002C4F8980294F8AA1211F09D
:106070001F000AD001280FD0022814D02046BDE806
:10608000104001F0800100F015B804F2AA2120466A
:10609000BDE8104000F026B904F2AA212046BDE870
:1060A000104000F071BA04F2AA212046BDE8104069
:1060B00000F053B910B5D0F8C802FBF745FEBDE8B3
:1060C0001040FFF7CFBD10B5D0F8C802FCF7FFF9BC
:1060D000BDE81040FFF7C6BD90F89C12042903D01C
:1060E00090F89C1280F89D12042180F89C120020E8
:1060F000704710B5D0F8C802FBF75EFEBDE810404F
:10610000FFF7B0BD0A780270491C0A784270491C3A
:106110000A784B1C1B7842EA03224280891C0A78C9
:106120004B1C1B7842EA032282808A78C97842EAB3
:106130000121C180704738B5044600200090002935
:1061400014D0C4F8B812D4F8D40204EB8000D0F80C
:10615000B802C16A19B168468847C4F8D002D4F8B9
:10616000D802401CC4F8D802002038BD032038BD36
:106170000020704770B504468888002821D1C8885F
:10618000F8B9488880281CD200F07F0594F89C025A
:1061900003280DD084F89E5229462046FFF74FFF72
:1061A0002046FFF76DFB45B1022084F89C0270BDCC
:1061B0002046BDE87040FFF730BB012084F89C0208
:1061C00070BD2046BDE87040FFF727BB03460020A6
:1061D000D3F8B822002A02D0126818461047704738
:1061E0002DE9F04104460F460025334EB978317051
:1061F000012906D939462046FFF70FFB0320BDE8E9
:10620000F08194F89C024FF0020802280DD0032878
:1062100025D039462046FFF700FB31782046FFF7AE
:10622000CBFA03252846BDE8F081A1B16160204684
:10623000FFF7CCFF0546280006D039462046FFF779
:10624000ECFA84F89C82EDE72046FFF719FB032067
:1062500084F89C02E6E72046FFF712FBE2E7C9B1AB
:106260006068884224D0C1B22046FFF7A5FA317891
:1062700061602046FFF7AAFF0546280014D0394682
:106280002046FFF7CAFA21792046FFF795FA84F8ED
:106290009C82C7E784F89C8261602046FFF78CFAF5
:1062A0002046FFF7EDFABDE72046FFF7E9FAB9E728
:1062B0002046FFF7E5FAB5E7A40000204A88012A46
:1062C00003D0022A06D0FFF7A8BA0121C0F8A41211
:1062D000FFF7D6BA8988090A80F8A012FFF7D0BA6A
:1062E000FFF7F1BE10B500240A7812F0600211D059
:1062F000202A05D0402A03D0FFF78FFA204610BD90
:10630000D0F8D42200EB8202D2F8B82292689047EB
:106310000446F3E74A780A2A1CD2DFE802F0121892
:106320001B151B08051B0F0BFFF74AFBE6E7FFF7E2
:1063300021FFE3E7FFF754FF0446DFE7FFF726FB03
:10634000DCE7FFF748FCD9E7FFF7B8FFD6E7FFF730
:106350003DFAD3E7FFF761FAD0E72DE9F0410546B2
:106360000E4600273479307810F060001ED02028C7
:1063700008D0402806D031462846FFF74EFA384666
:10638000BDE8F08121462846FFF733FAFF28F6D012
:106390000028F4D1C5F8D402D5F8B8028268002AE2
:1063A000EDD03146284690470746E8E77078002848
:1063B00072D0012831D0032804D031462846FFF797
:1063C0002CFADCE795F89C02022806D0032815D0A9
:1063D00031462846FFF721FAD1E754B1802C08D086
:1063E00021462846FFF766FE80212846FFF762FE19
:1063F000C5E731462846FFF710FAC0E7708840B974
:106400003CB1802C05D0F08818B921462846FFF70A
:1064100051FE2846FFF734FAB1E795F89C020228AE
:1064200006D0032815D031462846FFF7F6F9A6E72F
:1064300054B1802C08D021462846FFF73BFE80212E
:106440002846FFF737FE9AE731462846FFF7E5F979
:1064500095E77088002892D114F07F0F03D0214671
:106460002846FFF725FC2846FFF70AFA214628466A
:10647000FFF7BFF9FF2882D0002880D1C5F8D402E9
:10648000D5F8B8028268002A3FF479AF3146284631
:106490009047074673E7FFE795F89C024FF0000826
:1064A000022806D0032827D031462846FFF7B5F941
:1064B00065E734B1802C04D031462846FFF7ADF9AA
:1064C0005DE714F0800F08D004F07F0000EB80003F
:1064D00005EB800000F1140107E004F07F0000EB01
:1064E000800005EB800000F5AA71C1F8008002224F
:1064F0002846FFF7B8F942E714F0800F0CD004F0FB
:106500000F0000EB800005EB8000808C68B93146FD
:106510002846FFF782F932E704F00F0000EB800015
:1065200005EB8000B0F8640158B114F0800F0DD075
:1065300004F07F0000EB800005EB800000F1140602
:106540000CE031462846FFF768F918E704F07F00B1
:1065500000EB800005EB800000F5AA764CB1802CA2
:1065600007D021462846FFF7D1FC28B10120306032
:1065700004E0C6F8008001E0C6F80080022231463F
:106580002846FFF770F9FAE670B505460E46002476
:10659000307810F0600009D0202807D0402805D0BE
:1065A00031462846FFF739F9204670BD95F89C0220
:1065B000012808D0022806D0032804D031462846F6
:1065C000FFF72BF9F0E7B088C1B201291ED8C1B29C
:1065D0002846FFF710F9FF2800D048B10324F088BF
:1065E0000028E1D1002CDFD12846FFF749F9DBE78D
:1065F000D5F8B8128A683AB1C5F8D4028A6831462B
:10660000284690470446EAE70324E8E7314628464F
:10661000FFF703F9C8E7704700487047C42100201E
:1066200070B50A784E78012302F00F041C4DA34088
:10663000012E19D0D0F81C4844EA0343C0F81C3896
:1066400000EB4210D0F8002B12040BD4D0F8002B32
:106650000B890979C3F30A031A4345EA81410A43C6
:10666000C0F8002B002070BDD0F81C489BB21C4322
:10667000C0F81C4800EB4210D0F800391B04F1D4DC
:10668000D0F800390C890979C4F30A04890423433A
:1066900041EA82510B432B43C0F80039E2E7000086
:1066A00000800010D0F800196FF30A01C0F800193B
:1066B000D0F8041841F48071C0F804180020704725
:1066C0000FB410B504469DF8110001281CD0E068F5
:1066D00040F04000E060204600F036F89DF81510CC
:1066E00051B3A16B21F48031A1639DF80E100129F3
:1066F00007D1A16841F00601A160A16841F0200125
:10670000A16010BC5DF814FBA06B20F48030A06386
:10671000E0680C490840E060E06820F44010E06068
:106720009DF81800012803D1E06840F48010E06073
:10673000204600F009F8D8E7A16B41F48031A1634D
:10674000D3E70000BFFFBDFF08B5002300934FF063
:1067500070620099491C00910099914201D903206F
:1067600008BD01690029F4DA0093016941F00101D3
:1067700001610099491C00910099914201D90320BF
:1067800008BD0169C907F4D1002008BD70B54B7878
:106790000A78012500EB4212012B2BD0D2F8003BE6
:1067A000002B0BDAD2F8003B43F00063C2F8003B49
:1067B000D2F8003B43F08043C2F8003B00F61C00D7
:1067C000046A0B7803F00F0605FA06F324EA034483
:1067D00004620468097801F00F0105FA01F324EA64
:1067E00003410160D2F8000B18490840C2F8000BC1
:1067F000002070BDD2F80039002B0BDAD2F8003936
:1068000043F00063C2F80039D2F8003943F0804306
:10681000C2F8003900F61C00046A0B7803F00F067A
:1068200005FA06F39EB2B44304620468097801F0E5
:106830000F0105FA01F399B28C430460D2F8000904
:1068400003490840C2F80009D2E700000078F3EFDE
:10685000007833ECD0F8001E21F00301C0F8001ED0
:10686000D0F8041821F00201C0F804180020704785
:10687000D0F8001E21F00301C0F8001ED0F8041863
:1068800041F00201C0F80418002070470FB42DE950
:10689000F043044600250020002704EB8001C1F8E6
:1068A0000471401C0F28F8D39DF82A6066B3A06BD2
:1068B00020F40011A163A06B40F40021A163C4F88F
:1068C000007E9DF82500012831D00321204600F0EC
:1068D00081FB1021204600F0BDFA00B101252046C1
:1068E00000F098FA00B10125C4F81078C4F81478C3
:1068F000C4F81C7800204FF000634FF0904C4FF626
:106900007F389DF8202034E0D4F8040840F00201DC
:10691000C4F80418A06B40F40011A163A06B20F42C
:106920000021A163A06B20F48021A163C7E79DF83B
:10693000230020B10121204600F04CFBC9E70021D3
:10694000204600F047FBC4E704EB4011D1F8009962
:10695000B9F1000F06DA10B1C1F800C904E0C4F8BB
:10696000003901E0C1F80079C1F81079C1F808894F
:10697000401C8242E8D8002014E004EB4011D1F81A
:10698000009BB9F1000F06DA10B1C1F800CB04E0AA
:10699000C4F8003B01E0C1F8007BC1F8107BC1F8EE
:1069A000088B401C8242E8D8D4F8100820F480718B
:1069B000C4F81018A7616FF0804060619DF8220054
:1069C00018B9A06940F01000A061A0690A49084305
:1069D000A0619DF8260018B1A06940F00800A061F0
:1069E000012E03D1A06905490843A0612846BDE8EE
:1069F000F0035DF814FB000000383C800400004008
:106A0000816821F0010181600020704710B5036C9E
:106A1000124CA34205D9D0F8003B002B01DA00202C
:106A200010BD00F5316000230360036843F40023C8
:106A30000360036843F018030360036843F0C04336
:106A40000360A0F53160012906D100F53060426194
:106A5000016841F080210160002010BD0A30544FD0
:106A60004A780B78012A00EB43100BD0D0F8002BAA
:106A700022F40012C0F8002B0979032914D002294E
:106A800012D017E0D0F8002922F40012C0F8002933
:106A90000979032901D002290CD1D0F8001941F05D
:106AA0008051C0F8001905E0D0F8001B41F080517A
:106AB000C0F8001B002070470A784B780978012B3A
:106AC00000EB411012D0D0F8001B002906DB2AB1E0
:106AD000D0F8001B21F08041C0F8001BD0F8001B4B
:106AE00041F40011C0F8001B00207047D0F80019D5
:106AF000002906DB2AB1D0F8001921F08041C0F846
:106B00000019D0F8001941F40011C0F80019EBE7A2
:106B1000F8B50C784F780B78914D6FF0604600EB2C
:106B20004313012F29D0D3F8107B6FF31207C3F85A
:106B3000107BD3F8107B2F40C3F8107B002C7DD046
:106B40000D69002D7BD08C6825446D1EB5FBF4F5D6
:106B5000ADB26C430C62D3F8104B06EAC5452C432A
:106B6000C3F8104BD3F8104B0D6AC5F312052C4334
:106B7000C3F8104B012A6FD0D6E00F69EFB1D3F8FC
:106B800010796FF31207C3F81079D3F810792F40FA
:106B9000C3F81079FCB10F698D682F447F1EB7FBD5
:106BA000F5F5ADB2D3F8107906EAC5463743C3F818
:106BB00010790E79012E1AD028E003F511631E68B2
:106BC0002E401E601D6845F400251D601D686FF392
:106BD00012051D6022E00E698D68AE4200D90D617C
:106BE000D0F8105945F40026C0F810690EE0D3F82B
:106BF000106926F0C046C3F81069D3F810694FF049
:106C0000C04707EA45752E43C3F81069D3F81059F9
:106C10000E69C6F312063543C3F81059012A1CD079
:106C200000EB4413D3F8004944F00444C3F800498E
:106C30000C79012C38D00A69002A01E04DE060E0AF
:106C400009D0D0F83428097801F00F0301219940C8
:106C50000A43C0F8342881E062E0CA691AB100EB47
:106C60004413C3F814290979012914D1D0F808185C
:106C7000C90508D400EB4411D1F8002942F00052B4
:106C8000C1F8002907E000EB4411D1F8002942F0D7
:106C90008052C1F8002900EB4410D0F8001941F0EF
:106CA0000441C0F8001959E0D0F80848E40506D4BA
:106CB000D3F8004944F00054C3F8004905E0D3F884
:106CC000004944F08054C3F8004900920A8A93B204
:106CD0000A78C96800F000FA40E00C690CB18C68D1
:106CE0000C618C680C62D0F8105BC4F3120425436D
:106CF000C0F8105BD0F8104B44F40024C0F8104BDF
:106D000038E7D3F8104B8D68C5F312052C43C3F850
:106D1000104BD3F8104B44F40024C3F8104B29E770
:106D2000CA680AB1C3F8142B0979012910D1D0F827
:106D30000808C00506D4D3F8000B40F00050C3F893
:106D4000000B05E0D3F8000B40F08050C3F8000BB7
:106D5000D3F8000B40F00440C3F8000B0020F8BD4E
:106D6000FFFF07E038B5002200920B784D7800EB6A
:106D7000431442F21073012D1AD0D4F8005B002D99
:106D800040DAD4F8005B45F00065C4F8005B0C788D
:106D900000EB4414D4F8005B45F08045C4F8005B78
:106DA000009C641C0094009C9C4224D9012229E090
:106DB000D4F80059002D25DAD4F8005945F00065C3
:106DC000C4F800590C7800EB4414D4F8005945F08D
:106DD0008045C4F80059009C641C0094009C9C42AF
:106DE00001D901220EE00C7800EB4414D4F80049DC
:106DF000002CF0DB06E00C7800EB4414D4F8004BD8
:106E0000002CCDDB104638BD816841F00101816066
:106E10000020704708B5002300934FF0706200997E
:106E2000491C00910099914201D9032008BD0169D4
:106E30000029F4DA0093102101610099491C0091A6
:106E40000099914201D9032008BD0169C906F4D413
:106E5000002008BD18B5002400944FF07063009A1C
:106E6000521C0092009A9A4201D9032018BD02696F
:106E7000002AF4DA0094202242EA8111016100998B
:106E8000491C00910099994201D9032018BD01695C
:106E90008906F4D4002018BDD0F8080800F00600D8
:106EA000002805D0022805D0062803D00F207047FF
:106EB0000020704702207047406900F001007047D1
:106EC000D0F81818D0F81C08084080B27047D0F8E5
:106ED0001818D0F81C080840000C704710B5D0F8FE
:106EE0001038D0F8342801F00F04E24002F001021B
:106EF00043EAC21200EB4110D0F80809104010BD5F
:106F000000EB4111D1F8081BD0F814080840704775
:106F1000416980690840704730B5034608469408C7
:106F200002F00301002203F5805303E01D6840F8DE
:106F3000045B521CA242F9D300290BD000221C682A
:106F4000D50024FA05F300F8013B521C491E89B212
:106F50000029F5D130BD70B505460024E86820F061
:106F6000C040E860012902D089B1012070BDE86805
:106F700040F00050E8600A20FAF71AFC0A3428466C
:106F8000FFF79AFF012810D0C82CF4D30DE0E86871
:106F900040F08040E8600A20FAF70AFC0A342846EC
:106FA000FFF78AFF08B1C82CF5D3C82C01D0002008
:106FB00070BD012070BD00F50060026822F4FE6221
:106FC000026002684FF4FE6303EA01110A430260A3
:106FD00000207047D0F800280A43C0F8002800209D
:106FE00070470000022A0ED082B30921C26822F441
:106FF0007052C260C2684FF4705303EA81210A43A1
:10700000C26000207047224A224B0A449A4201D2B1
:107010000F21EBE7204A214B0A449A4201D20E216C
:10702000E4E71F4A1F4B0A449A4201D20D21DDE7D3
:107030001D4A1E4B0A449A4201D20C21D6E71C4A33
:107040001C4B0A449A4202D20B21CFE71DE01A4A98
:107050001A4B0A449A4201D20A21C7E7184A194B2F
:107060000A449A4201D20921C0E7174A174B0A4441
:107070009A4201D20821B9E7154A1144154A9142B2
:1070800001D20721B2E70621B0E70921AEE70000EF
:10709000405327FF00350C00401E1BFF40420F00ED
:1070A00000DC0BFF804F1200808CF9FE20D613000D
:1070B00060B6E5FE60E3160000D3CEFE40771B000D
:1070C000C05BB3FEC091210000CA91FE207538005C
:1070D000E05459FEE09C410010B5029C002C0DD1FB
:1070E000DB1C9C08002300EB023000F5805003E01D
:1070F00051F8042B02605B1CA342F9D3002010BDA1
:10710000FEE708B502F09EFB00900A21684601F0F8
:10711000BDFEFAE703B401984100009850EAC1208F
:1071200018BF04204A0D18BF40F0010040F2FF7262
:10713000B2EB515F08BF40F00200012808BF0520F4
:1071400002B070470907090E002804DB00F1E020B7
:1071500080F80014704700F00F0000F1E02080F884
:10716000141D7047000000002DE9F04D2DED040BBB
:107170002DED0E8B96B0DDE92550279CDDF890A013
:1071800025F0004624F00048BAF1000F14BF012199
:10719000002101EB4502FC4953184A1093422AD3BF
:1071A000002814BF0123002303EB44030B44F749D9
:1071B0008B4220D358EA00019FEDF59B76D0DFF893
:1071C000D8B35D4503D1BAF1000F05D188E0BAF11B
:1071D000000F08BF002100D0012101EB450111F58E
:1071E000001F08D8002814BF0121002101EB440131
:1071F00011F5001F0BD99DED261B9DED240B16B03C
:10720000BDEC0E8B04B0BDE8F04D00F069BE002768
:10721000002DBCBFE149884521DAE1498845A8BF76
:1072200002271CDAC3451ADCDE4901EB2851142978
:1072300008DDC1F1340220FA02F101FA02F28242C1
:107240000DD108E058B9C1F1140228FA02F101FA8F
:1072500002F2424503D101F00101C1F1020756EAF1
:107260000A0124D1002C22DA002D18BF022F01D0F0
:10727000012F0AD00220F9F794F916B0BDEC0E8B5D
:1072800004B0BDE8F04D00F013BE0220F9F789F913
:1072900000F00EFE51EC100B02F09AFC41EC100BCA
:1072A00016B0BDEC0E8B04B0BDE8F08D18E09FED7C
:1072B000BEAB9FEDBF8B002871D1B848804522D16D
:1072C00005F1804010F5801008BFBAF1000F07D01B
:1072D000B3450ADC002CA8BF9DED260BE0DA0DE0DB
:1072E000B0EE490AF0EE690ADAE7002C06DA9DED05
:1072F000260B51EC100B02F06BFC6FE0AE487844AB
:1073000090ED000BCCE7D8454DD1002C48DA2EB1DA
:1073100086423AD1BAF1000F42D126E0BAF1000F0D
:1073200013D00220F9F73DF900F0F6FD8DED020BC8
:107330009DED240B8DED000B10EE900A039961F387
:107340001E0003909DED020BAAE78DED02AB9DEDB3
:10735000240B1AEE901A10EE900A8DED000B61F3DB
:107360001E0003909DED020B9AE78DED028B9DEDC3
:10737000240B18EE901A10EE900A8DED000B61F3BD
:107380001E0003909DED020B8AE709DA9DED240BA8
:1073900051EC190B53EC102B02F014FD1EE020E011
:1073A0009DED240B7CE786421BDAB4F1804F0DD0B3
:1073B000A4F10050B0F1FF5013D1002D11DB9DED71
:1073C000240B51EC100B01F0C1FB07E09DED240BE9
:1073D00053EC102B51EC100B00F0C2BC41EC100B25
:1073E0005EE79DED240B51EC100B00F0E7FDBAF1C8
:1073F000000FCDE90E0142D19FED710B46B3A6F10E
:10740000E040B0F17F600CD05E4538D1002D00DA4D
:10741000A7B3022F0CBF01204FF0FF3002F02AFE6D
:10742000DCE7002D01DD002C0DDA002D01DD002C44
:107430001FDB002D16DA002C14DB012F08BF9FED97
:10744000620B3FF42DAFB0EE4A0AF0EE6A0A27E76E
:10745000022F18BF002D0CD0012F0AD1002DFFF6EE
:107460001FAF06E0002DB8BF002C08DA012F3FF453
:1074700017AFB0EE480AF0EE680A11E71BE00120F2
:1074800000EBE57050EA070115D0791EB0EE498A8D
:10749000F0EE698A084308BF9FED4D8B4E480025EA
:1074A000804570DD4D494E48884514DDB0420DDB06
:1074B000002C19DB2FE00120F9F773F816B0BDECB2
:1074C0000E8B04B0BDE8F04D00F016BDB34502DCF4
:1074D000002C09DC1FE0864202DA002C1BDA03E0F4
:1074E0005E452BDD002C16DD0220F9F75AF800F07E
:1074F00013FD8DED020B53EC1A2B51EC180B02F01F
:107500000DFECDE900010399019861F31E0003907F
:107510009DED020BC4E60220F9F743F800F00CFDE4
:1075200010EE901A18EE900A8DED020B8DED008B87
:1075300061F31E0003909DED020BB1E69DED0E0B75
:1075400053EC192B51EC100B02F0F4FF9FED260BBE
:10755000CDE9080153EC102B9DED080B51EC100BFD
:1075600002F0DCFD9FED221B53EC112B02F00AFF11
:107570009DED081B53EC112B02F0D0FD9FED1E1B5F
:1075800053EC112B3CE08CE0FFFF1F00FFFF0F00CE
:10759000000000000000F03F0000F03F0000F07F1E
:1075A0000000404301FCFFFF000000000000F07FEE
:1075B000000000000000000076370000000000001E
:1075C0000000000000000080000000000000F0FF4C
:1075D000000000000000F0BF0000E0410000F043A8
:1075E000FFFFEF3F00000000000000000000D03F60
:1075F000555555555555D53F000000000000E03F5A
:1076000002F0C0FE9DED080B41EC1A0B53EC102B61
:1076100051EC100B02F082FD53EC1A2B02F07EFDB0
:1076200041EC1A0B9FEDFE0B53EC102B9DED080B5C
:1076300051EC100B02F072FD41EC1B0B9FEDFA0BAD
:1076400051EC1A0B53EC102B02F068FD41EC1A0BB5
:107650009FEDF70B53EC102B9DED080B51EC100B2D
:1076600002F05CFD53EC1A2B02F064FF41EC1A0BA4
:1076700051EC1B0B53EC1A2B02F0E8FA0690CDE903
:1076800006519DED060B53EC1B2B51EC100B02F039
:1076900051FF53EC1A2B02F075FE41EC100B00F079
:1076A000A1B90020B6F5801F0EDA9FEDE30B53EC75
:1076B000102B9DED0E0B51EC100B02F02FFDCDE9C0
:1076C0000E016FF034000E4600EB2650A0F2FF379B
:1076D000C6F31300DA4940F07F6646F04056884210
:1076E000D8BF002408DDD7498142C8BF012403DC8C
:1076F0000024A6F580167F1CD348784400EBC40014
:107700000F9690ED00CB9DED0E0B53EC1C2B51EC26
:10771000100B02F00FFF9DED0E0B41EC1B0B53EC19
:107720001C2B51EC100B02F091FA41EC100B51ECB8
:10773000190B53EC102B02F045FB41EC1D0B51ECE7
:107740001B0B53EC1D2B02F0E9FC41EC1A0BBF485C
:107750008DED10AB7844109590ED000B4FF000507C
:1077600040EA660000EB84408DED080B00F5002038
:1077700009909DED080B53EC1C2B51EC100B02F003
:10778000D9FE9DED0E1B53EC112B02F0FBFD41ECDD
:10779000100B53EC102B9DED100B51EC100B02F065
:1077A000BDFC9DED080B41EC1C0B53EC102B9DED2B
:1077B000100B51EC100B02F0B1FC53EC1B2B02F040
:1077C000E1FD53EC1C2B02F0B5FE53EC1D2B02F037
:1077D000A5FC41EC1C0B53EC1A2B51EC1A0B02F0DC
:1077E0009DFC41EC1B0B9A480621B0EE4B0AF0EED3
:1077F0006B0A784400F0E0FAB0EE401AF0EE601A3E
:10780000B0EE41DAF0EE61DA53EC1B2B51EC1B0BBE
:1078100002F084FC53EC1D2B02F080FC9DED100B5C
:1078200041EC1B0B53EC1A2B51EC100B02F00EFA2F
:1078300053EC1C2B02F072FC53EC1B2B02F006FAEB
:107840009DED100B41EC1B0B53EC102B51EC100B6E
:1078500002F064FC41EC1D0B9FED7FEB53EC1E2B03
:1078600002F0F4F953EC1B2B02F0F0F90890CDE98B
:1078700008519DED080B53EC1E2B51EC100B02F040
:1078800059FE53EC1D2B02F055FE53EC1B2B02F05E
:1078900079FD9DED080B41EC1D0B53EC102B9DED7C
:1078A000100B51EC100B02F039FC41EC1B0B53ECAC
:1078B0001A2B51EC1D0B02F031FC9DED080B41EC35
:1078C0001A0B53EC102B51EC1C0B02F027FC53EC61
:1078D0001A2B02F0BBF941EC1A0B51EC1B0B53ECC9
:1078E0001A2B02F0B3F90C90CDE90C519DED0C0B65
:1078F00053EC1B2B51EC100B02F01CFE53EC1A2B1B
:1079000002F040FD41EC1B0B9FED550B53EC102B8F
:107910009DED0C0B51EC100B02F000FC41EC1A0B2E
:107920009FED510B51EC1B0B53EC102B02F0F6FBAF
:1079300041EC1B0B9FED4E0B53EC102B9DED0C0BF4
:1079400051EC100B02F0EAFB53EC1B2B02F07EF91A
:1079500041EC100B4848784400EBC40090ED001B4C
:1079600051EC100B53EC112B02F070F941EC1B0B96
:10797000384602F07FFBCDE9080153EC1B2B51EC9C
:107980001A0B02F063F941EC100B3C48784400EB11
:10799000C40090ED00CB51EC100B53EC1C2B02F00B
:1079A00055F99DED081B53EC112B02F04FF9069091
:1079B000CDE906519DED080B53EC102B9DED060B08
:1079C00051EC100B02F0B6FD53EC1C2B02F0B2FD93
:1079D00053EC1A2B02F0AEFD53EC1B2B02F0D2FC41
:1079E00041EC100B9DED261B53EC102B8DED001B75
:1079F00000959DED260B51EC100B02F08FFB9DEDD9
:107A0000000B41EC1A0B53EC102B9DED260B51ECA7
:107A1000100B02F08FFD9DED061B53EC112B2FE098
:107A2000000000604715F73FFE822B654715F73FC2
:107A300044DF5DF80BAE543E000000000000404300
:107A40008E9803007AB60B00F2320000203300005B
:107A50002A32000000000000000000000000084082
:107A6000000000E009C7EE3FFD033ADC09C7EE3F26
:107A7000F5015B14E02F3EBEB63000007030000010
:107A800002F04CFB53EC1A2B02F0E0F89DED060BD4
:107A900041EC1A0B53EC102B9DED000B51EC100B2D
:107AA00002F03CFBCDE90C019DED0C0B51EC1A0BE7
:107AB00053EC102B02F0CAF8CDE902010C46AA499A
:107AC0008C422FDB611A084318D19DED0C0B53EC4F
:107AD000102B9DED020B51EC100B02F02BFD41EC35
:107AE0001B0B9FEDA30B51EC1A0B53EC102B02F068
:107AF000ADF853EC1B2B02F00FFC2DD20220F8F74F
:107B000050FD00F009FA10EE901A18EE900A8DED73
:107B1000020B8DED008B61F31E0003909DED020BB7
:107B2000FFF7BEBB944A24F00041914214D393491D
:107B3000214408437FF4EFAC9DED0C0B53EC102B6C
:107B40009DED020B51EC100B02F0F4FC53EC1A2BE0
:107B500002F0E2FB7FF6DFAC24F000408849894A5E
:107B6000002601EB205182422BDA481C4FF4801191
:107B700021FA00F02044844AC0F30A517A44A1F269
:107B8000FF3192ED000B814A8DED080BCA4020EACF
:107B90000202C0F3130040F48010C1F1140120FA76
:107BA00001F60992002CB8BF76429DED080B53EC0C
:107BB000102B9DED0C0B51EC100B02F0BBFCCDE932
:107BC0000C019DED0C0B51EC1A0B53EC102B02F039
:107BD0003DF89FED6F0B0890CDE9085153EC102B49
:107BE0009DED080B51EC100B02F098FA41EC1B0BC9
:107BF0009FED690B53EC102B9DED080B51EC100B16
:107C000002F08CFA9DED0C0B41EC1C0B53EC102B8D
:107C10009DED080B51EC100B02F08CFC53EC1A2B71
:107C200002F0B0FB9FED5E1B53EC112B02F076FAD5
:107C300053EC1C2B02F00AF841EC1A0B51EC1B0B15
:107C400053EC1A2B02F002F8CDE902019DED020B74
:107C500053EC1B2B51EC100B02F06CFC53EC1A2B69
:107C600002F090FB9DED020B41EC1A0B53EC102B34
:107C700051EC100B02F052FACDE908014A489DED93
:107C8000080B0521784400F097F89DED081B51EC96
:107C9000100B53EC112B02F041FA9DED021B53EC3B
:107CA000112B02F06FFBCDE906019DED020B53ECA9
:107CB0001A2B51EC100B02F031FA53EC1A2B01F095
:107CC000C5FF9FED3B0B41EC1A0B53EC102B9DEDC8
:107CD000060B51EC100B02F02DFC9DED060B41EC58
:107CE0001B0B53EC102B9DED020B51EC100B02F013
:107CF00015FA53EC1B2B02F065F853EC1A2B02F02B
:107D000019FC9DED021B53EC112B02F013FC53ECFC
:107D1000192B02F037FBCDE9020101EB06500115EA
:107D20000029C8BF039015DC9DED020B324651ECD3
:107D3000100B02F096FDFFF7EDF9042808BF00F0E4
:107D4000FBF832469DED020B51EC100B02F089FD61
:107D5000CDE902019DED020B51EC180B53EC102BF9
:107D600002F0DCF9FFF73ABB000090400000000091
:107D7000FE822B654715973C00CC904000346F3F46
:107D800001FCFFFF0000E03FF82E0000FFFF0F00A6
:107D900000000000432EE63F396CA80C615C20BE59
:107DA000EF39FAFE422EE63FC82D00000000000029
:107DB000000000000000004070B504462DED028B6D
:107DC0004D1E00EBC500B0EE408AF0EE608A90EDEB
:107DD000000B35F0060017D053EC182B51EC100BAC
:107DE00002F09CF941EC100B6D1E04EBC50090ED08
:107DF000001B51EC100B53EC112B01F027FF41EC51
:107E0000100B35F00600E7D1022D36D0042D1CD022
:107E1000062D1CBFBDEC028B70BD53EC182B51EC32
:107E2000100B02F07BF994ED0A1B53EC112B01F0BF
:107E30000DFF53EC182B02F071F994ED081B53EC75
:107E4000112B01F003FF41EC100B53EC182B51ECFC
:107E5000100B02F063F994ED061B53EC112B01F0AB
:107E6000F5FE53EC182B02F059F994ED040B53EC8A
:107E7000102B01F0EBFE41EC100B53EC182B51ECE6
:107E8000100B02F04BF994ED021B53EC112B01F097
:107E9000DDFE53EC182B02F041F994ED001B53EC7E
:107EA000112B01F0D3FEBDEC028B41EC100B70BD29
:107EB0009FED070B10B553EC102B9FED070B51EC0A
:107EC000100B01F07FFF41EC100B10BD0000000013
:107ED0000000000000000000000000000000F03F73
:107EE00010B553EC112B51EC100B01F0AFFE41EC2F
:107EF000100B10BD000000009FED050B10B553ECFA
:107F0000102B51EC100B01F05DFF41EC100B10BD7C
:107F100000000000000000009FED050B10B553ECC1
:107F2000102B51EC100B02F0F9F841EC100B10BDC6
:107F300000000000000000709FED050B10B553EC31
:107F4000102B51EC100B02F0E9F841EC100B10BDB6
:107F5000000000000000001010B50C4C010E217054
:107F6000C0F3074212FB01F26280C0F3072313FB48
:107F700001F3A380C0B210FB01F0E08004490C685B
:107F80006063086883630868C26310BDC401002091
:107F9000A00C0020064807490068B0FBF1F2064932
:107FA0000A704FF47A72B0FBF2F04860704700003C
:107FB0009400002040420F00BC01002082B0CDE9B7
:107FC000000121F0004001909DED000B02B051EC4A
:107FD000100B70470FB410B59DF829109DF828209C
:107FE00041EA022181809DF82B209DF82A3042EA47
:107FF000032242809DF82D209DF82C3042EA032276
:10800000C28000220272C18182898A1A426190F97B
:108010002530012B0BD112F5805F02DAC469641C94
:10802000C461B2F5805F02DDC269521EC2611BB934
:108030000161012280F82520C269036901EB423207
:10804000D21A8261818110BC5DF814FB2DED0A8B80
:10805000424E9FED43AA4FF47A777CE056F8250014
:10806000020E00EE102AB8EE408AC0F3074100EE7F
:10807000101AF8EE408AC0F3072300EE103AB8EE6B
:10808000409AC4B200EE104AF8EE409A6D1C56F8C1
:1080900025004FEA106C00EE10CAF8EE400A00EE20
:1080A000102AB8EE400A70EEC01AC0F3074200EE84
:1080B000102AF8EE400A00EE101AB8EE400A30EE30
:1080C000C01AC0F3072100EE101AF8EE400A00EEC5
:1080D000103AB8EE400A70EEC00AC0B200EE100AC4
:1080E000B8EE402A00EE104AB8EE400A32EE400ADE
:1080F000C1EE8AAA81EE0ABAC0EE8ABA80EE0ACA36
:10810000002438EE2A8A78EE8B8A39EE2B9A79EEA3
:108110008C9ABCEEC80A10EE100ABCEEE80A010602
:1081200010EE100ABCEEC90A41EA004110EE100A36
:10813000BCEEE90A41EA002010EE101A0843FFF7EE
:108140000BFF012000F04AF8641CA4B2BC42D8D353
:10815000ADB2062D82D3002580E70000CC010020BF
:1081600000007A44F9F742FCFCF746FCFBF7DAFF23
:10817000FBF728FFFBF7E2FEFCF752F9FCF7D0F81B
:10818000FBF7FEFEFCF768F9FCF786F9FCF762F8EE
:10819000FCF7A0F8FCF720F9FFF7FCFE4FF4FA70AB
:1081A000F9F706FBFBF74CFF00F020F8FEE701466D
:1081B0000020842900D0C81C704701800021418024
:1081C00001728180C18041818181C1814161816170
:1081D000C16180F8251080F82410704710B5002880
:1081E00000D1012000F02AFE002010BD10B500F0E3
:1081F00035FF002010BD7FB504460D466169B4F916
:108200000800002910D0A16971B1FFF7D0FFD4E9AF
:108210000521CDE901210090D4E900102B46226907
:1082200001F0D4FA039010E0FFF7C1FF03A9CDE9F4
:108230000001208A2B4682B2D4E9001001F094FAA2
:10824000012802D0002004B070BD0398FBE70000B5
:108250002DE9F04104460F46174EF5683068001DC1
:1082600000F0B6FC38B9306890F82C100120884036
:10827000316981433161601C07D137B13168BDE894
:10828000F041091D0D4800F0F3BC2C4430684460F7
:10829000AC4206D23168B06B091DBDE8F04100F078
:1082A000CFBC3168706B091D00F0CAFCB06A844213
:1082B00000D2B462BDE8F08134010020E42900203E
:1082C00070B5044600F0E0FC1C4DA868401CA86096
:1082D000286810B1686938B10CE02C60A8680128E2
:1082E00008D100F089F905E02868E16AC06A88428F
:1082F00000D82C60686A401C6862E06A01212A6923
:108300008140114329610E4900EB800001EB8000A0
:10831000211D00F0ADFC00F0D7FC686900280CD0EE
:108320002868E16AC06A884207D206494FF0805047
:108330000860BFF34F8FBFF36F8F70BD3401002013
:108340000829002004ED00E038B500F09DFC104C39
:108350002068C8B90F4800F065FC0E48143000F0E2
:1083600061FC0C48E060143020610A4B0020C03BE7
:10837000009003F148020C210A2000F08BFF2060DE
:1083800010B105A100F024FDBDE8384000F09CBC10
:1083900070010020B82A0020546D725100000000C6
:1083A00070B50C4D0C4E11E000F06EFCF068C46826
:1083B000201D00F00DFCA868401EA8606868401EE3
:1083C000686000F081FC204600F053F868680028DF
:1083D000EAD170BD34010020D029002030B40B4612
:1083E000026C002A0CD0C1681144C1608468A142AB
:1083F00001D30168C160C16830BC1846F8F72BB8DA
:1084000030BC70472DE9F041044617460026A56BA5
:10841000226C002A10D0C7B1E068F8F71CF8E168B8
:10842000206C091AE1602268914202D2A168081A00
:10843000E060022F16D017E02068A8B9A06801F00C
:108440006FFA06460020A0600EE06068F8F703F8B7
:10845000216C606808446060A168884204D3206889
:10846000606001E005B16D1E6D1CA5633046BDE87E
:10847000F08110B5044694F8510000280BD0012873
:1084800011D0022814D0502080F31188BFF34F8FF1
:10849000BFF36F8FFEE7206B00F02CFC2046BDE899
:1084A000104000F027BC2046BDE8104000F022BC80
:1084B00010BD00000749CA681168002904D00021D6
:1084C000016019B1002070470121F9E7D068006808
:1084D00070470000700100204FF4F0410F48420740
:1084E00006D0C01D20F007000C49411AC1F5F0412B
:1084F0000B4A1060002353600144083921F0070142
:10850000183A11604B600B600B1A436001604068C1
:10851000906050604FF0004050617047E02A0020AA
:108520009C010020074E4FF08054074DFFF738FFA5
:1085300030680128FAD92C60BFF34F8FBFF36F8FDB
:10854000F4E700000829002004ED00E0034600984D
:10855000002905D00260C3630164012100F0D0BE90
:108560000060F8E72DE9F0478246DDE908580A9CEB
:108570009946521E206B00EB820020F00706700720
:1085800007D0502080F31188BFF34F8FBFF36F8F58
:10859000FEE7002761B1002023180A5C83F834202D
:1085A0000A5C12B1401C1028F6D384F8437001E035
:1085B00084F83470072D00D30625E5626564A7644E
:1085C000201D00F03AFB04F1180000F036FB246196
:1085D000C5F10700A0616462E76484F850704A4600
:1085E0005146304600F0A0FA2060B8F1000F01D0EB
:1085F000C8F80040BDE8F08770B50024124D04EBC8
:10860000840005EB800000F00DFB641C072CF6D302
:108610000D488C3000F006FB0B48A03000F002FB48
:108620000948B43000F0FEFA0748C83000F0FAFA02
:108630000548DC3000F0F6FA034904488C31416308
:108640001431816370BD000008290020340100202E
:1086500030B5134900E011460A688242FBD34B68EB
:108660005C18844203D140681844486008460D688D
:1086700044682318AB420DD1094B183B1B689A4242
:1086800006D05268224442600A681268026002E022
:10869000036000E00260814200D0086030BD00004D
:1086A0009C01002070B50024416000610C4D914296
:1086B0000AD8D11A8269914201D301240EE0011D2A
:1086C000286900F0BDFA09E09A4203D2994201D329
:1086D000012403E0011DE86800F0B2FA204670BDF5
:1086E0007001002010B5044600F0CEFAA06B20B156
:1086F000002400F0E9FA204610BD0124F9E710B586
:10870000044600F0C1FAA06BE16B884201D101245C
:1087100000E0002400F0D8FA204610BDF8B5054668
:108720000E461748C068C068C468201D00F050FAA3
:1087300094F82400410718D5A0692B464119324608
:108740002046FFF7AFFFA0B100200346014600908E
:108750002A46204601F008FA58B9502080F31188C3
:10876000BFF34F8FBFF36F8FFEE720F0010084F857
:108770002400216A01B02046BDE8F040084700000F
:108780007001002030B585B0394D67E002980028AF
:1087900064DB049C606910B1201D00F019FA01A887
:1087A00000F0B0F8024602980A2857D2DFE800F03D
:1087B0000505052D334A05052D3394F8240040F0B6
:1087C000010084F824000398A1690346014420466F
:1087D000FFF768FF68B3216A2046884794F82400B1
:1087E00040073BD5002000900398A1690023421860
:1087F0001946204601F0B8F9D8B9502080F3118805
:10880000BFF34F8FBFF36F8FFEE714F8240F20F0F4
:108810000100207022E094F8240040F0010084F868
:1088200024000398A06128B1811813462046FFF761
:1088300039FF13E0502080F31188BFF34F8FBFF34F
:108840006F8FFEE794F82400810703D4204600F0E0
:1088500051FA03E020F0010084F82400002202A96C
:10886000286800F0A5FE002890D105B030BD0000BA
:1088700070010020F8B506460D4600F037FC68464A
:1088800000F040F80446009810B101F0D3F8F8BDAC
:1088900045B9A64206D801F0CDF821463046FFF78B
:1088A0003DFFF8BD0C481DB10169096891B1002573
:1088B000311B2A46006800F09DFA01F0BBF8002841
:1088C000EFD106494FF080500860BFF34F8FBFF3E0
:1088D0006F8FF8BD0125EBE77001002004ED00E08B
:1088E0000748416B0968002905D0416BC968C96810
:1088F0004968816270474FF0FF3181627047000024
:108900003401002070B5054600F09CFF0446074E78
:10891000B068844204D200F00BF80120286001E026
:1089200000202860B460204670BD00007001002067
:10893000F8B51A4E20E0C0680568C468201D00F034
:1089400047F9216A2046884794F82400400713D548
:10895000A0692844A84206D960602461211DF068FE
:1089600000F06EF908E000200346014600902A4618
:10897000204601F0F9F840B1F06801680029DAD129
:10898000F0683169F1603061F8BD502080F31188E2
:10899000BFF34F8FBFF36F8FFEE700007001002021
:1089A00009484068401C07D0502080F31188BFF36D
:1089B0004F8FBFF36F8FFEE7502080F31188BFF316
:1089C0004F8FBFF36F8FFEE7A401002008B5684604
:1089D000FFF770FD0099FFF74DFFFFF7D3FEF6E7B5
:1089E0002DE9F041044600F04FF994F9455004F1A7
:1089F000240609E0606A48B1304600F0DDFF08B1A6
:108A000000F0EEFA6D1E6DB2002DF3DC4FF0FF3674
:108A100084F8456000F058F900F036F994F94450B4
:108A200004F1100709E0206948B1384600F0C4FF9E
:108A300008B100F0D5FA6D1E6DB2002DF3DC84F89C
:108A40004460BDE8F04100F03FB900002DE9F0417D
:108A50000546002600F04AFB324F386808B9FFF798
:108A60003BFD786905424DD18DB1083568070ED0C0
:108A700005F00700C0F108000544680707D0502042
:108A800080F31188BFF34F8FBFF36F8FFEE7CDB335
:108A90007868854236D8234918310846046801E0D1
:108AA000214604466068A84202D220680028F7D117
:108AB0003868844226D00E680836206808606068EE
:108AC000411B10290ED96019420707D0502080F3AE
:108AD0001188BFF34F8FBFF36F8FFEE74160656072
:108AE000FFF7B6FD61687868401A7860BA6890420E
:108AF00000D2B86078690143616000202060F868A6
:108B0000401CF86000F096FF700707D0502080F3FB
:108B10001188BFF34F8FBFF36F8FFEE73046BDE87C
:108B2000F08100008401002024384FF0807303623C
:108B300021F00101C1610449816142606FF00201CD
:108B400040F8201970470000A189000800B52DEDFC
:108B5000048B83B041EC190B01F020FC41EC180BA5
:108B600018EE100A18EE901A8DED008B002818BF31
:108B70000120084320F00040C0F17F6000F1E04098
:108B8000C00F14D019EE101A19EE900A8DED009B4B
:108B9000002918BF0121084320F00040C0F17F6088
:108BA00000F1E040C00F04BF0120F7F7FAFC51ECE0
:108BB000180B03B0BDEC048B00BD10B5002444EAD3
:108BC000036343EA024242EA01210843002110BD47
:108BD0000169D0E901329A60D0E901235A604A68FC
:108BE000824201D182684A60002202610868401E08
:108BF0000860086870470000034B036003F15400ED
:108C00000860802010607047E8010020044B03607A
:108C100003F1540008604FF480701060704700004A
:108C20003C04002000F1080141604FF0FF328260F7
:108C3000C16001610021016070470021016170473E
:108C400030B50C68621C02D000F1080202E0026933
:108C500004E01A4653681D68A542FAD953684B6070
:108C600099608A60516008610168491C016030BDEB
:108C700042684A6093688B609368596091600861AC
:108C80000168491C01607047502080F31188BFF3D0
:108C90004F8FBFF36F8F0A494868401C4860012816
:108CA0000CD10848006810F0FF0F07D0502080F367
:108CB0001188BFF34F8FBFF36F8FFEE7704700003F
:108CC000A401002004ED00E009494868002806D00E
:108CD000401E4860002801D180F311887047502061
:108CE00080F31188BFF34F8FBFF36F8FFEE7000053
:108CF000A401002070B500282AD008380446154D7C
:108D000060686969084207D1502080F31188BFF379
:108D10004F8FBFF36F8FFEE722683AB1502080F388
:108D20001188BFF34F8FBFF36F8FFEE788436060FA
:108D300000F0DCF960686968084468602046FFF765
:108D400087FC2869401C2861BDE8704000F072BEB5
:108D500070BD0000840100204FF0E020002101617F
:108D6000816105494FF47A720968B1FBF2F1491E3D
:108D700041610721016170479400002010B5F7F7A9
:108D8000CFFA114910280ED300F1E02090F8F0033B
:108D90000A78904207D2502080F31188BFF34F8F9A
:108DA000BFF36F8FFEE709480068896800F4E06050
:108DB000884207D9502080F31188BFF34F8FBFF34B
:108DC0006F8FFEE710BD0000A40100200CED00E055
:108DD00010B50022064B53F832401CB1521C082A31
:108DE000F9D310BD43F8321003EBC201486010BD47
:108DF000C828002070B504460D461646FFF744FF0C
:108E000094F944304FF000005B1C01D184F8440019
:108E100094F94510491C01D184F84500FFF754FF2F
:108E2000A06B28B93246294604F1240000F0F8F876
:108E30002046BDE87040FFF7D3BD000010B50246E4
:108E40000020002A12D00F48006B38B1502080F368
:108E50001188BFF34F8FBFF36F8FFEE700F046F925
:108E600000211046FFF7F4F900F0E4FD002807D1D7
:108E700005494FF080500860BFF34F8FBFF36F8FED
:108E800010BD00003401002004ED00E070B505467F
:108E90000E460023002D0BD096B1204A106BB8B1BE
:108EA000502080F31188BFF34F8FBFF36F8FFEE721
:108EB000502080F31188BFF34F8FBFF36F8FFEE711
:108EC000502080F31188BFF34F8FBFF36F8FFEE701
:108ED00000F00CF9D2682C68A119944205D98C4293
:108EE00008D9914206D9012304E08C4201D891426D
:108EF00000D9012329601BB1881A0021FFF7A8F9C6
:108F000000F098FD002807D105494FF08050086017
:108F1000BFF34F8FBFF36F8F70BD0000340100208F
:108F200004ED00E070B50446FFF7AEFE254D04B930
:108F30002C68201DFFF74CFE58B9E06A224A00EB6E
:108F4000800152F8211021B901218140286988430C
:108F50002861A06A18B104F11800FFF739FE686AA9
:108F6000401C68622868844208D11748211DC83017
:108F7000FFF77EFE6868401C686007E0A868401E36
:108F8000A8602046FFF775FAFFF7AAFCFFF79CFEE2
:108F90006869002814D02868844211D1286B38B140
:108FA000502080F31188BFF34F8FBFF36F8FFEE720
:108FB00006494FF080500860BFF34F8FBFF36F8FAB
:108FC00070BD0000340100200829002004ED00E0FD
:108FD00002490A6A0260C968416070473401002092
:108FE00001490120C86170473401002010B50C46CA
:108FF00000280AD0094909681831FFF721FE2046E8
:10900000BDE810400121FFF723B9502080F31188FB
:10901000BFF34F8FBFF36F8FFEE7000034010020D6
:1090200070B50D46144600280DD00B49096818315B
:10903000FFF71EFE0CB14FF0FF3521462846BDE874
:109040007040FFF705B9502080F31188BFF34F8FB0
:10905000BFF36F8FFEE700003401002030B587B00A
:1090600000250695059504AA05A906A8FFF7C4FDE5
:10907000DDE90510CDE900510290002317A1194840
:10908000049A00F0A3FB184CE06208B1012000E054
:109090000020012801D100F033FD012809D0401C37
:1090A00019D1502080F31188BFF34F8FBFF36F8F1A
:1090B000FEE7502080F31188BFF34F8FBFF36F8F0F
:1090C0004FF0FF30A06201206061E56007B0BDE8AD
:1090D000304000F043B807B030BD000049444C4573
:1090E0000000000025850008340100200248016BC3
:1090F000491C01637047000034010020154A106BC1
:10910000002802D00120D06170470020D061106992
:10911000B0FA80F0C0F11F000F4900EB800051F859
:10912000203073B101EB800041684968416000F173
:109130000803994201D1496841604068C0681060E5
:109140007047502080F31188BFF34F8FBFF36F8FAC
:10915000FEE7000034010020082900201CB5374834
:109160000168374A914207D1502080F31188BFF33C
:109170004F8FBFF36F8FFEE700683149491E884269
:1091800007D1502080F31188BFF34F8FBFF36F8F4B
:10919000FEE72C4908780190FF20087008780090BD
:1091A0009DF800009DF8002000F0F000904207D0EC
:1091B000502080F31188BFF34F8FBFF36F8FFEE70E
:1091C0009DF80000204C00F0500020700720A060A7
:1091D00006E0A068401EA0609DF8000040000090DE
:1091E0009DF800000006F4D4A068032807D05020A2
:1091F00080F31188BFF34F8FBFF36F8FFEE74FF4FB
:109200004070A060019808700C482030016841F45B
:1092100070010160016841F070410160FFF79CFD41
:1092200000206060F7F744F80848016841F04041C9
:109230000160F7F729F800201CBD000000ED00E0F8
:1092400071C20F4100E400E0A401002034EF00E00F
:10925000F8B505460E461746002D13D005FB06F05F
:109260004830FFF7F3FB044654B122464832002051
:1092700084F846003B46314628460094FFF766F9DD
:109280002046F8BD502080F31188BFF34F8FBFF305
:109290006F8FFEE738B5049D002804D05BB102B1A2
:1092A00089B1C2B120E0502080F31188BFF34F8F05
:1092B000BFF36F8FFEE7502080F31188BFF34F8F0D
:1092C000BFF36F8FFEE7502080F31188BFF34F8FFD
:1092D000BFF36F8FFEE739B1502080F31188BFF3E1
:1092E0004F8FBFF36F8FFEE7482400941C46012385
:1092F00084F846302B460094FFF728F9204638BD05
:1093000070B504460D46002C25D0FFF7BDFCD4E90E
:109310000F20216802FB0011A1600021A1632168D8
:109320006160E06B2268216C401E00FB0121E1605E
:109330004FF0FF3084F8440084F8450004F1100039
:109340008DB1FFF76FFC04F12400FFF76BFCFFF712
:10935000BBFC012070BD502080F31188BFF34F8FFC
:10936000BFF36F8FFEE721690029F0D000F024FBE6
:109370000028ECD004494FF080500860BFF34F8FB5
:10938000BFF36F8FE3E7000004ED00E02DE9FF4736
:1093900082B004468A461E460025002C03D0BAF14E
:1093A000000F08D011E0502080F31188BFF34F8FD9
:1093B000BFF36F8FFEE7206C38B1502080F3118827
:1093C000BFF34F8FBFF36F8FFEE7022E0AD1E06B22
:1093D000012807D0502080F31188BFF34F8FBFF3CF
:1093E0006F8FFEE700F020FA48B9049838B150209A
:1093F00080F31188BFF34F8FBFF36F8FFEE74FF0FD
:1094000000094FF08057DFF8E480FFF73DFCA06BC8
:10941000E16B884205D3022E03D0049808B325B32C
:1094200027E0324651462046FEF7ECFF616A59B10B
:1094300004F1240000F0C0FA68B1C8F80070BFF36E
:109440004F8FBFF36F8F06E028B1C8F80070BFF3ED
:109450004F8FBFF36F8FFFF737FC012006B0BDE8D9
:10946000F087FFF731FC0020F8E76846FFF7B0FD12
:109470000125FFF729FCFFF739FEFFF705FC94F9FA
:109480004400401C01D184F8449094F94500401CEC
:1094900001D184F84590FFF717FC04A9684600F055
:1094A00025F930B12046FFF79BFA00F0C3FA0020FF
:1094B000D4E72046FFF723F990B104F11000049996
:1094C000FFF794FD2046FFF78BFA00F0B3FA00286F
:1094D0009BD1C8F80070BFF34F8FBFF36F8F94E735
:1094E0002046FFF77DFA00F0A5FA8EE704ED00E0D4
:1094F0002DE9F0470446894690461F46002C03D0CC
:10950000B9F1000F08D011E0502080F31188BFF3AB
:109510004F8FBFF36F8FFEE7206C38B1502080F380
:109520001188BFF34F8FBFF36F8FFEE7022F0AD171
:10953000E06B012807D0502080F31188BFF34F8FD4
:10954000BFF36F8FFEE7FFF719FC5020EFF3118692
:1095500080F31188BFF34F8FBFF36F8FA06BE16B68
:10956000884206D3022F04D0002086F31188BDE87C
:10957000F08794F94550A06B3A4649462046FEF7DD
:1095800041FF681C04D06D1C84F845500120ECE7B5
:10959000606A0028FAD004F1240000F00DFA0028D7
:1095A000F4D0B8F1000FF1D00120C8F80000EDE7C9
:1095B0002DE9F74783B004468A460026002C03D0E5
:1095C000BAF1000F08D011E0502080F31188BFF3EA
:1095D0004F8FBFF36F8FFEE7206C38B1502080F3C0
:1095E0001188BFF34F8FBFF36F8FFEE700F01CF9B8
:1095F00048B9059838B1502080F31188BFF34F8FD8
:10960000BFF36F8FFEE700274FF08058DFF8D89048
:10961000FFF73AFBA56BC5B151462046FEF7DEFECB
:109620006D1EA563206950B104F1100000F0C4F96B
:1096300028B1C9F80080BFF34F8FBFF36F8FFFF7DA
:1096400043FB012006B0BDE8F087059808B126B1BC
:1096500007E0FFF739FB0020F4E701A8FFF7B8FCAB
:109660000126FFF731FBFFF741FDFFF70DFB94F9F2
:109670004400401C01D184F8447094F94500401C1A
:1096800001D184F84570FFF71FFB05A901A800F080
:109690002DF858B12046FFF7A3F900F0CBF920468A
:1096A000FFF720F80028B3D00020CBE72046FFF7D3
:1096B00019F890B104F124000599FFF797FC2046B2
:1096C000FFF78EF900F0B6F90028A1D1C9F80080A3
:1096D000BFF34F8FBFF36F8F9AE72046FFF780F9F4
:1096E00000F0A8F994E7000004ED00E02DE9F04156
:1096F00005460C46002D11D0C4B1FFF7C5FA194E2E
:10970000F0686B68C11A2268571C17D02F68366A38
:10971000B74215D0834213D801241DE0502080F3B6
:109720001188BFF34F8FBFF36F8FFEE7502080F398
:109730001188BFF34F8FBFF36F8FFEE700240BE05C
:109740008A4206D9501A20602846FFF741FC0024BF
:1097500002E0002020600124FFF7B6FA2046BDE8B1
:10976000F0810000340100202DE9FF5F8146DDE932
:109770000E788A4616469B46B000FFF767F9054605
:1097800028000AD05420FFF761F904460CB1256384
:1097900004E02846FFF7AEFA00E000249CB1002068
:1097A00084F85100CDE90240CDE900785B463246AD
:1097B00051464846FEF7D6FE2046FEF781FD0120C1
:1097C00004B0BDE8F09F4FF0FF30F9E7F0B585B089
:1097D0000746DDE90A600C9C002815D0E4B1542549
:1097E00003952063022084F85100002004ADCDE9E8
:1097F0000240CDE900653846FEF7B4FE2046FEF78C
:109800005FFD049805B0F0BD502080F31188BFF3D0
:109810004F8FBFF36F8FFEE7502080F31188BFF3A7
:109820004F8FBFF36F8FFEE705484169002903D0D2
:10983000006B18B10020704701207047022070476C
:10984000340100200148C068704700003401002046
:109850002DE9F0410026304F386B002805D0B8695B
:10986000401CB8613046BDE8F081FD686D1CFD60AC
:109870009DB9786B006838B1502080F31188BFF330
:109880004F8FBFF36F8FFEE7786BB96B7963B86367
:10989000386A401C3862FFF723F8B86ADFF87C802A
:1098A00085420DD3786B006838B1786BC068C468A6
:1098B0006068854212D2B86202E04FF0FF30B862B1
:1098C0003868C06A00EB800058F82000012800D9F1
:1098D0000126F8690028C5D00126C3E7201DFFF73F
:1098E00077F9A06A18B104F11800FFF771F9E06A7E
:1098F00001213A6981401143396100EB800008EB96
:109900008000211DFFF7B4F9E06A3968C96A88420E
:10991000C8D30126C6E70000340100200829002032
:1099200070B504460020002C41D0214D29688C429E
:1099300007D0502080F31188BFF34F8FBFF36F8F94
:10994000FEE7A16C71B1491EA164636CE26A9A42A0
:109950002DD000292BD1201DFFF73AF9154A0121FE
:1099600040B112E0502080F31188BFF34F8FBFF356
:109970006F8FFEE7E06A00EB800352F8233023B9D3
:1099800001FA00F3286998432861606CE062C0F135
:109990000700A061E06A2B6981401943296100EB4F
:1099A000800002EB8000211DFFF762F9012070BDED
:1099B00034010020082900202DE9F041C068C46866
:1099C000002C15D004F118000746FFF701F9174DD8
:1099D0002A6B0126A2B139461548FFF749F9E06A1A
:1099E0002968C96A88421ED90120EE61BDE8F0816C
:1099F000502080F31188BFF34F8FBFF36F8FFEE7C6
:109A0000201DFFF7E5F8E06A2A6906FA00F1114324
:109A10002961074900EB8000B43901EB8000211D6A
:109A2000FFF726F9DBE70020E0E700003401002023
:109A3000BC2900202DE9F041002400272D4D286B82
:109A4000002807D0FFF720F9286B401E2863286BF9
:109A500040B14AE0502080F31188BFF34F8FBFF32D
:109A60006F8FFEE7A868E8B3DFF88C8001261EE060
:109A7000D8F80C00C46804F11800FFF7A9F8201DFD
:109A8000FFF7A6F8E06A2A6906FA00F11143296196
:109A9000194900EB8000B43901EB8000211DFFF76C
:109AA000E7F8E06A2968C96A884200D3EE61D8F80D
:109AB00000000028DCD10CB1FEF712FFAC6944B104
:109AC000FFF7C6FE00B1EE61641E002CF8D1002045
:109AD000A861E86930B10127084938070860BFF379
:109AE0004F8F00E001E0BFF36F8FFFF7EDF83846CE
:109AF000BDE8F08134010020BC29002004ED00E025
:109B000030B587B00024FEF71FFC134D2868B0B1B4
:109B100000200690059004AA05A906A8FFF776F88C
:109B2000DDE905100222CDE90021029000230BA1FE
:109B30000C48049AFFF74AFE686000B1012414B192
:109B400007B0204630BD502080F31188BFF34F8FFF
:109B5000BFF36F8FFEE7000070010020546D72208C
:109B600053766300CD890008FEB50646089F9C46E3
:109B70000020002E13D0154D2C68002C0ED0009123
:109B800001920296062919DAFFF74EFE02280ED03E
:109B900000231A4669462868FFF7F8FBFEBD5020EF
:109BA00080F31188BFF34F8FBFF36F8FFEE7002361
:109BB0003A4669462868FFF7E9FBFEBD0023624686
:109BC00069462046FFF794FCFEBD000070010020AE
:109BD00081F00041704780F00040704721F0004163
:109BE000704720F00040704721F00042A2F160521F
:109BF000B2F5801F01F0004328BFD2F17F6C0BD972
:109C00005FEA001C43EAC20242EB507018BF704783
:109C100028BF20F001007047B2F5801FBCBF184676
:109C200070474FEA410C1CF5001F02D2084600F0B5
:109C3000E1BD70B500F01CFB00000089FFF7F6BF26
:109C40004FF00040A0F580007047000010B591EA89
:109C5000030F48BF83F0004300F17484841A71EB52
:109C6000030C05D2121943EB0C03001B61EB0C0132
:109C7000DFF824E14FEA1154A4EB135C1EEA430F12
:109C800018BF9EEA445F73D023EA0E03DCF1200E76
:109C900021EA045143F4801332D322FA0CFE10EB74
:109CA0000E0023FA0CFE41EB0E01CCF1200E03FA5C
:109CB0000EFE10EB0E0051F10001B1F5801FCCF14A
:109CC000200E32D201EB045112FA0EF2BDE8104020
:109CD00058BF7047401C38BF5FEA420218BF704748
:109CE000002814BF20F0010041F100014FEA4103B8
:109CF00013F5001F38BF7047A1F1C04100F006BB4B
:109D0000012A43EB0302ACF1200CDCF11F0E32BF41
:109D10004FF0000E23FA0CF310EB030041EB04515B
:109D2000B4EB115FD0D0A1EB045101F580114908CB
:109D30005FEA300001EB04510ED350F1000038BF50
:109D400012FA0EFE08D1BDE81040C9E7401C38BF2A
:109D50005FEA4202CAD1C3E7BDE810404FEA4103BF
:109D600013F5001F38BF7047A1F1C04100F0CEBA13
:109D70009EEA445F08D011EA5E0FBDE8104004BFC0
:109D800001F0004100207047BDE8104070B500F0C0
:109D90006FFA00BF64FBBE3E0000E0FF02494FF0D7
:109DA000000000F02CBD00BF0000F87F491058BF34
:109DB000C1F140415B1058BFC3F140438B42EFF308
:109DC000008070472DE9C04130B4DFF8A0C23CEA02
:109DD000111418BF3CEA131400F0EC8081EA03056B
:109DE0001CEA111444EAD57418BF1CEA131500F0DC
:109DF000C780A4EB05044FF0004545EAC12145EAC0
:109E0000C32341EA505143EA525304F17F7499420B
:109E100004F500344FEAC0204FEAC22208BF904246
:109E200000F09C804FEA13650FF24016765D4FEA12
:109E3000134506FB05F7C7F1807706FB07F74FEAE6
:109E4000D737A7FB03687642C8F58038A7FB06CE54
:109E500038BFA8F1010807FB08E64FF0000EA6FB8B
:109E6000028CE6FB03CEDCF1000CCEF1004E38BFD5
:109E7000AEF1010EA6FB0C584FF000074FF00005A5
:109E8000E6FB0E87A1FB08C6A0FB07CE16EB0E066D
:109E900045F10005E1FB076515F1E04E7EBFA4F535
:109EA00080345FEA46066D4116F1800745F10005F2
:109EB0004FEA17274FEA066647EA0567A6F1DE462E
:109EC000B6F1805F4FEA15251FD9384624F0010C02
:109ED00005EBC471BCF1FE6F01EB0C1102D8F0BCB4
:109EE000BDE8008124425CBF01F5801E9EEAC47F6C
:109EF00002D4F0BCBDE80081244238D4F0BCA1F10A
:109F0000C041BDE8004100F001BA4FEAD22242EA66
:109F100043524FEAD323A7FB02864FEAD02040EA00
:109F2000415007FB03661EEA0E0F4FEAD12105FBE5
:109F3000026658BFA6EB0056B6EB00564FEA520E2B
:109F40004EEAC37E18EB0E0E56EB530EBDD518EB42
:109F500002085E417F1C55F10005B6E74FF48015FD
:109F60004FF000074FF000064FF00008ADE7F0BCDF
:109F70004FF0000001F1C04101F00041BDE8008157
:109F800011EA0C1F0CEA131500D00CE013EA0C1FA9
:109F900000F025804FF00000F0BC81EA030101F0E1
:109FA0000041BDE80081F0BCBDE8004181EA030149
:109FB00000F0ACB9F0BCBDE8004170B500F058F954
:109FC000097EFC3E00F007B881EA03014FF0000073
:109FD00001F00041704781EA030100F097B9F0BC3D
:109FE000BDE800414FF0000021497047FFFDFBF93B
:109FF000F7F5F4F2F0EEEDEBE9E8E6E4E3E1E0DEBC
:10A00000DDDBDAD8D7D5D4D3D1D0CFCDCCCBCAC82D
:10A01000C7C6C5C4C2C1C0BFBEBDBCBBBAB9B8B754
:10A02000B6B5B4B3B2B1B0AFAEADACABAAA9A8A847
:10A03000A7A6A5A4A3A3A2A1A09F9F9E9D9C9C9B15
:10A040009A999998979796959594939392919190C0
:10A050008F8F8E8E8D8C8C8B8B8A89898888878751
:10A060008685858484838382828181800000FF07C6
:10A070000000F87F10F0004248BF4042B0FA80F381
:10A0800010FA03F10AD0C3F11D0303F580634FEA10
:10A09000415002EB035202EBD12170474FF0000018
:10A0A0007047000051EA030C17D41CF5801F58BFFD
:10A0B000BCF5801F00F10680994218BF704708BFA9
:10A0C0009042704707D711F5801F58BF13F5801FC6
:10A0D00019D499427047894270471CF5801F08D5F2
:10A0E000BCF5801FF7D58B4218BF704708BF82426E
:10A0F00070474FF4001C1CEB410F38BF1CEB430FA3
:10A1000001D28B42704770B500F0B2F8922449003A
:10A110004FF000514FF08053FFF748BEDFF848C1C1
:10A1200070B51CEA111E1EBF1CEA13159EEA0C0F27
:10A1300095EA0C0F00F06F8081EA030423EA4C13C8
:10A140004EEAD47E21EA4C1141F4801143F480138D
:10A15000AE44A1FB024CA0FB0365AEF17F7E361935
:10A1600055EB0C05A1FB034C4CF10003A0FB021CBA
:10A1700016EB0C06654153F10003094218BF46F087
:10A18000010613F4007F0BD14FEA03314FEA05308B
:10A19000340341EA155140EA16506FF003020AE019
:10A1A0004FEAC3214FEAC520F40241EA555140EA83
:10A1B00056506FF0020202EB2E4201EB025585EA87
:10A1C000CE710AD05FEA440C18BF24F0004450F16D
:10A1D000000041F1000120EAD47040F2FE7C6245AB
:10A1E00000D270BDA84214BF4FF080444FF04044ED
:10A1F000002E08BF0024BEF1806FA8BFA1F1C041AE
:10A20000BDE8704080F282804FF0000001F1C04153
:10A2100001F0004170479EEA0C0F0CEA131518BFBD
:10A2200095EA0C0F06D04FF0000081EA030E0EF005
:10A23000004170BD00F01CF88900013E00F007B835
:10A2400000F009B84FEA430C5FEA5C5C08D081EA91
:10A25000030100F05BB84FEA410C5FEA5C5CF6D1A9
:10A260004FF00000014970470000FF070000F87F31
:10A270000EF1020E2EF0030E5EF8046B364205D48A
:10A28000012A43EB030515F5001F12D8012841EB05
:10A29000010C1CF5001F0CD80ED14FEAD17C15F52E
:10A2A000001F0CEB4C0C0CF1020C08BF4CEBD37CE8
:10A2B00004E04FF0080C01E04FEAD37C0CEB4C05B6
:10A2C00026FA05F606F00706B6F1040C06D20EEBE8
:10A2D000860CBDE870404CF0010C6047DFE80CF0E4
:10A2E000090B02024FF000414FF00000A1F50021E0
:10A2F00070BD19461046012851EB010418BFD4F572
:10A30000001484BF002001F0004170BD0808A0F5D2
:10A3100000114FEA3101704753EA010C17D41CF5C4
:10A32000801F58BFBCF5801F00F106808B4218BF0C
:10A33000704708BF8242704707D713F5801F58BF88
:10A3400011F5801F19D48B4270479B4270471CF552
:10A35000801F08D5BCF5801FF7D5994218BF7047FC
:10A3600008BF904270474FF4001C1CEB430F38BFEE
:10A370001CEB410F01D2994270470FB40CBC03BCD7
:10A38000FFF7C1BE91EA030F10B581F000413FF520
:10A3900065AC83F0004300F0D5B800002DE9F04132
:10A3A00001F5801CBCF5001FC0F2A9804FEA115CCA
:10A3B00021EA0C510CF1FD0C41F480115FEA5C0CB8
:10A3C0000CF5C07C01D34000494130A4890241EA28
:10A3D000905187028E0E0A0CA45D04FB04F602FB6A
:10A3E00006F6C6F14046A4FB0662F60D46EA422692
:10A3F00006FB06F4A4FB01235242C3F1404338BFDD
:10A400005B1EA6FB02420024E6FB0324D20B42EAB9
:10A410004446A6FB0623A1FB02E2A3FB07E4E3FB01
:10A4200061426442C2F1404E38BFAEF1010EA6FB5C
:10A4300004234FF00002E6FB0E32A2FB0346340079
:10A44000E2FB6264A1FB06E6A4FB07E8E4FB6168AB
:10A450007642C8F1405838BFA8F10108A2FB06E4D3
:10A46000A3FB08E5E2FB6854A1FB05E6A7FB04E8B3
:10A47000E1FB648618F1200556F10006A809A8F151
:10A480001B08B10908F03F08B8F10A0F40EA8660DE
:10A490001CD901EB0C51BDE8F08100BFFCF5EEE8E2
:10A4A000E2DDD8D3CFCBC7C3C0BDB9B6B4B1AEAC73
:10A4B000A9A7A5A3A19F9D9B9A9896959392908FEB
:10A4C0008D8C8B898887868584838281A0FB006838
:10A4D00000FB01F208EB4208B8EB872807D53418D7
:10A4E00058EB0104D5D5401C51F10001D1E7341AD5
:10A4F00078EB0104CDD4401E71F10001C9E75FEA99
:10A500004C0C5FEA9C5C0DD105D34FF0000001F0CC
:10A510000041BDE8F081BDE8F04170B5FFF7A8FE4D
:10A520006DDBFFBEBDE8F0414FF000000049704711
:10A530000000F87F10B591EA030F48BF83F0004395
:10A540003FF58CAB841A71EB030C07D212198CF017
:10A55000004C43EB0C03001B61EB0C01DFF8A4E1A2
:10A560004FEA1154A4EB135C1EEA430F18BF9EEA96
:10A57000445F00F0B08023EA6E03524221EA0451A6
:10A58000C3EB6E0338BF5B1EDCF1200E25D322FA2D
:10A590000CFE10EB0E0043FA0CFE41EB0E01CCF169
:10A5A000200E03FA0EFE10EB0E0051F10001CCF16B
:10A5B000200E29D412FA0EF201EB0451BDE810402E
:10A5C00058BF7047401C1CBFB2F1004F70470028B5
:10A5D0000CBF491C20F00100704712EB020E43EB48
:10A5E000030218BF4FF0010E4EEA4202ACF1200CFC
:10A5F000DCF11E0E54D943FA0CFE10EB0E0051F1A3
:10A60000FF31CCF11E0ED5D50EF1010E12FA0EFE61
:10A61000404141EB010101EB445C5FEA5C5C10D915
:10A6200010EBDE7001EB045138BFBEF1004FBDE806
:10A63000104018BF704700280CBF491C20F00100D3
:10A64000704730D24FEAD42C11F5001124F4006485
:10A650001BD0B1FA81F20B3AA41AA41ED2F1200346
:10A66000914030FA03F31943904001EBCC71002C78
:10A6700001EB0451BDE81040A8BF704701F1C04193
:10A680004FF0000001F000417047B0FA80F310FA7B
:10A6900003F100D110BDE41A173C4805C90AE4E7EC
:10A6A00001EB045110BD491001EB0451BDE810400D
:10A6B0004FEA300002E04FF0000170474A0008BF47
:10A6C0000042F8D0B2F5001F28BF704701F00041EA
:10A6D0004FF0000070479EEA445F07D011EA5E0F1A
:10A6E000BDE8104004BF002100207047BDE81040C5
:10A6F00070B5FFF7BDFD00BF40DFF63E83F00041BF
:10A70000104670470000E0FF43004FEAD30C4FEAC9
:10A710003C0C43401FBF40070CF1605113F0FE4F4B
:10A7200070471CF0006F03D100200CF0004170470F
:10A730000CF0004343EA507010B540EACC0000F042
:10A740000EF800BF000000924FEA0001FFF7DEBDE7
:10A750004FF000414FF00000A1F5002170470EF1CD
:10A76000020E2EF0030E5EF8044B244204D44FEA8E
:10A770004102B2F17F4F11D84FEA4003B3F17F4F4E
:10A780000CD80ED14FEAD07CB2F17F4F0CEB4C0CC1
:10A790000CF1020C08BF4CEBD17C04E04FF0080C2C
:10A7A00001E04FEAD17C0CEB4C0324FA03F404F0F3
:10A7B0000704B4F1040C06D20EEB840CBDE8104083
:10A7C0004CF0010C6047DFE80CF0070802024FF084
:10A7D0000040A0F5800010BD0846420018BFD2F12D
:10A7E000807288BF00F0004010BD4FF04070E1EE75
:10A7F000100A7047FF2141EAD050C00570470CF0A5
:10A800000F03092B08BF082000F059800A2B0BD03A
:10A81000082B18BF704708BF1CF0400F0AD04FF03C
:10A8200000004FF0000170471CF0400F18BF4FF0C0
:10A83000004070471CF0100F08D020F0704300F06B
:10A840007F4242EAD3014FEA4370704700F0604014
:10A8500021F07F4242EA000201F07F4040EA72703C
:10A8600070474FF0FF0C4CF4E06C1CEA11531CBF16
:10A870009CEA030C9445C2BFDA4201EB02517047D7
:10A88000002B0DD0BCF1000F0FD0002A01F00041C9
:10A89000A4BF41F0E04141F07F614FF000007047FC
:10A8A00001F000414FF00000704750EA01334FF0D3
:10A8B0009B0C18BF4CF0806C7FF470AA70471CF49E
:10A8C000801F11D01CF4E02F03D06FEACC31490077
:10A8D00070474FF04050EFF3008222F0704242EA9E
:10A8E000000282F3008870474FF0000070470000BC
:10A8F000E4AA00082D060008030000000000000084
:10A90000800000000000000000000000A8AA00086D
:10A91000F5070008030000000000000080000000B0
:10A920000000000000000000D0AA00085508000840
:10A93000030000000400000000010000000000000F
:10A940000000000098AA000871060008030000003B
:10A9500000000000000100000000000000000000F6
:10A9600080AA00084D8000080100000000000000DF
:10A97000800000000000000000000000BCAA0008E9
:10A980007F480008030000000000000000010000F4
:10A990000000000000000000F0AA00080371000899
:10A9A0000300000000000000800000000000000024
:10A9B0000000000084AA0008250900080300000028
:10A9C0000000000000010000000000000000000086
:10A9D000000000000000000001020304060708094F
:10A9E0000000000001020304000610160006101605
:10A9F000000000000000F03F000000000000F83FF1
:10AA000000000000000000000000004003B8E23F2A
:10AA1000000000000000000006D0CF43EBFD4C3EDC
:10AA2000033333333333E33FFFAB6FDBB66DDB3FD1
:10AA30004D268F515555D53F01411DA96074D13F19
:10AA400065DBC9934A86CD3FEF4E454A287ECA3F13
:10AA50003E5555555555C53F93BDBE166CC166BF95
:10AA60002CDE25AF6A56113FF16BD2C541BDBBBE8E
:10AA7000D0A4BE726937663E0000000000000000EE
:10AA80006C656400437573746F6D436F6E74726FA1
:10AA90006C5F5461736B000043616E5F53656E645D
:10AAA0005461736B0000000043616E315F52656357
:10AAB000656976655461736B00000000535049323C
:10AAC0005F526563656976655461736B00000000D1
:10AAD00043616E325F526563656976655461736B7D
:10AAE0000000000053746172745461736B000000C5
:10AAF000566F66614173736973745461736B0000C0
:10AB000020AB000800000020E8010000C40100089C
:10AB1000F8AB0008E801002070AA0000200200083D
:10AB2000013013C958140809591B0815041A3D04AB
:10AB30001A79041A99141AD5041704030904120186
:10AB40001402020216408304405726020102030148
:10AB5000031A1A031379071B0873041A6B041A9D4E
:10AB6000041AC504111324F4193711B21014810109
:10AB700082130A0632022A401C1C0902435F112577
:10AB8000C03209041B01020B130524161001052411
:10AB90000110090104240202052406170107058299
:10ABA00003081C10090495320A2E0705010240070C
:10ABB0002A8107111359541408C9521C0855567498
:10ABC00031135D531B0811101A8904C11ADD181ABC
:10ABD000A1041A1D301A950801741AAA0141130123
:10ABE000071B08350401142AFF03190519074AFF3A
:08ABF0000779130200FF0000C9
:040000050800018965
:00000001FF
