:020000040800F2
:1000000038BA00202903000805580008C149000833
:10001000FD560008790A000835930008000000002A
:10002000000000000000000000000000690200085D
:100030007912000800000000C50200087969000874
:100040004303000843030008430300084303000878
:1000500043030008430300087B1200084303000821
:100060004303000843030008430300084303000858
:100070005911000843030008430300084303000824
:10008000430300084303000843030008890A0008EB
:100090007D0A0008430300084303000843030008E7
:1000A00043030008516A00084303000843030008A3
:1000B0004303000843030008430300084303000808
:1000C00043030008430300084303000843030008F8
:1000D00043030008430300084303000843030008E8
:1000E00043030008430300084303000843030008D8
:1000F00043030008430300084303000843030008C8
:1001000043030008430300084303000843030008B7
:1001100043030008430300084303000843030008A7
:100120004303000865110008430300084303000867
:10013000430300084303000843030008A10A000822
:10014000950A000843030008430300080958000803
:10015000711100087D110008891100083974000828
:100160004303000843030008430300084303000857
:100170004303000843030008430300080000000095
:10018000430300084303000800F002F800F05CF8A5
:100190000AA090E8000C82448344AAF10107DA45E2
:1001A00001D100F051F8AFF2090EBAE80F0013F0D8
:1001B000010F18BFFB1A43F001031847E0D20000FB
:1001C00000D300000A444FF0000C10F8013B13F07C
:1001D000070408BF10F8014B1D1108BF10F8015BA0
:1001E000641E05D010F8016B641E01F8016BF9D193
:1001F00013F0080F1EBF10F8014BAD1C0C1B09D1EA
:100200006D1E58BF01F801CBFAD505E014F8016B5B
:1002100001F8016B6D1EF9D59142D6D370470000ED
:100220000023002400250026103A28BF78C1FBD8FF
:10023000520728BF30C148BF0B6070471FB50CF094
:10024000F6FC1FBD10B510BD00F0DCF91146FFF73C
:10025000F5FF09F071FF00F0FAF903B4FFF7F2FFC0
:1002600003BC00F0FDF900002C4B19680868B0E8E9
:10027000F04F80F30988BFF36F8F4FF0000080F3D9
:10028000118870470000000008480068006880F38B
:1002900008884FF0000080F3148862B661B6BFF39F
:1002A0004F8FBFF36F8F00DF00BF00BF08ED00E08E
:1002B000DFF80C00016841F470010160704700BF75
:1002C00088ED00E0EFF30980BFF36F8F134B1A68DE
:1002D0001EF0100F08BF20ED108A20E9F04F1060CB
:1002E00009B44FF0500080F31188BFF34F8FBFF374
:1002F0006F8F0BF08FF94FF0000080F3118809BC6D
:1003000019680868B0E8F04F1EF0100F08BFB0EC95
:10031000108A80F30988BFF36F8F7047B005002003
:10032000EFF30580704700000948804709480047FF
:10033000FEE7FEE7FEE7FEE7FEE7FEE7FEE7FEE795
:10034000FEE7FEE704480549054A064B70470000F2
:10035000416A00088901000838B4002038BA00203A
:1003600038B6002038B6002053EA020C00F069804D
:100370002DE9F04B4FF00006002B1FBFB3FA83F5B9
:1003800003FA05F424FA05F65E4012BF1643B2FAEA
:1003900082F502FA05F4C5F120051EBF22FA05FC1C
:1003A00044EA0C04203556EA044C4FEA144418BFC2
:1003B000641C4FF000084FF00009904271EB030CF1
:1003C00039D3002919BFB1FA81F701FA07F6B0FA5B
:1003D00080F700FA07F6C7F120071EBF20FA07FCD6
:1003E00046EA0C062037B6FBF4FCA7EB0507103FE6
:1003F00007F01F0BCBF120060CFA0BFB2CFA06F6CC
:1004000044BFB3460026202FA4BF5E464FF0000B2A
:100410005BEA060C08BF4FF0010B19EB0B09ABFBB5
:10042000027C48EB0608C01B06FB02CC0BFB03CC8E
:1004300071EB0C01C1E70B46024641464846BDE858
:10044000F08B13B54FF000004FF00001AFF30080C8
:10045000BDE81C407047032A40F2308010F0030CC6
:1004600000F0158011F8013BBCF1020F624498BF07
:1004700011F801CB00F8013B38BF11F8013BA2F1A4
:10048000040298BF00F801CB38BF00F8013B11F01F
:10049000030300F02580083AC0F0088051F8043BBF
:1004A000083A51F804CBA0E80810F5E7121D5CBF2C
:1004B00051F8043B40F8043BAFF30080D20724BF5F
:1004C00011F8013B11F801CB48BF11F8012B24BFF3
:1004D00000F8013B00F801CB48BF00F8012B704742
:1004E00010B5203AC0F00B80B1E81850203AA0E8CF
:1004F0001850B1E81850A0E81850BFF4F5AF5FEA03
:10050000027C24BFB1E81850A0E8185044BF18C9B5
:1005100018C0BDE810405FEA827C24BF51F8043B5C
:1005200040F8043B08BF7047D20728BF31F8023BB0
:1005300048BF11F8012B28BF20F8023B48BF00F844
:10054000012B70474FF000020429C0F0128010F018
:10055000030C00F01B80CCF1040CBCF1020F18BF9F
:1005600000F8012BA8BF20F8022BA1EB0C0100F032
:100570000DB85FEAC17C24BF00F8012B00F8012B05
:1005800048BF00F8012B70474FF0000200B513463A
:1005900094469646203922BFA0E80C50A0E80C50A3
:1005A000B1F12001BFF4F7AF090728BFA0E80C5054
:1005B00048BF0CC05DF804EB890028BF40F8042B4D
:1005C00008BF704748BF20F8022B11F0804F18BFBA
:1005D00000F8012B704770477047704710B500F066
:1005E00009F8006810BD10B5044600F003F8046077
:1005F00010BD000000487047D8B300200048704785
:10060000D8B300207546FFF7F9FFAE4605006946EE
:10061000534620F00700854618B020B5FFF792FE3C
:10062000BDE820404FF000064FF000074FF00008F3
:100630004FF0000B21F00701AC46ACE8C009ACE874
:10064000C009ACE8C009ACE8C0098D46704710B5D8
:100650000446AFF300802046BDE81040FFF7FDBD23
:1006600001491820ABBEFEE72600020070470000DB
:100670002DED0E8B05F018F83F4C9FED40AA9FED35
:10068000408A9FED409ADFED408ADFED40AA9FED62
:1006900040BADFED40BADFED409A9FED40CADFED92
:1006A00040CA9FED40DADFED40DA9FED40EA404D71
:1006B000404E0AF075FD226801213F4890472268AC
:1006C00002213E48904704F09BFC09F0C5FB00F076
:1006D000C9FDB0EE4A3AF0EE482AB0EE492AF0EEF3
:1006E000681AB0EE6A1AF0EE4B0AB0EE6B0A3448A4
:1006F00005F038FAB0EE483AF0EE482AB0EE492A52
:10070000F0EE681AB0EE681AF0EE690AB0EE4C0A24
:100710002C4805F027FAB0EE483AF0EE482AB0EE41
:10072000492AF1EE081AB0EE6C1AF6EE000AB0EEA5
:100730004D0A254805F016FAB0EE483AF0EE482A80
:10074000B0EE492AF0EE681AB0EE6D1AF0EE690AC2
:10075000B0EE4E0A1D4805F005FA00F055FB1C48A6
:1007600004F0B2F906F0C4F868688047306B0AF00C
:1007700065FE0AF035FD9CE7C80300200080BB45FC
:1007800000401C460060EA460000000000007A4479
:100790008FC2F53D00408344ACC52737E7FBA93D38
:1007A00000806D44008089440AD7233C0AD7233E49
:1007B0008C03002000000020D80C0020000D002039
:1007C000AC1B0020FC1B00204C1C00209C1C0020AB
:1007D000C00E00208AB0084C6D464FF0FF3707AEC0
:1007E0003A46694620680BF0E7F909AB3246291D05
:1007F000009800F0C7FEF3E7080000202DE9F04F55
:10080000DDE90BC8DDE90EABDDF83490DDE9096701
:10081000002404E0C4F1020E00F80E50641C032C06
:1008200002DA0D5D002DF5D110F8031F21F038011B
:10083000203162F302010170018863F389110180A4
:10084000417866F385014170818868F309018180F0
:10085000B0F8051069F38C01A0F80510C1886AF39F
:100860004F11C180B0F8011067F38E11A0F801108C
:1008700041886CF3CF114180B0F809106BF38C0103
:10088000A0F809104289109961F34F124281BDE826
:10089000F08F00003EB50020019002901D49C889EC
:1008A000020A8DF804208DF80500488B020A8DF8A5
:1008B00006208DF807001848DFED180AD0F87600FA
:1008C00000EE100A20EE200ABDEEC00A10EE100A5B
:1008D000020A8DF808208DF809004A7D9DF80A006B
:1008E00002F0010210438DF80A00097F9DF80B0009
:1008F00001F0010140EA41008DF80B0001A80090D1
:10090000074840F20F130022446807480549006871
:10091000A0473EBD601100200812002000007A446C
:10092000C8030020000D0020080000200FB49DF82F
:100930001D009DF81C1040EA012000B200EE100AD4
:10094000F8EEC00A9DF81F009DF81E1040EA012035
:1009500000B200EE100AB8EEC01A9DF821009DF812
:10096000201040EA012000B200EE100AF8EEC01A92
:100970009DF823009DF8221040EA012000B200EE0D
:10098000100A0F49B8EEC00A81ED020A0D48C0ED09
:10099000000A80ED011ADFED0C0A81EEA01A80ED4D
:1009A000021A887C002808D108489FED091AD0ED6A
:1009B000020A40EE410AC0ED020A04B0704700008E
:1009C00060110020A01D0020000048C37C1D0020F5
:1009D0008FC2753D0FB49DF81D009DF81C1040EAB4
:1009E000012000B200EE100AB8EEC00A9DF81E0009
:1009F0001B49400848749DF81F0000F001020A7569
:100A0000C0F340028A74C0F38003CB74C0F3C0000B
:100A100008749DF821009DF8203040EA0320114B16
:100A200098801148002A15D0B5EEC00A0F4AF1EEA1
:100A300010FA01D192ED020AD1ED020A9FED0C1AD3
:100A400060EE810AC0ED000A30EE200A82ED020A53
:100A500004B070479FED070A80ED000AF8E7000038
:100A6000601100208C1B0020840000207C1D0020D1
:100A70008FC2F5BC00000000FEE70000014800F056
:100A800005BF0000D80C0020014800F0FFBE0000A8
:100A9000D80C0020014800F0F9BE0000000D002035
:100AA000014800F0F3BE0000000D002010B50B4619
:100AB000002101614161416281610122C2610262E2
:100AC000016041608160C1600146184600F0CCFDC4
:100AD000002803D0BDE8104000F0D2BB10BD0000DC
:100AE00010B50446491EC8B200EB400101EB0010EE
:100AF000074901EB80002146FFF7D8FF204601F0AF
:100B000062F92046BDE81040022100F029BD000036
:100B1000A415002010B58AB00C9C0191002A12D0B7
:100B20000393049200210591082206928DF81C106F
:100B3000216808916168099100231A4601A90AF009
:100B400029FF0AB010BD0293EBE704284FF0000024
:100B5000704700207047000010B500220449054886
:100B600006F082FE0449034806F070FE002010BD26
:100B7000BC2A0020E01D0020BC22002070B50546E4
:100B80000C462946064806F061FE054806F02EFE92
:100B90002188284689B200F007F8002070BD0000C7
:100BA000E01D00200020704710B50A460849D1F822
:100BB000BC12D1F81412002901D0012010BD014649
:100BC000034806F051FEBDE81040014806F0E4BEBF
:100BD000E01D00208EB01B4E4FF0FF3809AF42469B
:100BE00005A930680AF0E8FF059CA4F2012003285B
:100BF0000BD8142239466846FFF772FC124806A942
:100C00000EC905682046A847E9E7B4F5027F0DD074
:100C1000512CE4D1142239466846FFF761FC0B4899
:100C200006A90EC945682046A847D8E714223946C8
:100C30006846FFF755FC064806A90EC945682046D8
:100C4000A847CCE700000020180400205004002032
:100C5000240400208EB01D4F1D4E4FF0FF390DF1C2
:100C600024084A4605A938680AF0A6FF059CA4F2A4
:100C7000052003280BD8142241466846FFF730FCB4
:100C8000144806A90EC905682046A847E9E7A4F557
:100C900080710F390ED0A4F580711F39E1D1142273
:100CA00041466846FFF71CFC06A975680EC9204638
:100CB000A847D6E7142241466846FFF711FC06A96B
:100CC00035680EC92046A847CBE700000400002085
:100CD00078000020180400202DE9F04F0BAFDDE96B
:100CE00009C897E8800E0F9D002404E0C4F1020EAD
:100CF00000F80E60641C032C02DA0E5D002EF5D1A4
:100D000010F8031F41F0380162F3020101700188FD
:100D100063F38911018041786CF385014170B0F86B
:100D2000011068F38E11A0F80110418867F3CF110C
:100D30004180818869F309018180B0F805106AF368
:100D40008C01A0F80510C1886BF34F11C180C01E43
:100D5000002104E0431815F8012BDA73491CB9424D
:100D6000F8D3BDE8F08F2DE9F047DDE90AC8DDE9E9
:100D70000867DDF83090002404E0C4F1020A00F8AE
:100D80000A50641C032C02DA0D5D002DF5D110F819
:100D9000031F21F03801103162F302010170018854
:100DA00063F389110180417866F385014170818880
:100DB00067F309018180B0F805106CF38C01A0F88D
:100DC0000510C18868F34F11C180018969F30901D9
:100DD0000181BDE8F08700009FED0A0A80ED000A5E
:100DE00080ED010A80ED020A80ED040A80ED030A1D
:100DF00080ED0B0A80ED0C0A80ED0D0A80ED0F0AE4
:100E0000704700000000000010B51A489FED1A1A44
:100E100090ED020A1948C0EE010A00889FED181AE9
:100E200000EE100A1748B8EE400A00EE810A80ED85
:100E3000020AF2EE040AB7EE000A903804F002FD4E
:100E4000F2EE040AB7EE000A0F4804F0FBFC0D486E
:100E5000F1EE080AB7EE000A603804F0F3FC094826
:100E6000BDE81040F1EE080AB7EE000A303804F091
:100E7000E9BC0000681700200000B443681B002094
:100E8000000000467C1D002030110020FEB52548E2
:100E90000024254E007C01281CD0B07F01281AD1E7
:100EA00022488068804701940294308800EE100A3E
:100EB0001E480C38B8EE400AD0ED020A30EE200A87
:100EC000DFED1B0A10EE100AB0F18B4F04DD30EE9F
:100ED000600A08E03484FEBD10EE100A10F16A5F6B
:100EE00001D930EE200ADFED130A20EE200ADFEDF3
:100EF000120A20EE200A0AF0F1F801AD0095B6F9C9
:100F00001C000E49034602460C680146A0470C48E7
:100F1000009540F2FF1344680B480022094900681D
:100F2000A047FEBD60110020681B00204004002087
:100F300000000046000000390000B4C32404002073
:100F4000C8030020D80C0020080000202DE9F04143
:100F50002DED028B704C238CDFED700A704A204619
:100F6000704992ED020A008880EE201ADFED6E0AC9
:100F70001E2B07D800EE100AB8EE400A01EE200A38
:100F800081ED020A91ED020A10EE103AB3F18C4F96
:100F900004DD30EE600A81ED020A08E010EE103A3E
:100FA000B3F1464F03D930EE200A81ED020A21EE5B
:100FB000200A01EE100AB8EE411A31EE000A4FF095
:100FC0008B465A4F10EE100AB04202DD30EE600A36
:100FD00005E010EE100AB84201D930EE200A54485C
:100FE000BDEEC01A11EE103AC38191ED021A514DB7
:100FF00030EE410A92ED051AD5ED011A01EE810A93
:1010000010EE101AB94202D330EE200A05E010EEBD
:10101000101AB14201DB30EE600A807C9FED468AF7
:10102000B0B3012830D110EE100A4449884206DAE4
:1010300010EE100A4249884201D2B0EE480A3948FF
:10104000F0EE400AB0EE480AE03804F031FD84EDDD
:10105000050AD4ED010A3B493B48F8EEE00A04F0EA
:10106000A9FDBDEEC00A10EE100A00B2A08300EE8A
:10107000100A2C48B8EEC00A603804F0FBFBBDEE45
:10108000C00A10EE100AA083BDEC028BBDE8F0810F
:10109000FFE710EE100A2D49884206DA10EE100A1A
:1010A0002B49884201D2B0EE480A1E48903804F01D
:1010B000E1FBF0EE400A68782978884209D322489B
:1010C000B0EE480A503804F0F3FC84ED050A002025
:1010D00068706878401C687094ED010A1A481D49D0
:1010E000F8EEC00A94ED050AA03804F063FDBDEEE9
:1010F000C00A10EE100A00B2A08300EE100A0948E0
:10110000B8EEC00A303804F0B5FBBDEEC00A10EEF0
:10111000100AA083B8E70000681B00200000B44359
:10112000681700207C1D002000000046000080C5DC
:101130006011002034040020000000000000204165
:10114000000020C1580000204C1C00200000A040DE
:101150000000A0C038000020014800F0C1BE00001F
:10116000C80F0020014800F0BBBE0000281000207E
:10117000014800F0B5BE0000080F0020014800F053
:10118000AFBE000088100020014800F0A9BE00009A
:10119000680F00200168CAB2103A1823B2FBF3F2BC
:1011A000064B9B5CC3656FF30901032A02D9091D35
:1011B000816500E08165806D70470000C0D2000845
:1011C00010B5014600208A6A8B694FF0C074002B6D
:1011D0000ED0B3F5005F1AD062B3012A2AD0022ADA
:1011E00028D0032A03D1C96AC90100D5012010BD46
:1011F0001AB1012A06D0022AF9D1C96AC901F6D565
:10120000012010BDC96AA142FBD1012010BD52B11D
:10121000012A0AD0022A06D0032AF7D1C96AA142BC
:10122000F4D1012010BD012010BDC96AC901FBD550
:10123000012010BD012010BD30B50468256825F4DB
:1012400080252560046863608368402B04D00368B0
:1012500099600068C26030BD03689A600068C16030
:1012600030BD000012220249024803F068B80000B5
:1012700096170020780E00207047012000F0CEBFA6
:1012800072B6FEE72DE9F04FDDE90BC8DDE90D9AF6
:10129000DDE90967002404E0C4F1020B00F80B50FB
:1012A000641C032C02DA0D5D002DF5D110F8031F2C
:1012B00021F03801283162F302010170018863F3E3
:1012C00089110180417866F385014170818868F356
:1012D00009018180B0F8051069F38C01A0F80510B0
:1012E000C1886AF34F11C180B0F8011067F38E1105
:1012F000A0F8011041886CF3CF114180DFED0C0A9A
:1013000020EE200ABDEEC00A10EE101A028961F329
:1013100009020281B0F809208B0A63F38C02A0F85D
:1013200009204A0D418962F34F114181BDE8F08FD8
:1013300000007A4470B58AB00446002008900990F5
:101340000690079004900590029003900090019001
:1013500008A9204603F02FFD9DED080A06A904A860
:1013600004F0CEF99DED090A02A9684604F0C8F917
:101370000698454BC0EBC001029803EB810202EBDB
:1013800080059DED000AD5ED000A039D02EB850264
:1013900060EE801A92ED001ADDED010A079A40EE28
:1013A000811A9DED041AC2EBC20203EB820303EB28
:1013B000800521EE812AD5ED001A039D03EB8503FC
:1013C00061EE802AD3ED001A40EEA12ADDED051A68
:1013D00001EEA22A2C4DC43505EB810303EB8006F8
:1013E000D6ED002A039E03EB860362EE802A93ED7E
:1013F000003A05EB820303EB800540EE832A95ED6E
:10140000003A03EB860323EE003AD3ED003A62EE96
:10141000812A00EEA33A41EE832A1C4B03EB8101A3
:1014200001EB800595ED003A039D01EB850123EE6C
:10143000003AD1ED003A03EB820101EB800000EEAF
:10144000A33A23EE011A90ED003A01EB850023EE5A
:10145000000A90ED003A00EE830A01EE801A94ED46
:10146000050A20EE020A84ED000A94ED060A20EE39
:10147000220A84ED010A94ED070A20EE010A84EDA8
:10148000020A0AB070BD00005CCD0008E4CE00087E
:1014900010B503461046002B01D0084C0AE04FF669
:1014A000FF7010BD13F8012B4240D2B234F8122065
:1014B00082EA1020491E4A1CF4D110BD8C01002084
:1014C00010B503461046002B01D0084C0AE04FF639
:1014D000FF7010BD13F8012B4240D2B234F8122035
:1014E00082EA1020491E4A1CF4D110BDA8D0000881
:1014F00010B5054C03E010F8013B5340E25C491E77
:101500004B1CF8D1104610BD8C00002010B5054CC6
:1015100003E010F8013B5340E25C491E4B1CF8D13C
:10152000104610BDA8CF000870B50B480168001D1B
:101530000568001D0068084400280CD0074C0822EC
:10154000A11C03F093FA04F112012846BDE8704093
:10155000042203F08BBA70BD107AFF1FE004002054
:1015600090F82020012A07D0022A05D0416A41F4D0
:101570008021416201207047006842690A4342614C
:1015800000207047F0B590F820500468A468012D41
:1015900007D0022D05D0416A41F48021416201202B
:1015A000F0BD04F0806504F00066354301D1E5002C
:1015B00053D5C4F301640125A5401D608B684FF429
:1015C000C0759BB1CE6805EB041733434E6843EA00
:1015D000C6030668F3514FF4C273076803EB0413A4
:1015E0000E69FE50097D012909D00DE00E88CB68F7
:1015F00005EB041743EA46530668F351EBE701682D
:10160000CE5846F48076CE501179D379567941EA96
:10161000036193791B0443EA062319434FF4C6760A
:10162000036806EB041699511178D37841EA0361F7
:10163000937852781B0443EA022211434FF4C47397
:10164000026803EB0413D150006805EB0411425803
:1016500042F0010242500020F0BD416A41F4001105
:1016600041620120F0BD000010B590F82020012A51
:1016700007D0022A05D0416A41F48021416201204D
:1016800010BD3C4800F50070026842F001020260A3
:10169000026822F47C52026002684B6A42EA03222A
:1016A00002600A7D02F01F0301229A40C36993433E
:1016B000C361A0F50070CB69B3B9D0F80C32934385
:1016C000C0F80C328C894B6864F31F434C6900EB03
:1016D000C404C4F840320C890B6864F31F434C699E
:1016E00000EBC404C4F84432CB69012B16D1D0F806
:1016F0000C321343C0F80C320C884B6864F31F4360
:101700004C6900EBC404C4F840320C89CB6864F324
:101710001F434C6900EBC404C4F844328B697BB1AD
:10172000D0F804321343C0F804320B6973B1D0F817
:1017300014321343C0F81432096A01290CD010E0A6
:10174000D0F804329343C0F80432EEE7D0F81432F4
:101750009343C0F81432EFE7D0F81C121143C0F8DD
:101760001C12D0F8001221F00101C0F80012002074
:1017700010BD000000640040704770B590F8204034
:10178000012C07D0022C05D0416A41F4802141622E
:10179000012070BD21B104682469A4072AD003E0A8
:1017A0000468E468A4071FD04FF4D874056804EBFC
:1017B00001142D5905F0040595600DB305682D59E8
:1017C000ED08556005682C5904F00204D4604FF40C
:1017D000DA74056804EB01142E5906F00F06082E82
:1017E00013D30825156114E0416A41F400114162E8
:1017F000012070BD416A41F400114162012070BDB9
:1018000005682D596D0D1560DCE72D5905F00F05A4
:10181000156105682D59C5F30725956105682C5993
:10182000240C54614FF4DC72046802EB0112A458DA
:101830001C700468A458240A5C700468A458240C22
:101840009C700468A258120EDA704FF4DE720468BD
:1018500002EB0112A4581C710468A458240A5C719C
:101860000468A458240C9C710468A258120EDA7102
:1018700031B10068016941F020010161002070BDB3
:101880000068C16841F02001C160F7E72DE9F05F11
:101890000546002428684669D0F804908768D0F887
:1018A0000CA0D0F810B0D0F81880F10748D0F90794
:1018B00014D001218160B80703D5284600F0B0FAA2
:1018C0000CE0780702D54FF4006407E0380702D532
:1018D0004FF4805402E0284600F0A1FAF80516D52E
:1018E00029684FF480708860B80503D5284600F059
:1018F00099FA0CE0780502D544F4005407E0380565
:1019000002D544F4804402E0284600F08AFAF80345
:1019100016D529684FF480308860B80303D528466F
:1019200000F082FA0CE0780302D544F4004407E0AA
:10193000380302D544F4803402E0284600F073FAFC
:10194000300707D55FEACA6004D544F400742968FB
:101950001020C86070074FF0080707D55FEA0A70CB
:1019600004D52868C760284600F0C8F9B00706D536
:101970002868C068800702D0284600F0C1F97006C8
:1019800007D55FEACB6004D544F480642968102051
:101990000861B00607D55FEA0B7004D528680761B7
:1019A000284600F00DFAF00606D528680069800781
:1019B00002D0284600F005FAB00308D55FEAC960F6
:1019C00005D5296810204860284600F0FBF9F0038F
:1019D00007D55FEA097004D528684760284600F0FB
:1019E00024FA300446D55FEA497040D5F00504D5A5
:1019F0005FEAC87001D044F00104B00504D55FEA85
:101A0000887001D544F00204700504D55FEA48707F
:101A100001D544F00404300529D518F0700F26D004
:101A200008F07000402815D006DC102809D02028C6
:101A30000AD0302816D10AE050280ED0602811D1E3
:101A40000EE044F008040DE044F010040AE044F015
:101A5000200407E044F0400404E044F0800401E086
:101A600044F480742868816921F0700181612968DB
:101A700004204860002C05D0686A2043686228462C
:101A8000FFF77AFEBDE8F09F70B50446002C03D046
:101A900094F8200010B104E0012070BD204600F051
:101AA0009DF82068016841F00101016000F0B2FC7E
:101AB000054605260CE000F0ADFC401B0A2807D9BE
:101AC000606A40F40030606284F82060012070BDDC
:101AD00020684068C007EED02068016821F002014C
:101AE000016000F097FC05460CE000F093FC401B01
:101AF0000A2807D9606A40F40030606284F82060E8
:101B0000012070BD206840688007EED4207E012847
:101B10003FD02068016821F080010160607E0128CB
:101B20003DD02068016821F040010160A07E0128BD
:101B30003BD02068016821F020010160E07E01288F
:101B400039D02068016841F010010160207F012830
:101B500037D02068016821F008010160607F01280A
:101B600035D02068016821F004010160D4E9020148
:101B70000843D4E90412114308436168491E08432D
:101B80002168C86100206062012084F820000020E4
:101B900070BD2068016841F080010160BEE72068E7
:101BA000016841F040010160C0E72068016841F030
:101BB00020010160C2E72068016821F01001016086
:101BC000C4E72068016841F008010160C6E72068A9
:101BD000016841F004010160C8E700002DE9F0410F
:101BE00086B00446142101A8FEF7CEFC3E4B3F4AC6
:101BF000DFF8F080186821683C4C03260227401C5F
:101C0000103200254FF0090C41452FD118600128F2
:101C100007D1106840F000701060106800F000708C
:101C20000090206840F008002060206800F0080064
:101C300000900196029703950496CDF814C001A96F
:101C40002B4800F0F7FA00220521132000F07AFC5F
:101C5000132000F069FC00220521142000F072FC22
:101C6000142000F061FC06B0BDE8F081DFF884804C
:101C70004145F8D1116841F080611160116801F0AF
:101C8000806100911860012807D1106840F0007051
:101C90001060106800F000700090206840F00200B2
:101CA0002060206800F00200009060200190029700
:101CB00003950496CDF814C001A90F4800F0BAFAB4
:101CC000002205213F2000F03DFC3F2000F02CFCCD
:101CD00000220521402000F035FC402000F024FCCB
:101CE000C1E70000006400403400002030380240AA
:101CF000000C0240006800400004024070470000F1
:101D0000F8B5294B02680021284D9A4201D129706B
:101D100001E0012129702978254C01EB410202EBF9
:101D2000011104EB810202F1440328320021FFF784
:101D300024FD287804F1980600EB400101EB001126
:101D400004EB810100EBC000283106EB80001C226F
:101D5000FEF7C6FB287800EB400202EB001204EB12
:101D6000820200EBC00106EB8101936C526CC1E969
:101D7000072388B10F4800236A46006809F0BCFEBB
:101D80000098002807D00C494FF080500860BFF33E
:101D90004F8FBFF36F8FF8BD0848314600236A4666
:101DA000006809F0A9FEEBE7006400400004002091
:101DB000A41500200400002004ED00E00000002035
:101DC00070477047704770B5044694F820000128AA
:101DD00005D0606A40F400206062012070BD0220DE
:101DE00084F820002068016821F00101016000F002
:101DF00011FB05460DE000F00DFB401B0A2808D939
:101E0000606A40F400306062052084F82000012000
:101E100070BD20684068C007EDD1606270BD70473A
:101E20007047704770477047704770472DE9F04121
:101E30000446A76D00F0EEFA054694F8350000263A
:101E4000022806D08020606584F834600120BDE857
:101E5000F0812068016821F0160101602068416965
:101E600021F080014161206C08B9A06C20B120688C
:101E7000016821F0080101602068016821F001017A
:101E800001600BE000F0C6FA401B052806D92020AF
:101E900034342062032060702670D8E72068006820
:101EA000C007EFD134343F2094F828108840B86040
:101EB0000120607026700020C9E790F835100229D3
:101EC00003D08021416501207047052180F835103D
:101ED0000068016821F001010160002070470000E6
:101EE0002DE9F84304464FF00009CDF800906F4803
:101EF0004FF416510068B0FBF1F7A56D2E6894F809
:101F00005C00082202FA00F1314210D0206801681A
:101F100049070CD5016821F00401016094F85C00C8
:101F200002FA00F1A960606D40F00100606594F86C
:101F30005C104FF0010808FA01F0304208D0216827
:101F40004969090604D5A860606D40F0020060652B
:101F500094F85C1004208840304208D02168096859
:101F6000890704D5A860606D40F00400606594F8AE
:101F70005C1010208840304220D021680968090791
:101F80001CD5A8602068016849030CD500680003CF
:101F900004D4216C91B1204688470FE0A16C69B14F
:101FA000204688470AE00168C90503D4016821F08A
:101FB00008010160216C09B12046884794F85C1043
:101FC0002020884030424CD021680968C90648D595
:101FD000A86094F8350005280BD0206801684903F3
:101FE00030D50068000328D4616C51B3204688477F
:101FF00037E02068016821F016010160206841691E
:1020000021F080014161206C08B9A06C20B12068EA
:10201000016821F00801016094F85C103F208840BD
:10202000A86084F8358084F83490216D00293BD075
:1020300001B02046BDE8F0430847E16B09B12046F6
:1020400088470EE00168C90507D4016821F0100136
:10205000016084F8358084F83490E16B09B1204642
:102060008847606D00281FD0606DC00714D0052020
:1020700084F835002068016821F0010101600098B2
:10208000401C0090B84203D820680068C007F6D111
:1020900084F8358084F83490E16C002904D001B0D4
:1020A0002046BDE8F0430847BDE8F883100500204E
:1020B0002DE9F041044600F0ADF905465CB102207F
:1020C00084F83500002684F834602068016821F027
:1020D000010101600DE00120BDE8F08100F09AF9F6
:1020E000401B052805D920206065032084F83500B1
:1020F000F2E720680068C007F0D121680A6820482C
:102100000240D4E901031843D4E903352B431843B3
:1021100063691843A3691843E3691843236A1843A2
:102120001043626A042A03D1D4E90B231A431043F3
:1021300008602068406920F00700656A2946054369
:10214000012704290DD1A06A0543E06A48B1204661
:10215000FFF736F828B14020606584F8357001201B
:10216000BAE7206845612046FFF714F894F85C2030
:102170003F2191408160666584F835700020ABE7AF
:102180003F8010F02DE9F04104460025A66D94F83B
:10219000340001280DD0012084F8340094F8357003
:1021A0000020012F07D084F8340002252846BDE81E
:1021B000F0810220FBE7022784F835706065204635
:1021C000FFF73AF894F85C103F208840B060206830
:1021D000016841F016010160206C20B1206801689F
:1021E00041F0080101602068016841F001010160CF
:1021F000DCE7000070B5044600F00CF90546601CF1
:1022000002D004480078044400F004F9401BA042C6
:10221000FAD370BD140500207047000010B50449C2
:102220000A68024202D00860FFF7F6FF10BD000006
:10223000143C01402DE9F84F0022DFF89C914FF04B
:10224000010803274FF00F0C09F1040AA9F1040B50
:1022500008FA02F50B682B40AB426ED10C7904F002
:102260000304012C01D0022C15D18668540007FA12
:1022700004FE26EA0E06D1F80CE00EFA04FE4EEA41
:10228000060EC0F808E04468AC430D79C5F30015AC
:102290009540254345600C79E443A40708D0C56800
:1022A000540007FA04F6B5438E68A6402E43C66074
:1022B0000C7904F00304022C11D1D40800EB84063D
:1022C000356A5407E40E0CFA04FE25EA0E05D1F82F
:1022D00010E00EFA04FE4EEA050EC6F820E005688E
:1022E000540007FA04F6B5430E7906F00306A6403B
:1022F0002E4306604C6814F4403F67D0374C256885
:1023000045F480452560246804F480440094344CEE
:1023100022F003052E19D6F8085894074FEA147EC8
:102320000CFA0EF4A5432F4CA04201D1002424E066
:102330002D4CA04202D101241FE047E02B4CA042CB
:1023400001D1022419E02A4CA04201D1032414E057
:10235000284CA04201D104240FE0274CA04201D117
:1023600005240AE0254CA04201D1062405E0244CB6
:10237000A04201D1072400E0082404FA0EF42C4303
:10238000C6F80848D9F800409C434D68ED0200D5D6
:102390001C43C9F80040DAF800409C434D68AD0288
:1023A00000D51C43CAF80040DBF800409C434D6850
:1023B000AD0300D51C43CBF80040074D083D2C6809
:1023C0009C434E68F60300D51C432C60521C102A17
:1023D000FFF43EAFBDE8F88F083C014044380240AE
:1023E00000300140000002400004024000080240AA
:1023F000000C02400010024000140240001802408D
:10240000001C0240002A01D08161704709048161EB
:1024100070470000014880687047000014050020E4
:1024200002488168027811448160704714050020D9
:1024300010B50B48016841F400710160016841F476
:1024400080610160016841F480710160032000F047
:1024500099F8052000F006F800F04AF8002010BDB9
:10246000003C024030B587B0054600241B48016897
:1024700041F001010160006800F00100009001A935
:1024800002A800F0C9FE00F0FBFE40001449B0FBBA
:10249000F1F1491E1448134A026040F2E732C2606B
:1024A000416004618460846101F022FC044694B9B7
:1024B0000D4801F0A5FC04466CB9192000F034F871
:1024C000102D07D200222946192000F03BF80748BA
:1024D000056000E0012407B0204630BD44380240CA
:1024E00040420F0000000140E810002018050020C5
:1024F00082B00C48016841F480410160006800F43A
:10250000804001900748001F016841F08051016040
:10251000006800F08050019000220F21901E02B050
:1025200000F010B844380240002809DB00F01F0218
:10253000012191404009800000F1E020C0F8001125
:1025400070470000F0B40D460D4B1B68C3F3022327
:10255000C3F10704042C00D90424191D072901D252
:10256000002300E0DB1E012606FA04F1491E294083
:1025700099409E40761E16403143F0BC06F04ABF9B
:102580000CED00E000F00701054A10684FF6FF036C
:10259000184040EA012003490843106070470000DA
:1025A0000CED00E00000FA05704700684162002071
:1025B000704770B50368586A002907D09C6A00EB21
:1025C000144400204FF48275491E0AE040EA02409C
:1025D00098620DE005EB80069E5904EB1644401C02
:1025E000C0B28842F6D305EB810144EA024058505C
:1025F000002070BDD0F8E00405F05CBD01EBC10225
:1026000000EB8202D0F8E004126A05F07DBC01EB19
:10261000C10200EB8202D0F8E004D2F8602205F09B
:10262000E1BCD0F8E00405F047BD0A0601F00F0157
:1026300001EBC10100EB810101D5143101E001F58D
:102640001571006806F0A8BC70B504460B0601F0D1
:102650000F0000EBC00104EB81014FF001024FF0CD
:10266000000502D514314A7002E001F515714D7074
:10267000087094F89404012808D084F89424206801
:1026800006F09EF984F89454002070BD022070BDBD
:1026900070B5044601F00F002279904201D9012063
:1026A00070BD0B0601F00F0101EBC10104EB8101CC
:1026B0004FF001024FF0000502D514314A7002E0DC
:1026C00001F515714D708D70087094F8940401280F
:1026D00008D084F89424206806F0DCFA84F8945436
:1026E000002070BD022070BD01F00F0101EBC1019F
:1026F00000EB8100D0F8680270472DE9F0410446F4
:102700000F0601F00F0000EBC00104EB81014FF058
:1027100001064FF0000502D514314E7002E001F5BC
:1027200015714D700870C2F30A028A600B714A7805
:1027300002B14883022B00D14D7194F89404012812
:1027400009D084F89464206806F084F8284684F858
:102750009454BDE8F0810220FBE710B501F00F04AE
:1027600004EBC40100EB810101F51571CA600B6136
:1027700000234B614B700C708379012B00D1CA612F
:102780008279006806F0DEFA002010BD70B50446BC
:102790000D46217905F00F00884201D9012070BD56
:1027A00029064FF000064FF0010206D500EBC001EC
:1027B00004EB810114314A7006E005EBC50104EB1E
:1027C000810101F515714E708A70087094F89404B7
:1027D000012807D084F89424206806F087FA280797
:1027E00002D007E0022070BDA17904F29C4220686B
:1027F00006F026FA84F89464002070BD10B501F04C
:102800000F0404EBC40100EB81011431CA600B61B9
:1028100000234B6101234B700C708379012B00D195
:10282000CA618279006806F08DFA002010BD2DE99A
:10283000F84F04462568284606F058FC00287ED14B
:10284000206806F07FFC002879D0D5F80808C0F38E
:102850000D20C4F8D404206806F074FC800704D569
:102860002068416901F002014161206806F06AFCBC
:10287000C10604F29C40009035D52068816921F0A2
:10288000100181612F6A07F00F0000EBC00004EB1C
:10289000800606F51576C7F34340022802D00628C5
:1028A00012D01BE047F6F070074217D0C7F30A12A8
:1028B00017462846F16806F049FCF0683844F06095
:1028C00070693844706109E008222846009906F0D2
:1028D0003DFC7069C7F30A11084470612068816982
:1028E00041F010018161206806F02CFC00034FF0DC
:1028F000080B4FF000094FF001085ED50026206854
:1029000006F0FFFB824655E05FEACA704FD0F1B295
:10291000206806F00FFC0746F80707D005EB4610C5
:10292000C0F8088B3146204602F0F6FF380709D57B
:1029300005EB4610C0F808BB3146204600E0F8E140
:1029400002F0C6FFF80604D505EB46101021C0F8CA
:10295000081BB8071CD56869000605D5D5F804081A
:1029600040F48061C5F8041806EBC60004EB800053
:1029700000F51570C178012905D180F80390F1B2F6
:10298000204600F0DCF905EB46110220C1F8080BE7
:10299000B80604D505EB46102021C0F8081BB80482
:1029A00005D505EB46104FF40051C0F8081B761C06
:1029B0004FEA5A0ABAF1000FA6D1206806F0C2FB0E
:1029C00040036CD5206806F095FB8246002663E044
:1029D0005FEACA705DD0F1B2206806F099FB074645
:1029E000F80723D006F00F0108FA01F0D5F83418E3
:1029F0008143C5F8341805EB4610C0F80889A07962
:102A000001280FD106EBC60004EB8000D0E90721B6
:102A10001144016236B9606A20B920680121009A28
:102A200006F00EF9F1B22046FFF7E8FD380703D5AE
:102A300005EB4610C0F808B9F80604D505EB4610BA
:102A40001021C0F80819780604D505EB461040217E
:102A5000C0F80819B80716D53146284606F014FB09
:102A600006EBC60004EB80001430C178012905D1C3
:102A700080F80390F1B2204600F05DF905EB4611B5
:102A80000220C1F80809380603D53146204602F075
:102A9000B5FF761C4FEA5A0ABAF1000F98D12068A8
:102AA00006F050FB002811DAD5F8040820F00101E7
:102AB000C5F8041894F8CC04012829D0204600F069
:102AC00006FA2068416901F000414161206806F082
:102AD00039FB00050BD5D5F80808C00702D0204601
:102AE00000F038FA2068416901F400614161206812
:102AF00006F028FBC00461D5D5F8040820F00101D8
:102B0000C5F804181021206806F0BEFA002120E064
:102B100084F8CC9400212046FFF746FDD1E705EB71
:102B2000411000F510604FF67F328260036823F495
:102B300000130360C0F80822D0F8002222F400122B
:102B4000C0F80022D0F8002242F00062C0F8002253
:102B5000491C20798842E2D8D5F81C0840F00111C0
:102B6000C5F81C18E07B60B1D5F8840840F00B0173
:102B7000C5F88418D5F8440840F00B01C5F844188E
:102B80000CE0D5F8140842F22B010843C5F81408EC
:102B9000D5F8100840F00B01C5F81018D5F800085A
:102BA00020F4FE61C5F80018A1792068009A06F0AB
:102BB00047F82068416901F480514161206806F0BE
:102BC000C1FA800415D5206805F086FE206806F05D
:102BD0007DFAE07100F03EFB0146E279206806F0E4
:102BE0001BFB204600F05CF92068416901F40051AC
:102BF0004161206806F0A6FA000707D5204600F0DC
:102C00006AF92068416901F008014161206806F015
:102C100099FA000615D5A86920F08001A96101265E
:102C20000CE006EBC60004EB800090F85702012888
:102C300003D1F1B22046FFF7F8FC761C2079B042B0
:102C4000EFD8206806F07EFAC0021FD5012615E0F5
:102C500005EB4610D0F8001906EBC60004EB800027
:102C6000027E012A09D1002907DA80F81780F0B224
:102C700040F080012046FFF7D8FC761C2079B04256
:102C8000E6D82068416901F480114161206806F0AE
:102C900059FA800230D5012026E005EB4011D1F829
:102CA000001B00EBC00204EB820292F85832012BA9
:102CB00019D1002917DA94F8D43401F4803103F0E3
:102CC000010399420FD182F85782A96941F080022D
:102CD000AA616969090606D4D5F8040840F40070B1
:102CE000C5F8040803E0401C21798142D5D820684A
:102CF000416901F400114161206806F023FA4000A7
:102D000007D52046FFF776FC2068416901F0804135
:102D10004161206806F016FA40070AD52068456828
:102D2000680702D52046FFF77CFC206841682943EC
:102D30004160BDE8F88FD0F8E00405F011BAD0F892
:102D4000E00405F022BAF8B50446002C05D0266848
:102D500094F89504002510B106E00120F8BD84F830
:102D60009454204600F05AF8032084F89504B6F1F4
:102D7000A04F00D1A571206805F05CFF207C8DF884
:102D8000000094E80F0005F0B5FD022618B184F8A4
:102D900095640120F8BD0021206806F0F6F918B10D
:102DA00084F895640120F8BD002101270CE001EBB7
:102DB000C10004EB800047750175C1850576C561CA
:102DC00005624562491CC9B220798842EFD80021CA
:102DD0000DE001EBC10004EB800000F515704570BB
:102DE000017005718560C5600561491CC9B2207913
:102DF0008842EED8207C8DF8000094E80F0005F0A2
:102E00005FFE18B184F895640120F8BD657484F8FC
:102E10009574206805F046FE0020F8BD00B587B027
:102E20000021029103910491059106910068B0F18F
:102E3000A04F2BD11648016841F0010101600068E4
:102E400000F0010001904FF4C05002900220039066
:102E5000032005900A20069002A90E48FFF7EAF920
:102E60000D48016841F0800101600C48016841F49F
:102E700080410160006800F480400190002205213B
:102E80004320FFF75FFB4320FFF74EFB07B000BD79
:102E900030380240000002403438024044380240DA
:102EA00070B504460125E07900280ED0022801D033
:102EB000FEF7E6F92946D4F8E00405F0D7F9D4F88E
:102EC000E004BDE8704005F08AB90025F2E7D0F8CB
:102ED000E00405F0B4B9D0F8E00405F0BAB910B5D3
:102EE000044694F8940401280AD0012084F894043C
:102EF0006174206806F079F9002084F8940410BD0C
:102F0000022010BDD0F8E02400F29C41104605F0EC
:102F1000B9B910B50446206894F89414012909D071
:102F2000012184F89414C168490609D5617B0129FF
:102F300002D005E0022010BD816B41F48031816335
:102F4000206806F07BF8206805F09EFD002084F8DC
:102F5000940410BD10B50446D4F8E00405F0D6F989
:102F60002068D0F8001E41F00101C0F8001EE07A90
:102F7000002804D00248016841F00601016010BD3C
:102F800010ED00E02DE9F84304464FF001082068F9
:102F90004FF00007C10701D140072BD5DFF818918A
:102FA000C9F86870FFF736FA0646444D07E0FFF7A8
:102FB00031FA801B022802D90320BDE8F883286873
:102FC0000001F4D46068217A800140EA01703B4935
:102FD00084310860C9F86880FFF71CFA064606E0ED
:102FE000FFF718FA801B022801D90320E5E72868BB
:102FF0000001F5D52078800753D53048403001686E
:1030000041F080510160006800F0805000902C4D2C
:10301000286840F480702860FFF7FCF9064606E057
:10302000FFF7F8F9801B022801D90320C5E72868BB
:10303000C005F5D5214D7035286800F44070F8B111
:10304000A18901F4407181421AD0286820F44070AF
:103050001C49C1F800800F6028602868C0070FD0A5
:10306000FFF7D8F9064641F2883706E0FFF7D2F9B4
:10307000801BB84201D903209FE728688007F5D557
:10308000E0680E49C0F301220831032A0BD008681A
:1030900020F4F81008602868A189C1F30B010843E7
:1030A0002860002089E70A68074B22F4F8121840CC
:1030B00002430A60EFE70000000047420038024088
:1030C00000700040400E4742FFFCFF0F2DE9F04723
:1030D00004460D46002C13D0DFF82891D9F80000E3
:1030E000EFB200F00700A8420CD289F80070D9F8BE
:1030F000000000F00700A84204D00120BDE8F087DE
:103100000120FBE72068404E810712D5400703D518
:10311000306840F4E05030602078000703D5306814
:1031200040F4604030603068A16820F0F00008434F
:1031300030602078C00731D03349606808390128F1
:1031400008D002280BD0032809D0096889070BD4BE
:103150000120D3E70968890306D40120CEE7096876
:10316000890101D40120C9E7316821F0030101433D
:103170003160FFF74FF9804641F2883A07E0FFF7E8
:1031800049F9A0EB0800504501D90320B6E73068A3
:10319000616800F00C00B0EB810FF0D1D9F80000AD
:1031A00000F00700A84209D989F80070D9F800009A
:1031B00000F00700A84201D001209FE720784007D7
:1031C00005D53068E16820F4E0500843306020788D
:1031D000000706D53068216920F4604040EAC1004C
:1031E000306000F05DF83168084AC1F30311515CAA
:1031F000C8400749086007480068FFF733F9002016
:103200007CE70000003C024008380240A8D20008D9
:1032100010050020180500200F2202600B4A1368D9
:1032200003F003034360136803F0F0038360136843
:1032300003F4E053C360126802F46042D2080261F2
:103240000348006800F00700086070470838024033
:10325000003C024001480068704700001005002053
:1032600000B5FFF7F7FF04490968044AC1F382215A
:10327000515CC84000BD000008380240B8D20008C8
:1032800000B5FFF7E7FF04490968044AC1F342317A
:10329000515CC84000BD000008380240B8D20008A8
:1032A00010B51748006810F00C01164816D0164BE0
:1032B000042912D0082911D1114C241F216801F0D2
:1032C0003F02216849020AD52068C0F38810A0FB9C
:1032D00003010023FDF748F809E0184610BD2168F6
:1032E0000023C1F38811A1FB0001FDF73DF821681F
:1032F000C1F30141491C4900B0FBF1F010BD0000D1
:10330000083802400024F400001BB7002DE9F84FF4
:103310000446002C13D02078DFF8A083C007A8F162
:10332000040556D008F104000168C1F381010129A8
:103330000CD00068C0F38100022803D00DE001200A
:10334000BDE8F88FD8F80000400206D52868800351
:103350003FD5606870BB0120F2E76068B0F5803F40
:1033600010D0B0F5A02F12D0286820F4803028604B
:10337000286820F4802028606068E0B1FFF74AF8F0
:10338000064614E0286840F480302860F4E7286896
:1033900040F480202860286840F480302860EBE703
:1033A000FFF738F8801B642801D90320C8E7286894
:1033B0008003F5D50DE0FFF72DF8064606E0FFF790
:1033C00029F8801B642801D90320B9E72868800305
:1033D000F5D42078BA4F80074FF0000948D5B74898
:1033E000001D016811F00C0F08D00068C0F38100C7
:1033F000022813D1D8F8000040020FD428688007B3
:1034000004D5E068012801D0012099E728682169E6
:1034100020F0F80040EAC100286029E0E068B8B177
:1034200001203860FEF7F6FF064606E0FEF7F2FFE1
:10343000801B022801D9032082E728688007F5D580
:103440002868216920F0F80040EAC10028600FE0F8
:10345000C7F80090FEF7DEFF064606E0FEF7DAFF4B
:10346000801B022801D903206AE728688007F5D469
:103470002078000729D5DFF844A2924861690AF153
:10348000700A89B101210160FEF7C4FF064606E01B
:10349000FEF7C0FF801B022801D9032050E7DAF8AD
:1034A00000008007F4D510E0C0F80090FEF7B2FFEE
:1034B000064606E0FEF7AEFF801B022801D9032076
:1034C0003EE7DAF800008007F4D42078400778D58A
:1034D0004FF0000A79483C300068C0000BD47748B0
:1034E0003C30016841F080510160006800F080507C
:1034F00000904FF0010ADFF8D0B1DBF80000C00502
:1035000014D4DBF8000040F48070CBF80000FEF724
:1035100081FF064606E0FEF77DFF801B022801D9E9
:1035200003200DE7DBF80000C005F4D5634EA0686A
:103530006C3601280FD0052812D0306820F0010029
:103540003060306820F004003060A068F8B1FEF709
:1035500061FF834617E0306840F001003060F4E717
:10356000306840F004003060306840F001003060A6
:10357000EBE7FEF74FFFA0EB0B0141F288308142F1
:1035800001D90320DCE630688007F2D510E0FEF7B1
:1035900041FF834609E0FEF73DFFA0EB0B0141F23E
:1035A0008830814201D90320CAE630688007F2D40E
:1035B000BAF1010F05D141483C30016821F080513A
:1035C0000160A069C0B33D49091D09684FF0FF368D
:1035D000C1F38101022946D0022805D0C7F86090C6
:1035E000FEF718FF04463AE0C7F86090FEF712FFB6
:1035F000814607E0FEF70EFFA0EB0900022801D983
:1036000003209DE628688001F4D4D4E9070108432B
:10361000616AA26A890106EB520241EA024108434B
:1036200094F82C1040EA0160C8F8000001203866C8
:10363000FEF7F0FE044607E03DE0FEF7EBFE001B60
:10364000022801D903207BE628688001F5D532E005
:10365000FEF7E0FE001B022801D9032070E628686F
:103660008001F5D427E0012823D0D8F80000E269D2
:1036700000F4800191421AD1226A00F03F01914288
:1036800015D147F6C071626A0140B1EB821F0ED1BD
:10369000A26A00F4403106EB5202B1EB024F06D1B0
:1036A00094F82C1000F07060B0EB016F03D0012093
:1036B00046E6012044E6002042E6000004380240CD
:1036C00000004742800E47420070004010B504469B
:1036D000002C02D0607F10B106E0012010BD002058
:1036E0002077204600F042F8022060772068C16809
:1036F000C943C90631D5CA214162216853204862B5
:10370000204602F034FBC8B920688168164A11408F
:1037100081602068816862681143D4E904231A43F8
:10372000114381602168E06808612068016922898D
:1037300041EA02410161204602F03CFB48B92168A0
:103740000A6C22F480220A6421680A6CA3691A4375
:103750000A642268FF21516200E000200028BDD1E8
:103760000121617710BD0000BFFF8FFF1FB5002151
:1037700000910191029103910068084988420CD19F
:1037800002200090000203906846FFF7FBFB08B19F
:10379000FDF776FD0249012008601FBD00280040AA
:1037A0003C0E474270B504460B46207F012805D0E9
:1037B000012626770220607712B108E0022070BD52
:1037C0005878C10603D500F0EF000A305870A2B156
:1037D0009878D97840EA014558781978000240EA8B
:1037E000413005432168CA2048622168532048625D
:1037F000204602F0BCFA88B117E0D87802F0ACFAA3
:103800000204587802F0A8FA42EA0022987802F0FE
:10381000A3FA0243187842EA4035E3E70748054037
:1038200020684560204602F0C5FA00B96677226834
:10383000FF2151620021217770BD00003FFFFF0092
:103840002DE9F04104460D46207F012821D04FF09C
:10385000010884F81C80022060770027E2B120680C
:103860008068400600D4EF70A878297840EA0146C5
:103870006878E978000240EA815006432168CA204E
:103880004862216853204862204602F070FAC8B1AD
:103890002BE00220BDE8F08120688068400600D45B
:1038A000EF70287802F058FA0204687802F054FAAF
:1038B00042EA0022A87802F04FFA0243E87842EA8E
:1038C0008056DBE70D480640206806602068816866
:1038D00021F480218160D5E90310014320688268CA
:1038E00011438160204602F065FA08B984F81D8012
:1038F0002268FF2151622777CCE700007F7F7F009D
:1039000070B505460A482968C860FEF783FD04467D
:103910004FF47A7606E0FEF77DFD001BB04201D938
:10392000032070BD2868C0688006F4D5002070BDF3
:103930005F7F010070B50446002C09D0606A002545
:1039400040B125616561A56294F8510040B10CE079
:10395000012070BD6068B0F5827FF4D0E561F2E7C8
:1039600084F85050204600F045F8022084F85100B9
:103970002068016821F040010160A088218900F4DD
:10398000827001F404410843A18901F400610843F5
:10399000217C01F002010843217D01F0010108436F
:1039A000218B01F400710843217F01F038010843A5
:1039B00094F8201001F080010843218D01F400519A
:1039C000084321680860A069042101EA104094F8C6
:1039D000241001F010010843216848602068C16983
:1039E00021F40061C1616565012084F85100002067
:1039F00070BD000010B586B00446142101A8FCF784
:103A0000C3FD14492068884221D100211248026870
:103A100042F480420260006800F4804000900E484A
:103A20001038026842F002020260006800F00200F2
:103A300000904FF460400190022002900391032017
:103A400004900520059001A90448FEF7F3FB06B099
:103A500010BD000000380040403802400004024021
:103A60002DE9FF4F81B004460E9E93461F46012567
:103A7000FEF7D0FC804694F85100616801280AD016
:103A8000B1F5827F03D1A16809B9042803D00220CF
:103A900005B0BDE8F08F0298A0B3BBF1000F32D0A3
:103AA000380030D094F8500001282ED04FF0010A91
:103AB00084F850A094F85100042802D0052084F81E
:103AC00051004FF00009C4F85490C4F838B0E787AB
:103AD000A78702982063E786A786C4F84090C4F8B9
:103AE000449020680168490603D4016841F0400110
:103AF0000160E068B0F5006F09D06068F0B3012F95
:103B00004DD082E0FFE70120C2E70220C0E76068F5
:103B100008B1012F3CD1206B21680088C860206B60
:103B2000801C2063E08E401EE08631E020688168C2
:103B300089070DD5E18E59B1012D09D1216B098875
:103B4000C160206B801C2063E08E401EE086002553
:103B500020688168C9070BD0E18F49B1C068A16BAB
:103B60000880A06B801CA063E08F401EE0870125C9
:103B7000FEF750FCA0EB0800B04200E00FE007D3D6
:103B8000701C05D084F851A084F8509003207FE782
:103B9000E08E0028CAD1E08F0028C7D13BE0206B1F
:103BA000216800780873206B401C2063E08E401E63
:103BB000E0862AE02068816889070DD5E18E59B139
:103BC000012D09D1216B09780173206B401C206302
:103BD000E08E401EE086002520688168C9070BD072
:103BE000E18F49B1C068A16B0870A06B401CA06355
:103BF000E08F401EE0870125FEF70CFCA0EB0800DB
:103C0000B04201D3701C12D18EB1E08E0028D1D108
:103C1000E08F0028CED142463146204602F092FD88
:103C200058B12020606584F85090012030E784F876
:103C300051A084F8509003202AE7A06818B92068A2
:103C4000C1688068009084F851A084F85090606D3D
:103C500008B101201CE700201AE7704770470000F8
:103C600070B590F83C20012A31D0012680F83C60E4
:103C7000022280F83D2002685468936824F07005A1
:103C80000C682C435460134C0268A24214D0B2F169
:103C9000804F11D0104CA2420ED0104CA2420BD03B
:103CA0000F4CA24208D00F4CA24205D00E4CA242AB
:103CB00002D00E4CA24204D123F08003496819437C
:103CC00091603C30467000210170002070BD0220E0
:103CD00070BD0000000001400004004000080040EA
:103CE000000C00400004014000400140001800406A
:103CF00010B50446002C03D094F83D0010B107E045
:103D0000012010BD002084F83C00204600F016F889
:103D1000022084F83D00211D206802F09FFE012052
:103D20003D3460726070A070E07020716071A071AD
:103D3000E07120722070002010BD000008B50068FE
:103D40000C4A0D49904208D1086840F0080008600C
:103D5000086800F00800009008BD084A9042FBD1B6
:103D6000086840F010000860086800F0100000903B
:103D700008BD0000000C0040403802400010004028
:103D800090F83D10012901D001207047022180F8F0
:103D90003D1000681349884214D0B0F1804F11D013
:103DA000114988420ED0114988420BD010498842EF
:103DB00008D01049884205D00F49884202D00F49E7
:103DC000884209D1816801F00701062908D00168FD
:103DD00041F00101016003E0016841F0010101606F
:103DE000002070470000014000040040000800402F
:103DF000000C004000040140004001400018004059
:103E000090F83D10012901D001207047022180F86F
:103E10003D100168CA6842F00102CA600068144996
:103E2000884214D0B0F1804F11D0124988420ED090
:103E3000114988420BD01149884208D01049884264
:103E400005D01049884202D00F49884209D18168C3
:103E500001F00701062908D0016841F00101016065
:103E600003E0016841F0010101600020704700009B
:103E7000000001400004004000080040000C004029
:103E800000040140004001400018004070B50446A5
:103E9000002594F83C00012817D0012684F83C60E6
:103EA000022084F83D002068826822F0770222F424
:103EB0007F4282600868502838D00DDC202853D01B
:103EC00005DC90B3102811D14EE0022070BD3028DF
:103ED0004AD040280AD13DE0602831D070280CD06B
:103EE000B0F5805F03D0B0F5005F12D001253C34FF
:103EF000667000202070284670BDCB68D1E9012192
:103F0000206802F026FE2068816841F07701816018
:103F1000EDE7CB68D1E90121206802F01AFE2068A4
:103F2000816841F480418160E1E71DE0CA68496829
:103F3000206802F0F1FE5021206802F014FED6E75E
:103F4000CA684968206802F0F8FE6021206802F023
:103F50000AFECCE7CA684968206802F0DDFE40210D
:103F6000206802F000FEC2E722680146104602F017
:103F7000FAFDBCE770472DE9F04104462068C568AA
:103F800006694FF00007B10714D5A90712D5F91E2D
:103F900001610120207720688069800703D02046D6
:103FA000FFF7E8FF05E0204600F0BCF8204600F0EF
:103FB0004CF92777700717D5680715D521686FF07A
:103FC00004000861022020772068806910F4407F97
:103FD00003D02046FFF7CEFF05E0204600F0A2F810
:103FE000204600F032F92777300716D5280714D578
:103FF00021686FF008000861042020772068C069FC
:10400000800703D02046FFF7B5FF05E0204600F00B
:1040100089F8204600F019F92777F00617D5E80649
:1040200015D521686FF010000861082020772068FE
:10403000C06910F4407F03D02046FFF79BFF05E0E6
:10404000204600F06FF8204600F0FFF82777F007D1
:1040500008D0E80706D021686FF00100086120460B
:1040600000F062F9300608D5280606D521686FF001
:10407000800008612046FFF7F0FD700608D568064D
:1040800006D521686FF040000861204600F056F91F
:10409000B0060AD5A80608D521686FF0200008618F
:1040A0002046BDE8F041FFF7D9BDBDE8F081000032
:1040B00010B586B00446142101A8FCF765FA15492D
:1040C0002068884224D11448016841F080010160D1
:1040D000006800F0800000904FF4E0500190022052
:1040E0000290012103910490059001A90B48FEF76D
:1040F000A1F80B48FFF744FE0021094800F0A6F89C
:104100000421074800F0A2F80821054800F09EF8B5
:1041100006B010BD000C004030380240001C0240C8
:10412000A00D0020704770B504460D46002694F897
:104130003C0001280FD0012084F83C006AB1042A19
:104140001FD0082A32D00C2A44D00126002084F83F
:104150003C00304670BD022070BD2946206802F048
:104160000BFD2068816941F0080181612068816947
:1041700021F004018161206881692A69114381610C
:10418000E4E72946206802F02BFD2068816941F4AC
:10419000006181612068816921F48061816120680A
:1041A00081692A6941EA02218161CFE729462068B5
:1041B00002F050FD2068C16941F00801C16120682A
:1041C000C16921F00401C1612068C1692A691143F4
:1041D000C161BBE72946206802F074FD2068C1690F
:1041E00041F40061C1612068C16921F48061C1614D
:1041F0002068C1692A6941EA0221C161A6E710B5B8
:104200000446002C03D094F83D0010B107E00120D3
:1042100010BD002084F83C00204600F015F8022074
:1042200084F83D00211D206802F018FC01203D3477
:1042300060726070A070E07020716071A071E071B8
:1042400020722070002010BD7047704710B50446E2
:10425000002909D004290AD008290BD094F841007C
:1042600001280AD0012010BD94F83E00F8E794F828
:104270003F00F5E794F84000F2E70220A9B30429D3
:1042800037D0082938D084F841000122206802F094
:1042900053FC1E4920681E4A884201D0904203D137
:1042A000436C43F4004343642068884213D0B0F168
:1042B000804F10D0174988420DD0174988420AD044
:1042C0001649884207D0904205D01549884202D04D
:1042D0001449884213D1816801F00701062912D0E0
:1042E000016841F0010101600DE0FFE784F83E0044
:1042F000CBE784F83F00C8E784F84000C5E70168D1
:1043000041F001010160002010BD000000000140EB
:10431000000401400004004000080040000C004080
:10432000004001400018004000680349884201D164
:10433000FEF776B87047000000000140704738B5BE
:10434000044694F84200202801D0022038BD51B123
:104350004AB10120206300206063204602F0D4FEB1
:10436000014611B105E0012038BD206B012802D0C3
:104370000121084638BD2068026840680090206826
:104380000C3050E8002F42F0100240E80023002BD0
:10439000F5D1EEE770B5054612492868884217D175
:1043A000114C207838B14C2210491148FCF753F8D1
:1043B0000020207007E00E484C220C494C38FCF7D6
:1043C0004AF8012020704C2208490A48FFF7B7FF3D
:1043D00009492868884204D1BDE87040074800F0C8
:1043E00065BB70BD0010014014040020841600203D
:1043F0001C170020300E002000140140C00E0020C9
:1044000070470000F8B5044622681068D168536907
:1044100000F00F06002E08D1850606D58D0604D5BE
:104420002046BDE8F84002F081BD0025002E66D090
:1044300003F0010601F49077374360D0C20705D03E
:10444000CA0503D5626C42F001026264420705D5D9
:10445000DA0703D0626C42F002026264820705D57B
:10446000DA0703D0626C42F004026264020707D5E7
:1044700001F02002324303D0626C42F00802626411
:10448000626C002A31D0800604D5880602D5204609
:1044900002F04CFD20684069C0F38010616C090790
:1044A00000D438B3204602F0FFFC20684069400683
:1044B0001CD52068143050E8001F21F0400140E86E
:1044C0000012002AF5D1E06B60B159490165E06B3B
:1044D000FDF7F3FC002808D0E06B016D01B0BDE8EA
:1044E000F04008472046FFF78BFFF8BD2046FFF756
:1044F00087FFF8BD2046FFF783FF6564F8BD236B97
:10450000012B7DD1C3067BD5CB067FD510685068C3
:10451000009050694FF0200340064FF0020644D54A
:10452000E16B0868406880B20028E7D0A28D824223
:10453000E4D9E085C869B0F5807F2DD020680C30C3
:1045400050E8001F21F4807140E80012002AF5D1E4
:104550002068143050E8001F21F0010140E80012EB
:10456000002AF5D12068143050E8001F21F04001E6
:1045700040E80012002AF5D184F842302563206813
:104580000C3050E8001F21F0100140E80012002A12
:10459000F5D1E06BFDF74AFC6663A08DE18D401A12
:1045A00081B22046FFF7F6FEF8BDA08DE18D401ADE
:1045B00081B2E08D0028F7D00029F5D020680C30BA
:1045C00050E8002F22F4907240E80027002FF5D128
:1045D0002068143050E8002F22F0010240E8002744
:1045E000002FF5D184F84230256320680C3050E864
:1045F000002F22F0100240E80023002BF5D100E04C
:1046000004E066632046FFF7C5FEF8BD020606D546
:104610000A0604D52046BDE8F84002F0BFBD4006BA
:10462000F3D54806F1D52046BDE8F84002F063BC5A
:104630005F6D000870B50446002C04D094F841006A
:10464000002510B106E0012070BD84F840502046DE
:1046500000F024F8242084F841002068C16821F487
:104660000051C160204602F0C5FC2068016921F4B8
:10467000904101612068416921F02A01416120686F
:10468000C16841F40051C1606564202084F8410094
:1046900084F842006563002070BD00002DE9F04FF2
:1046A00087B00446142102A8FBF76EFF8648854BAD
:1046B0001438226884490225002706154FF00309A3
:1046C0004FF0070B4FF0006A4FF400389A4261D167
:1046D0000A6842F010020A60096801F010010191B5
:1046E000016841F002010160016801F002010191DD
:1046F000016841F001010160006800F001000190D3
:104700008020029003950497CDF81490CDF818B04E
:1047100002A96E48FDF78EFD2802029003950497CA
:10472000CDF81490CDF818B002A96948FDF782FDC4
:10473000694D68482860C5F804A0AF60EF602E613D
:104740006F61AF61EF61C5F820806F622846FDF7A9
:10475000AFFC08B1FCF794FDE563AC635D485E4DCA
:10476000303060352860C5F804A04020A860EF60B4
:104770002E616F61AF61EF61C5F820806F622846DE
:10478000FDF796FC08B1FCF77BFDA563AC6307B0B1
:10479000BDE8F08F514B9A4237D14B49091F0A6847
:1047A00042F480220A60096801F4802101910168C5
:1047B00041F004010160006800F0040001904FF432
:1047C0004060029003950497CDF81490CDF818B08E
:1047D00002A94348FDF72EFD3F4D4248C0352860F1
:1047E000C5F804A0AF60EF602E616F61AF61EF614B
:1047F0004FF4403028626F622846FDF759FC08B13B
:10480000FCF73EFDE563AC63C1E7374B9A42BED18E
:104810000A6842F020020A60096801F02001019153
:10482000016841F040010160006800F04000019023
:104830004FF48440029003950497CDF8149008201B
:10484000069002A92948FDF7F5FC2248284D60385A
:1048500028604FF02069C5F80490AF60EF602E61CA
:104860006F61AF618015E861C5F820806F622846EE
:10487000FDF71EFC08B1FCF703FDE563AC631548CA
:104880001B4D183060352860C5F804904020A860A2
:10489000EF602E616F61AF61EF61C5F820806F62DC
:1048A0002846FDF705FC08B1FCF7EAFCA563AC63FC
:1048B000002205214720FDF745FE4720FDF734FE85
:1048C00065E7000000100140443802400004024047
:1048D0000000024088640240080F002000480040A9
:1048E0000008024028600240001401400018024005
:1048F0002810002090F84230202B01D00220704771
:1049000021B11AB10023036302F0FEBB01207047FE
:1049100010B500680649884208D101F0F3FFBDE8F0
:1049200010404C2203490448FFF7E4BF10BD0000CB
:104930000010014084160020300E00207047000057
:1049400037B5044694F84100202801D002203EBD2E
:10495000019959B352B32162A284E28400206064B9
:10496000212384F84130A56B114BEB63A56B114BF0
:104970002B64A56B104BEB64A36B18652068134682
:10498000001DA56B02462846FDF7FCFB21686FF071
:10499000400008602068143050E8001F41F080019A
:1049A00040E80012002AF5D100203EBD01203EBDA6
:1049B0005D6E00089F6E00086F6D000870477047BD
:1049C000FEE700002748284990F84200012814D04B
:1049D000652818D003281CD0672820D0042824D0AC
:1049E000682828D005282CD0692830D0072834D052
:1049F0006B2801D14880888070470120488040F2B0
:104A00000110888070476520488040F265108880DA
:104A100070470320488040F2031088807047672069
:104A2000488040F2671088807047042048804FF427
:104A3000827088807047682048804FF4B470888006
:104A400070470520488040F2051088807047692033
:104A5000488040F26910888070470720488088802D
:104A60007047000008120020C0030020F0B40023AB
:104A7000002A18D90A24302537269C46B4EB107F2B
:104A800004D905EB107701F8137003E006EB1077FB
:104A900001F81370000101EB430787F801C05B1CAC
:104AA000DBB29342EAD3F0BC7047000010B5044675
:104AB000044800F00FF82046BDE810408822014964
:104AC000FFF73DBC8011002088220149FFF737BC69
:104AD000801100202DE9F0470446002C70D07D4D58
:104AE0002068E8602079287405F108073879A5283E
:104AF00066D10521204604F03FFC01285CD1B7F8BF
:104B000005100931204604F017FC0128F6D1607920
:104B1000A17940EA01207881E11D40F20623A0F24C
:104B20000622984271D023DC40F205136A4EA0F2AF
:104B300005124FF000084FF00109984253D00EDCE7
:104B4000032841D004DC012829D0022834D138E0E0
:104B5000A0F5807001383DD003282DD13DE0FC2A1E
:104B600047D0FD2A59D0FE2A5FD0FF2A24D164E025
:104B700058488030052A74D008DC012A69D0022AFE
:104B800075D0032A79D0042A16D179E0062A6BD091
:104B9000072A6AD0082A69D0FE2A0DD189E0086860
:104BA00068614868A8610889A883887AA877387BF3
:104BB000000902D086F81C9082E086F81C807FE015
:104BC00086E00878E8777BE0424820222030FBF737
:104BD00042FC75E00868286472E0088825F8440FF4
:104BE0008878A8706CE0088825F8470F8878A87046
:104BF00066E038480D224A30FBF72DFC97F842005A
:104C0000642803D286F8159003E01EE001D986F8E7
:104C10001580B7F84400708352E02E484FF0100220
:104C200000F15700FBF717FC4AE0086845F8670FEA
:104C3000486868608868A86042E0086845F8730FB3
:104C40008888A8808879A8713AE0087885F87A0081
:104C500036E0086845F87B0F8888A8808879A871B5
:104C60002EE012E003E008E015E018E01DE00A681D
:104C7000C0F802208988C18022E0096881601FE0B5
:104C80000A68C260898801821AE01248282292309C
:104C9000FBF7E1FB14E0097880F83A1010E00A68AD
:104CA00040F83B2F898881800AE0097880F841101C
:104CB00006E00A480A6802604A68426089688160C2
:104CC000B7F805000934015DA52901D1044404E7C2
:104CD000BDE8F0870012002060110020951300202D
:104CE0002DE9F04106460F4614460025DFF84880BE
:104CF00013E006EB850090ED000A0F4805F086F9F9
:104D0000002318F80300606022685006FCD55B1C85
:104D1000DBB2042BF5D36D1CADB2BD42E9D300204C
:104D2000064A115C616021684906FCD5401CC0B28E
:104D30000428F6D3BDE8F0812C060020C8D2000874
:104D40002DE9F04FDDE90BC8DDE90D9ADDE90967D2
:104D5000002404E0C4F1020B00F80B50641C032C87
:104D600002DA0D5D002DF5D110F8031F62F3020188
:104D70000170018863F389110180417866F3850130
:104D80004170818867F309018180B0F805106CF3E8
:104D90008C01A0F80510C18868F34F11C180B0F8EC
:104DA000091069F38C01A0F8091041896AF34F11C9
:104DB0004181BDE8F08F70EE600A90ED031AD0EDEE
:104DC000041A71EE611AB0EE081A20EE010A80EEA4
:104DD000212A81ED002A90ED030AD0ED041A60EE3D
:104DE000810A30EE610A80EE801A81ED011A704767
:104DF00001800021818001724180C1800182416176
:104E00000183418380F82010704700000FB410B573
:104E10000298A0F201209DF825109DF8242041EA77
:104E2000022100EBC00202EB00121B4800EBC200A3
:104E300041809DF827109DF8262041EA02218180BB
:104E40009DF829109DF8282041EA0221C1809DF893
:104E50002A1001724188028A104B8C1A9C4203DA94
:104E6000018B491C018305E0511A994202DA018B3A
:104E7000491E01834188B0F9182001EB423141619C
:104E800041880182418C491C4184012180F8201015
:104E900010BC5DF814FB00004818002090E8FFFFEC
:104EA00030B5039C050A25706070080AA070E17097
:104EB000100A20716271180AA071E37130BD018877
:104EC000818100EE101AB8EE400A80ED040A00213C
:104ED000C18170470FB430B50398A0F502702A4A1B
:104EE00052F820100B888B819DF829109DF82830EE
:104EF00041EA032152F8203019809DF82B109DF8CB
:104F00002A3041EA032152F8203009B259609DF855
:104F10002D109DF82C3041EA032152F820301981E0
:104F200052F820309DF82E10997252F820100B88FC
:104F30008C891C1B154B9C4202DACC89641CCC81E9
:104F400052F820108C890D88641B9C4202DACB89B0
:104F50005B1ECB8152F820100B88B1F90E4003EB99
:104F6000443300EE103AB8EEC00A81ED040A52F85C
:104F700020100B8C5B1C0B8452F8200001218177E0
:104F800030BC5DF814FB0000200400209CE6FFFF0D
:104F90008161704730B5039C050A25706070080A6E
:104FA000A070E170100A20716271180AA071E3719B
:104FB00030BD3EB50446002C18D000200290606839
:104FC0004169A26891434161FF200090012301AA39
:104FD00002A92068FEF744FDBDF80400A0816068C6
:104FE0004169A26811434161A0893EBD05203EBDD3
:104FF00001604260836000218181818270470000EE
:1050000010B54FF480530E4A0E490F48FFF7F0FFDA
:105010000E4C0D48012322460A492830FFF7E8FFCD
:1050200009480223224607495030FFF7E1FF0648AE
:105030008023BDE81040064A02497830FFF7D8BF08
:1050400000040240480D0020A81700200014024070
:105050000020024010B52248FFF7ABFF012005F009
:105060003BFB1F482830FFF7A4FF012005F034FB6D
:105070001B485030FFF79DFF012005F02DFB18481D
:105080007830FFF796FF012005F026FB1448818950
:1050900000EE101AF8EE400A9FED120A80EE801A18
:1050A00080ED041A818E00EE901AF8EE600A80EE10
:1050B000801A80ED0E1AB0F85C1000EE901AF8EE2F
:1050C000600A80EE801A80ED181AB0F8841000EEA5
:1050D000901AF8EE600A80EE801A80ED221A10BD58
:1050E000A817002000FF7F4710B50F480D49016049
:1050F0000321416000218160C1604FF410220261F0
:105100004FF400124261017641768176C1760177D3
:105110004177FCF7B9FC002803D0BDE81040FCF74C
:10512000AFB810BD00640040D80C002010B50F4887
:105130000D4901600321416000218160C1604FF48D
:10514000102202614FF400124261017641768176AD
:10515000C17601774177FCF797FC002803D0BDE8C2
:105160001040FCF78DB810BD00680040000D002015
:1051700008B51D48016841F480010160016801F42F
:1051800080010091016841F400110160006800F4A1
:1051900000100090002205210C20FDF7D3F90C200F
:1051A000FDF7C2F9002205213920FDF7CBF939209E
:1051B000FDF7BAF9002205214420FDF7C3F9442088
:1051C000FDF7B2F9002205214520FDF7BBF9452086
:1051D000FDF7AAF9002205214620FDF7B3F9BDE845
:1051E00008404620FDF7A0B93038024010B5C6B0DF
:1051F00000222421202006F02FFB3E4C20600022BC
:105200002421402006F028FB606000222421202079
:1052100006F022FBA0601C2237493FA8FBF760F98B
:1052200000213FA805F065FA20631C2232491C3199
:1052300038A8FBF755F9002138A805F05AFAE060C4
:105240001C222D49383131A8FBF74AF9002131A839
:1052500005F04FFA20611C22274954312AA8FBF798
:105260003FF900212AA805F044FA60611C22224976
:10527000703123A8FBF734F9002123A805F039FA8F
:10528000E0611C221C498C311CA8FBF729F9002184
:105290001CA805F02EFA20621C221749A83115A877
:1052A000FBF71EF9002115A805F023FA60621C2205
:1052B0001149C4310EA8FBF713F900210EA805F01F
:1052C00018FAA0621C220C49E03107A8FBF708F984
:1052D000002107A805F00DFAA0611C220649FC3147
:1052E0006846FBF7FDF80021684605F002FAE06227
:1052F00046B010BD0000002044CC00082DE9F0436A
:1053000087B0142102A8FBF73FF900244248016846
:1053100041F002010160016801F0020101910168A0
:1053200041F040010160016801F040010191016814
:1053300041F001010160016801F001010191016882
:1053400041F008010160016801F008010191016864
:1053500041F004010160016801F00401019101685C
:1053600041F480710160016801F48071019101686C
:1053700041F020010160016801F020010191016804
:1053800041F080010160006800F080000190234F2F
:10539000002280213846FDF735F8DFF884800022AE
:1053A00003214046FDF72EF8DFF87890BE14002266
:1053B00031464846FDF726F88020029001250395E6
:1053C0000494059402A93846FCF734FF03200290A8
:1053D00003950494059402A94046FCF72BFF02951F
:1053E0004FF404100390049502A90F48FCF722FF24
:1053F000029603950494059402A94846FCF71AFF07
:10540000062100220846FDF79DF80620FDF78CF8DE
:1054100007B0BDE8F08300003038024000200240B1
:1054200000140240000402400018024010B586B08B
:10543000142101A8FBF7A8F8002400941A48194980
:1054400001604460032181600721C16004614461FF
:105450008461FEF73BF908B1FBF712FF8DF80440B9
:105460008DF805408DF8064004940594012201A9A9
:105470000D48FEF7E5F908B1FBF702FF01208DF8B2
:1054800000008DF801008DF802008DF80340012224
:1054900069460548FEF786F9002801D0FBF7F0FEC3
:1054A00006B010BD00280040280D002010B511489E
:1054B0000F4901604FF482714160002181604FF417
:1054C0000062C260022202610122426152028261D4
:1054D0003822C2610162416281620A21C162FEF723
:1054E00029FA002803D0BDE81040FBF7C9BE10BD63
:1054F00000380040480D002010B58EB000240A94FA
:105500000B940C940D94089409941C2101A8FBF7AA
:105510003BF8264824490160446084604FF6FF71DF
:10552000C16004618461FEF7E3FB08B1FBF7A8FEEC
:105530004FF480500A900AA91C48FEF7A7FC08B156
:10554000FBF79EFE1948FEF75AFE08B1FBF798FEDE
:105550000894099408A91548FEF782FB08B1FBF7E7
:105560008FFE60200190029403940594002201A90B
:105570000E48FEF7D8FD08B1FBF782FE042201A910
:105580000A48FEF7D0FD08B1FBF77AFE082201A910
:105590000648FEF7C8FD08B1FBF772FE0348FEF7A8
:1055A00087FD0EB010BD0000000C0040A00D0020D3
:1055B0001CB50024009401940E480D49016053214C
:1055C000416084604FF6FF71C16080218161FEF708
:1055D0008FFB08B1FBF754FE00940194694605481F
:1055E000FEF73EFB002801D0FBF74AFE1CBD000081
:1055F00000100040E80D002010B50C480A49016079
:105600004FF4E131416000218160C16001610C22F1
:1056100042618161C161FFF70DF8002803D0BDE848
:105620001040FBF72DBE10BD00100140300E0020D1
:1056300010B50D480B4901600C49416000218160A3
:105640004FF40052C260D21002610C2242618161AB
:10565000C161FEF7EFFF002803D0BDE81040FBF763
:105660000FBE10BD00480040780E0020A08601004B
:1056700010B50C480A4901604FF4E1314160002146
:105680008160C16001610C2242618161C161FEF7EC
:10569000D1FF002803D0BDE81040FBF7F1BD10BDDD
:1056A00000140140C00E002010B500220F49104820
:1056B00002F004FC08B1FBF7E3FD0E490C4802F0D0
:1056C00054FE08B1FBF7DCFD0B49094802F0B2F8C3
:1056D00008B1FBF7D5FD064802F01CFF002803D0F7
:1056E000BDE81040FBF7CCBD10BD0000AC040020AD
:1056F000E01D002078050020FC040020FEE70000EB
:1057000070B510EE102A6FF040434FF480051A4434
:105710000123F1EE400AB0EE001AB0EE082AAA42C8
:105720000BD200220A604B6070EEC10AC0ED000A85
:1057300030EE020A80ED010A70BD10EE102A304CE6
:105740004FF4000614440222F7EE001AB4420AD2C3
:105750000B604A6070EEE10AC0ED000A30EE010A0B
:1057600080ED010A70BD10EE103A032413F1814F51
:105770000DD8B5EEC00AF1EE10FA08D20A604C60FE
:10578000C0ED000A30EE210A80ED010A70BDB5EED1
:10579000C00A0423F1EE10FA0DDB10EE102AB2F16C
:1057A0007E5F08DA0C604B6071EEC00AC0ED000A43
:1057B00080ED010A70BD10EE102A0524A2F17E5280
:1057C000B2420AD20B604C6071EE400AC0ED000A92
:1057D00030EE610A80ED010A70BD10EE102AA2F1D0
:1057E0008042AA42F8D80C6006224A6072EE400A53
:1057F000C0ED000A30EE410A80ED010A70BD0000E4
:10580000FFFF7F40FEE700000148FDF710B80000F1
:10581000DC34002008B506F019FB0090074C084D59
:105820000026208C2988884201D1A6772684208CE6
:1058300028806421684605F0B5FDF2E7681B00206A
:10584000A80400209FED0A1A80ED001A80ED031ACB
:1058500080ED090AC0ED0A0AB7EE000A80ED070ADA
:1058600080ED081A80ED0B0A80ED011A70470000E8
:1058700000000000D0ED071AD0ED000A21EEA01ABA
:1058800080ED011AD0ED090A90ED032A41EE820A5B
:10589000C0ED040AD0ED0A1A30EEA12AC0EE821A39
:1058A000C0ED061A30EE412AB0EE410A01EE820A3E
:1058B00080ED020AB7EE001A31EE611A61EE200A9D
:1058C000C0ED050AC0ED030A80ED000A7047000034
:1058D00070B504462068056C00EB4110D0F8081B39
:1058E0000C4EB54205D9090403D54FF40041C0F868
:1058F000081B2046FDF706FBB54208D9A079012810
:1059000005D104F29C420121206803F099F900209E
:1059100070BD00000A30544F2DE9F04105460C4699
:105920002E68306C06EB4411D1F8083B95F80680E0
:105930004FF400474FF0200C05F29C42B8F1010FE4
:1059400008D0DFF8B080404545D118043AD5C1F8F9
:10595000087B4CE0284E5FEA037806D5B04246D972
:10596000180444D5C1F8087B41E05FEA836802D59A
:10597000C1F808CB3BE013F0280F38D1B04204D96E
:10598000180402D5C1F8087B31E004EBC40005EB34
:10599000800000F51570D1F8101B036AC1F31201E5
:1059A000591A416124B903693BB1C2681144C1600D
:1059B000E1B22846FCF72BFE19E00121286803F02C
:1059C0003FF9F5E7980601D5C1F808CBE1B22846C2
:1059D000FCF71DFE0BE034B9D5F8640218B90021BC
:1059E000304603F02DF9E1B22846FCF710FE002006
:1059F000BDE8F0810A31544F0A30544F2DE9F84F79
:105A000080460E46D8F8007006EBC60008EB80040E
:105A10001434D4E90410884202D90120BDE8F88F7B
:105A2000081AA168814200D20846C01C4FEA900AB9
:105A300007EB461916E0151AA268AA4200D21546CD
:105A4000E81C4FEA900A98F806000090ABB2F2B258
:105A50003846E16803F05AFCE0682844E060606979
:105A600028446061D9F8180980B2504505D3D4E9BB
:105A70000420904201D2002ADDD1D4E904018842F9
:105A800008D806F00F0101208840D7F83418814368
:105A9000C7F834180020C1E710B50448FBF79CF99B
:105AA0000248BDE810405030FBF796B9AC1B00200F
:105AB00010B5044684ED000AC4ED010A30EE601A08
:105AC00084ED021AD4ED031A70EEE10AC4ED040A63
:105AD000D4ED060A30EE600A84ED050AD4ED070A1B
:105AE00060EE810AC4ED0B0AD4ED0C0A94ED082A8D
:105AF00042EE010AC4ED0C0A71EE610A94ED091A36
:105B000060EE810AC4ED0D0AD4ED0A0A20EE800A87
:105B100084ED0E0A94ED120A04F1300004F086F9C7
:105B200094ED0B0AD4ED0C0A30EE200AD4ED0D0AE8
:105B300030EE200AD4ED0E0A30EE200A84ED0F0A72
:105B400094ED100A04F13C0004F070F994ED020A9F
:105B500084ED030A94ED000A84ED060A94ED0F0A21
:105B600010BD000080ED070AC0ED080A80ED091A9B
:105B7000C0ED0A1A80ED102AC0ED112A80ED123A0C
:105B80009FED0B0A80ED0B0A80ED0D0A80ED0C0AEB
:105B900080ED020A80ED030A80ED040A80ED050A1B
:105BA00080ED0F0A80ED010A80ED000A70470000C9
:105BB0000000000070B504462DED028B0D46B0EEDE
:105BC000408AF0EE608AD4ED030A94ED020A28467A
:105BD000FBF7B0FB84ED008AC4ED018A38EE681A49
:105BE00084ED021A94ED030A71EE400AC4ED040A32
:105BF000D4ED060A78EE600AC4ED050AD4ED071A62
:105C000095ED002A71EE821A61EE811AC4ED0B1A2D
:105C1000D4ED081A95ED012A31EE822AD4ED0C1A42
:105C200042EE011AC4ED0C1AD4ED091A95ED022AC0
:105C300038EEC00A71EE821A21EE800A84ED0D0A58
:105C400094ED0A0A20EE200A84ED0E0A94ED110A62
:105C5000B4EEC01AF1EE10FA04DB9FED170A84EDE2
:105C60000C0A05E094ED120A04F1300004F0DEF8AD
:105C700094ED0B0AD4ED0C0A30EE200AD4ED0D0A97
:105C800030EE200AD4ED0E0A30EE200A84ED0F0A21
:105C900094ED100A04F13C0004F0C8F894ED010AF8
:105CA00084ED030A94ED000A84ED060A94ED0F0AD0
:105CB000BDEC028B70BD0000000000000FB40F4867
:105CC0009DF81C1001709DF81D109DF820209DF876
:105CD0001E3041EA02619DF81F20120442EA0322AD
:105CE000114341609DF821109DF82220114301814C
:105CF0009DF82310817204B070470000941D0020AD
:105D000038B50D48017841F0010121F00201017020
:105D10000A49B1F84C20A0F80120B1F85710A0F8BA
:105D20000310009006486123002244680648054994
:105D30000068A04738BD0000580400200812002069
:105D4000C8030020D80C00200800002008B5006817
:105D500000909DED000A08BD002102E0491C0A38B0
:105D6000C0B20A28FAD2090740EA116070472DE94B
:105D7000F041044600252068C168490617D4C1686F
:105D800041F08001C160FCF745FB06464FF47A788C
:105D9000042706E0FCF73EFB801B404501D96777EE
:105DA00001252068C068400601D4012DF2D12846A3
:105DB000BDE8F08170B5044600252068C16821F077
:105DC0008001C16020688068800606D42046FDF707
:105DD00097FD10B1042060770125284670BD2DE99C
:105DE000F04FDDE90BC8DDE90D9ADDE90967002414
:105DF00004E0C4F1020B00F80B50641C032C02DA1F
:105E00000D5D002DF5D110F8031F21F03801083188
:105E100062F302010170018863F389110180417806
:105E200066F385014170818867F309018180B0F8CC
:105E300005106CF38C01A0F80510C18868F34F11B0
:105E4000C180B0F8091069F38C01A0F809104189EC
:105E50006AF34F114181BDE8F08F00002DED0A8BF0
:105E600082B005F0F3FF0190504F40F26C789FED47
:105E7000509ADFED509A504CDFED50AA504DB6EEDF
:105E800000AA9FED50BAF1EE08BA9FED4FCADFEDC0
:105E90004FCADFED4F8A4FF4AE794E4E9FED4E8ADA
:105EA00000F030FD786880473088404504D284EDAA
:105EB000079AC4ED099A1BE0A0F6756140F2CF7213
:105EC000914204D284ED079AC4ED099A10E041F69C
:105ED000DC61884204D984ED079AC4ED099A07E091
:105EE0009FED3E0A84ED070A9FED3D0A84ED090A05
:105EF000C5ED07AA85ED08AA85ED09BAC5ED0ABA70
:105F0000384981ED07CAC1ED08CA9FED370A81ED16
:105F1000090AC1ED0A8AA0F5A052833A4A4506D87B
:105F200081ED078A9FED310A81ED090A30E0A0F585
:105F30008052CD3AC72A06D281ED078A9FED2B0AFF
:105F400081ED090A24E0A0F24162C72A06D281ED60
:105F5000078A9FED260A81ED090A19E0A0F22D12A9
:105F6000C72A06D281ED078A9FED200A81ED090A32
:105F70000EE06438B0F5FA5F06D981ED078A9FED2F
:105F80001B0A81ED090A03E09FED190A81ED070A5A
:105F900018488068804718480068804705F054F822
:105FA000022101A805F0FEF97AE700004004002074
:105FB0000000614400805444AC1B002000808944F0
:105FC0004C1C002000806D440AD7233EACC5273707
:105FD00000000000681B00200AD7A33D0040834456
:105FE00000007A449C1C00200AD7233C8FC2F53C59
:105FF000CDCCCC3D78000020500400202DED068B48
:1060000090B04FF4967005F0A5F9FE48012600F116
:106010000D010F910F310E910F310D910F310C9138
:106020000F310B910F316730CDE90901F7484FF07F
:106030000F0BF54C4FF0080A089005F007FF07908A
:106040000A2107A805F0AEF9F14D2888401C80B25E
:1060500028804FF47A71B0FBF1F201FB120008B90D
:1060600020688047288840F22D11B0FBF1F201FB37
:106070001201F9B140F23711B0FBF1F201FB12014C
:1060800000297CD040F24111B0FBF1F201FB12017A
:10609000002975D040F27311B0FBF1F201FB12013F
:1060A00000296ED01521B0FBF1F201FB120000288F
:1060B00068D0C4E24FF4027002254FF487614FF4B8
:1060C00052720095CDE90220CDE90410019567696F
:1060D00000230122CFA1D048B8474FF4F07040F21E
:1060E000294140F257320095CDE90220CDE9041054
:1060F0000195C948676900230122C8A10F30B8473C
:106100004FF4DC7040F21A4140F266320095CDE95E
:106110000220CDE904100195BF48676900230122E0
:10612000BFA11E30B8474FF4C87040F20B4140F297
:106130007F320095CDE90220CDE904100195B648E3
:10614000676900230122B7A12D30B8474FF4707062
:106150004FF42A72CDE902024FF4A0710095CDE907
:1061600004010195AC48656900230122AEA13C30D1
:10617000A847A949A2680D39052090475DE702E0CC
:106180001BE02FE0E2E01E200523CDE90330A0490B
:1061900040F252321031CDE905210022CDE9002034
:1061A0001C210291E56A03230122A0A1A048A8476F
:1061B0009F480D3801F0E0F83FE76420C10002017C
:1061C0000323CDE900A3CDE902210490256A012330
:1061D0001A4698A19848A8479749A2680D39012006
:1061E00090472AE796204FF40C71CDE90210CDE9D3
:1061F00004101E200227CDE90070656901231A46AC
:106200008EA10F98A8474FF0C8084FF49660052557
:10621000CDE904081820CDE90275CDE900A0D4F835
:1062200028C09FED870A01231A4686A10E98E047F1
:106230004FF01409CDE900A9CDE9035840F25230DE
:10624000059081480296D4F828C0407C012300EED6
:10625000100A1A467DA1B8EE400A0D98E047CDE934
:1062600000A9CDE9035840F22A30059076480296FD
:10627000D4F828C0B0F90400012300EE100A1A4631
:1062800073A1B8EEC00A0C98E0474FF0070940F23E
:10629000FD20CDE900ABCDE90309CDF80880D4F8A5
:1062A00020C001231A466BA10B98E04740F2DA2088
:1062B000CDE900ABCDE90309CDF80880D4F820C0C2
:1062C00001231A4664A10A98E0479FED649BB0EE53
:1062D000490AF0EE690A03F013F99FED628B51EC65
:1062E000100B53EC182B06F03DFA9FED601B53EC9E
:1062F000112B05F0AFFF06F0DDF98046B0EE490A3C
:10630000F0EE690A03F098F853EC182B51EC100BDF
:1063100006F028FA9FED571B53EC112B05F09AFF5E
:1063200006F0C8F94FF448714A00CDE90408CDE9F8
:106330000221CDE90075656901231A464FA109982C
:10634000A847A2682F490720904776E64C48807AF4
:1063500000EE100AB8EE400ADFED4A0A60EE200AAD
:106360009FED491A2A4880EE810A80ED010A9620A5
:10637000DFED460AB2EE001A4FF40C7140EE010A4E
:10638000CDE902104FF002094A46BDEEE00A2BA10A
:106390008DED040A05901E20CDE90090656901236A
:1063A0000F98A847C8254FF49660CDE9040518203A
:1063B000CDE900A04FF00508CDE902681448A76AAE
:1063C000012390ED010A02221EA10E98B8471E4F2C
:1063D000387DA8B12E49B1F90410B1F5FA6F02DA8F
:1063E00011F5FA6F79DC40F25230CDE904501420F7
:1063F000CDE90268CDE90060787C00EE100A49E042
:1064000053E00000491400208C03002014150020E4
:106410007C04002030303100FC130020303032008A
:10642000303033003030340030303500303036001A
:10643000CE14002030303700B1130020313031004D
:106440000000000031303200601100203130330094
:10645000313034003130350031303600000000007A
:106460000000000000000000000059400000000093
:1064700000008940000000000000994031303700E2
:10648000941D00200000C84200007F4300000C441F
:106490008C1B0020B8EE400AD4F828C00123022249
:1064A000AFF258010D98E0472FE040F25230CDE9AD
:1064B00004501420CDE90268CDE900A0787CD4F81E
:1064C00028C000EE100A01230222B8EE400AAFF203
:1064D00084010D98E04718E0FFE7012815D140F24C
:1064E0005230CDE904501420CDE90268CDE9009086
:1064F000787CD4F828C000EE100A01230222B8EEFE
:10650000400AAFF2B8010D98E04740F22A30CDE9D9
:1065100004501420CDE900A0CDE902687948D4F8F0
:1065200028C0012390ED050A0222AFF2DC010C988D
:10653000E047B87C01287DD040F2FD21CDE9025131
:106540000720CDE900AB0490D4F820C0012302223B
:10655000AFF200110B98E047F87C01286BD040F2B5
:10656000DA21CDE902510720CDE900AB0490256A7C
:1065700001230222AFF220110A98A847624F3888FF
:1065800000EE100AB8EE400ADFED609A60EE290ACC
:106590009FED5FAA9FED5F9AB0EE490A10EE8A0A5E
:1065A00010EE100A06F0D2FA41EC100B02F0A8FF30
:1065B0001FED548B51EC100B53EC182B06F0D2F856
:1065C0001FED561B53EC112B05F044FE06F072F83C
:1065D0000546388800EE100AB8EE400A20EE290A77
:1065E00010EE0A9A19EE100A06F0B0FA41EC100B00
:1065F00002F022FF53EC182B51EC100B06F0B2F80E
:106600001FED641B53EC112B05F024FE06F052F82D
:10661000CDE900984FF448714A00CDE90405CDE971
:106620000221656901230222AFF2B0110998A8473F
:10663000A26801E02BE03BE0374907209047374A4A
:106640001B211088B0FBF1F301FB130000287FF43D
:1066500095AD3349506888423ADC02F108004FF4A6
:1066600061720423CDE903324FF42F71CDE9051097
:106670001820CDE9010A00210091E56A03230122D7
:1066800028A10898A847E16827488847D5E440F240
:10669000FD20CDE9009BCDE9025007210491D4F8FB
:1066A00020C001230222AFF254210B98E04753E7A8
:1066B00040F2DA21CDE9009BCDE902510720049098
:1066C000256A01230222AFF270210A98A84755E7F4
:1066D0004FF4617204231148CDE9033208304FF4BE
:1066E0002F71CDE905101820CDE9010A0021009194
:1066F000E56A03231A460BA10898A847E1680A48EF
:1067000088479AE468170020681B0020DB0FC94007
:1067100000000039DB0F493F491400207C040020B1
:1067200000004842343034000715002008B505F059
:106730008DFB0090FEF78EFC0A21684604F032FEC5
:10674000F8E700007CB504460E46154633460122A4
:1067500002212046009500F033F828B1606D40F02A
:106760002000606503207CBD134814490068B0FB1D
:10677000F1F04FF47A71484301906068B0F5827F80
:106780000DD13346002280212046009500F018F8F4
:1067900078B1606D40F02000606503207CBD0198F9
:1067A00038B10198401E019020688068C0430006FF
:1067B000F5D500207CBD00001005002000366E01DC
:1067C0002DE9F84304460F4691461E46089DFBF707
:1067D00021FE401B351AFBF71DFE80462648006847
:1067E000C0F3CB30684300903AE0701C38D0FBF720
:1067F00011FEA0EB0800A84203D215B1009858B3CF
:106800002BE02068416821F0E00141606068B0F54C
:10681000827F0BD1A068B0F5004F02D0B0F5806F39
:1068200004D12068016821F040010160A06AB0F540
:10683000005F09D12068016821F4005101602068DF
:10684000016841F400510160012050346070002063
:1068500020700320BDE8F88300250098401E0090BA
:106860002068806837EA000004D000204845BCD189
:106870000020EFE70120F9E71005002070B51B4C60
:106880002578657098222178435C412B20D14B1CE0
:10689000B3FBF2F602FB1633C35C782B18D18B1CCA
:1068A000B3FBF2F602FB1633C35CFF2B10D1CB1CFB
:1068B000B3FBF2F602FB1633C35C062B08D101F1E1
:1068C0004B03B3FBF2F602FB1633C35C6D2B0BD00C
:1068D000491CC9B22170982901D300212170217867
:1068E000A942D0D1982070BD207870BD1504002039
:1068F0004C2202490248FDF722BD00008416002008
:10690000300E002070B51A48FFF7B8FF194EB0706E
:1069100098282CD2164C4C3C20441830FFF716FA1D
:1069200004F1E40585ED030AB07820441C30FFF73C
:106930000DFA85ED040AB07820442030FFF706FAFE
:1069400085ED050AB07820443A30FFF7FFF985ED70
:10695000000AB07820443E30FFF7F8F985ED010ACF
:10696000B07820444230FFF7F1F985ED020A70BD9E
:10697000D01600201504002010B5502080F3118897
:10698000BFF34F8FBFF36F8F05F066FA18B104495C
:106990004FF080500860002080F3118810BD000087
:1069A00004ED00E030B593B0302107A8F9F7ECFD15
:1069B000142102A8F9F7E8FD00251F48016841F0FD
:1069C00080510160006800F0805001901B48016810
:1069D00041F480410160006800F48040019009208A
:1069E00007904FF48030089001200C9002240D9401
:1069F00080050E9006200F90A8201090119407207B
:106A0000129007A8FCF782FC08B1FAF739FC0F20B6
:106A10000290039404954FF4A05005904FF48050D9
:106A20000690052102A8FCF751FB002801D0FAF7D7
:106A300027FC13B030BD0000403802400070004019
:106A40000248016841F470010160704788ED00E080
:106A50000148FDF790BA0000E81000202DE9F04150
:106A600002682A4D2A4E2B4FDFF8ACC02B4B4FF05B
:106A70008048A84209D0404507D0B04205D0B8426E
:106A800003D0604501D0984203D122F070044A68D7
:106A90002243A8421BD0404519D0B04217D0B8427B
:106AA00015D0604513D0984211D01D4CA0420ED095
:106AB0001C4CA0420BD01C4CA04208D01B4CA04246
:106AC00005D01B4CA04202D01A4CA04203D122F4A4
:106AD0004074CA6822434C6922F08002224302605B
:106AE0008A68C2620A688262A84201D0984201D1D3
:106AF00009690163012141610169C90703D0016985
:106B000021F001010161BDE8F081000000000140B9
:106B10000004004000080040000C00400004014058
:106B2000004001400044014000480140001800407E
:106B3000001C00400020004010B501F01F0101239F
:106B40008B40046A9C430462036A8A4013430362D5
:106B500010BD10B5846824F47F4442EA03220A433E
:106B60002243826010BD826822F070020A4342F024
:106B70000701816070470000F0B5056A026A22F0E3
:106B8000010202624368826922F0700222F003026D
:106B90000C68144325F002058A682A430E4E0F4FF5
:106BA000B04201D0B84205D122F00805CA682A4394
:106BB00022F00402B04201D0B84207D123F480731E
:106BC00023F400734D691D438B692B43436084613B
:106BD000496841630262F0BD0000014000040140C9
:106BE000F0B5026A036A23F0100303624368846904
:106BF00024F4E04424F440740D6844EA052422F0AF
:106C000020028D6842EA0512104D114EA84201D0B3
:106C1000B04206D122F08002CF6842EA071222F089
:106C20004002A84201D0B04209D123F4806323F48A
:106C300000634D6943EA85038D6943EA8503436038
:106C40008461496881630262F0BD00000000014078
:106C500000040140F0B5026A036A23F48073036202
:106C60004368C46924F0700424F003050C682C43C5
:106C700022F400728D6842EA0522104D104EA8429F
:106C800001D0B04206D122F40062CF6842EA072266
:106C900022F48062A84201D0B04209D123F480538B
:106CA00023F400534D6943EA05138D6943EA051344
:106CB0004360C4614968C1630262F0BD00000140E5
:106CC0000004014030B5036A026A22F48052026275
:106CD0004268C46924F4E04424F440740D6844EA32
:106CE000052423F400538D6843EA0533084DA84278
:106CF00002D0084DA84204D122F480424D6942EAF4
:106D000085124260C46149680164036230BD0000BD
:106D1000000001400004014010B5036A046A24F039
:106D200001040462846924F0F00444EA021423F0AC
:106D30000A020A438461026210BD10B5036A046A44
:106D400024F010040462846924F4704444EA02329A
:106D500023F0A00343EA01118261016210BD10B566
:106D6000806B0021C185C184FDF74AFB10BD70B561
:106D7000846B20684069C0F3C01094F8411000256E
:106D8000212904D118B1E584204600F0C1F820681B
:106D90004069C0F3801094F84210222904D118B140
:106DA000E585204600F080F8606C40F010006064DB
:106DB0002046FDF725FB70BD10B50146886B0968BC
:106DC00009684FF00003C9052ED4C38501680C3152
:106DD00051E8002F22F4807241E80024002CF5D104
:106DE0000168143151E8002F22F0010241E800242B
:106DF000002CF5D10168143151E8002F22F0400237
:106E000041E80024002CF5D1202180F84210016BCC
:106E1000012909D101680C3151E8002F22F010023C
:106E200041E80024002CF5D14363016B012902D015
:106E3000FDF76EFD10BD818DFDF7ACFA10BD10B5EC
:106E4000806B01214163016B012902D0FDF776FDC2
:106E500010BD818D4908FDF79DFA10BD10B50146A2
:106E6000886B09680968C90516D40021C1840168C6
:106E7000143151E8002F22F0800241E80023002B5A
:106E8000F5D101680C3151E8002F42F0400241E891
:106E90000023002BF5D110BDFDF790FD10BD10B5FE
:106EA000806BFDF78CFD10BD01680C3151E8002F9F
:106EB00022F4907241E80023002BF5D101681431CF
:106EC00051E8002F22F0010241E80023002BF5D108
:106ED000016B012909D101680C3151E8002F22F022
:106EE000100241E80023002BF5D1202180F8421048
:106EF00000210163704710B50168CA6822F04002A2
:106F0000CA60202180F84110FDF758FD002010BD17
:106F100001680C3151E8002F22F0C00241E8002343
:106F2000002BF5D1202180F84110704708B590F86A
:106F30004210222901D0022008BD82684FF48053FC
:106F40009A4201D1016921B1816A9A421DD052B1A0
:106F50000BE0816A02685268C2F308020A80816A03
:106F6000891C816209E002697AB10268526802F004
:106F70007F020A70816A491C8162C18D491E090421
:106F8000090CC18505D0002008BD026852680A704E
:106F9000F0E70168CA6822F02002CA600168CA6886
:106FA00022F48072CA6001684A6922F001024A61D3
:106FB000202180F8421000214163026B012A03D096
:106FC000FDF7A6FC002008BD016301680C3151E803
:106FD000002F22F0100241E80023002BF5D10168B8
:106FE0000A68D20602D50A6849680091818DFDF7CA
:106FF000D1F9E7E72DE9F041044620680169E2682C
:1070000021F4405111430161A1682069E269014303
:107010006069104301432068C26849F20C639A43D7
:107020000A43C26020684169A26921F4407111439A
:10703000416133492068884202D03249884202D1F6
:10704000FCF71EF901E0FCF70BF9E16900231927B1
:1070500064253226B1F5004F28D061688B0F8A0075
:10706000A0FB0701F9F780F90146B0FBF5F07A4281
:10707000504301EB800006EB0010B0FBF5F000F090
:10708000F002B1FBF5F002EB0012B1FBF5F07B4230
:10709000584301EB800006EB0010B0FBF5F02168CF
:1070A00000F00F0010448860BDE8F08161684A1864
:1070B000A0FB07015B41F9F757F90146B0FBF5F07A
:1070C0000201B1FBF5F06FF01803584301EB8000AB
:1070D00006EBC000B0FBF5F000F0F80002EB400258
:1070E000B1FBF5F0584301EB800006EBC000B0FBAC
:1070F000F5F0216800F0070010448860D4E7000034
:10710000001001400014014037B582B00446134618
:10711000039AA262A38500206064222184F84210B1
:10712000E56B1B49E963E56B1A492964E56B1A496C
:10713000E964E16B08652168E06B091DFBF722F843
:107140002068016840680190206948B120680C30CF
:1071500050E8001F41F4807140E80012002AF5D188
:107160002068143050E8001F41F0010140E800128F
:10717000002AF5D12068143050E8001F41F040018A
:1071800040E80012002AF5D105B0002030BD000013
:10719000B96D00083F6E00086F6D000890F841104F
:1071A000212901D0022070478168B1F5805F01D1AB
:1071B000016961B1016A4A1C026202680978516082
:1071C000C18C491E0904090CC1840AD013E0016A6C
:1071D00002680988C1F308015160016A891C0162D3
:1071E000EEE70168CA6822F08002CA600068C168E0
:1071F00041F04001C16000207047000070B50446B6
:10720000A52020700820A4F80100134D2878E07014
:10721000FF2204212046FAF779F9641D04F8010CD5
:1072200040F2013020804FF4807060806888A08038
:10723000A888E080641F4FF6FF7202212046FAF70B
:107240003FF9A4F80F00112221460448FDF778FB0E
:107250002878401C287070BDC0030020C00E00209C
:107260002DE9F04105460C46A5202070C5EB051020
:10727000801DA4F801003E4F3878E070FF22042101
:107280002046FAF743F9207140F20130A4F80500D6
:10729000012D06D0022D09D0052D0CD0072D13D1BC
:1072A0000EE040F20111A4F807100DE04FF48171D7
:1072B000A4F8071008E040F20311A4F8071003E057
:1072C0004FF48271A4F807107988A4F80910B988DE
:1072D000A4F80B104FF6FF72012D06D0022D0BD033
:1072E000052D11D0072D17D01DE026461C21304654
:1072F000FAF7E6F8B08316E026462B213046FAF777
:10730000DFF8A6F82B000EE0264658213046FAF7A3
:10731000D7F8A6F8580006E0264676213046FAF758
:10732000CFF8A6F87600012D06D0022D0AD0052D43
:107330000ED0072D12D016E01E2221460D48FDF773
:10734000FFFA10E02D2221460A48FDF7F9FA0AE07B
:107350005A2221460748FDF7F3FA04E07822214635
:107360000448FDF7EDFA3878401C3870BDE8F0812C
:10737000C0030020C00E002070B50446A520207078
:107380003320A4F80100134D2878E070FF22042177
:107390002046FAF7BBF8641D04F8010C40F20130F6
:1073A00020804FF4887060806888A080A888E08082
:1073B000641F4FF6FF7244212046FAF781F8A4F8C3
:1073C0004400462221460448FDF7BAFA2878401CBA
:1073D000287070BDC0030020C00E002010B51E2113
:1073E0001348F9F7AFF846211248F9F7ABF81048FF
:1073F0002D211E30F9F7A6F80D485A214B30F9F728
:10740000A1F80B487821A530F9F79CF809484621E6
:107410008C38F9F797F8074846214638F9F792F87B
:1074200004481121BDE810404630F9F78BB8000040
:10743000A41300204D1500200148FCF7E3BF000015
:10744000C00E002070B5D0F8C822D0F8D43200EBBE
:107450008303D3F8C032002B28D001F00F0C0CEBC3
:107460008C0400EB84050026AC6954B10CEBCC0C09
:1074700002EB8C02D2F81CC0B4FBFCF20CFB1242F3
:10748000B2B1C3F81462D0F8D42200EB8200D0F875
:10749000C402D0F810C0BCF1000F05D00A4603F5B5
:1074A0000471D3F80802E047002070BD032070BDCE
:1074B000AE6100231A4600F036FFF5E770B50446CA
:1074C000D4F8D40204EB8000D0F8C052002D12D0C2
:1074D000204600F001FEC5F80C02D4F8D412D5F80D
:1074E000040204EB8101D1F8C412CA6805F50371E6
:1074F0009047002070BD032070BD000070B50446A9
:10750000224D2046297800F0F6FC2878002600F06D
:107510000F0000EB800004EB800086846978204631
:1075200000F0E9FC687800F00F0000EB800004EB4D
:107530008000A0F86461A978204600F0DCFCA878FF
:1075400000F00F0000EB800004EB80008684C6840E
:10755000D4F8D40204EB8000D0F8C01299B1D0F86E
:10756000C40240688047D4F8D40204EB8000D0F80D
:10757000C00201F06AF9D4F8D40204EB8000C0F82C
:10758000C062C4F8BC62002070BD00002405002069
:1075900010B5D0F8D41200EB8100D0F8C042002C16
:1075A00010D0D0F8C41259B194F80002FF2807D0C7
:1075B0008B6894F8012221469847FF2084F8000246
:1075C000002010BD032010BD0A2101800048704733
:1075D0002805002070B5064682210C4800F0E4FB27
:1075E00005460121094800F0DFFB044681210748D8
:1075F00000F0DAFB0DB11021A971402104B1A18086
:1076000000B1818043203080004870BD34050020E7
:1076100070B5064682210D4800F0C6FB05460121E3
:107620000A4800F0C1FB04468121084800F0BCFB79
:107630000DB11021A9714FF4007104B1A18000B106
:10764000818043203080014870BD00003405002057
:1076500070B5064682210C4800F0A6FB05460121C4
:10766000094800F0A1FB04468121074800F09CFB7B
:107670000DB11021A971402104B1A18000B1818018
:1076800043203080004870BD340500202DE9F047CC
:1076900004464FF4077001F0D9F805464FF0000892
:1076A000002D63D04FF407712846F8F76DFFD4F82A
:1076B000D40204EB8000C0F8C052C4F8BC52207C55
:1076C0000127494E4FF01009002858D040230222CC
:1076D0003178204600F06EFD307800F00F0000EBAE
:1076E000800004EB800087844023022271782046CA
:1076F00000F060FD707800F00F0000EB800004EBFC
:107700008000A0F86471B07800F00F0000EB8000FA
:1077100004EB8000A0F8269008230322B1782046CD
:1077200000F048FDB07800F00F0000EB800004EBA3
:1077300080008784C5F80482D4F8D40204EB80006A
:10774000D0F8C40200688047C5F81482C5F81882D2
:10775000D5F80422002A3CD0207CC8B3402371789D
:10776000204600F033FD0020BDE8F087D4F8D402B5
:1077700004EB8000C0F8C0820220BDE8F0874FF41F
:10778000007302223178204600F014FD307800F0BA
:107790000F0000EB800004EB800087844FF400733F
:1077A00002227178204600F005FD707800F00F008D
:1077B00000EB800004EB8000A0F86471B07800F06A
:1077C0000F0000EB800004EB8000A0F82690A3E7F8
:1077D00002E00220BDE8F0874FF400737178204684
:1077E00000F0F4FCBFE700002405002010B5D0F83D
:1077F000D41200EB8101D1F8C01200290CD0027C18
:10780000DFF82CC052B1D1F8042240239CF80110BB
:1078100000F0DCFC002010BD032010BDD1F80422D4
:107820004FF400739CF8011000F0D0FCF2E7000068
:1078300024050020002907D0D0F8D42200EB8200D4
:10784000C0F8C4120020704703207047D0F8D4223B
:1078500000EB8200D0F8C002002803D0C0F8041268
:107860000020704703207047D0F8D43200EB83002B
:10787000D0F8C002002805D0C0F80812C0F81022C5
:107880000020704703207047F0B583B006460C46D1
:10789000D6F8D40206EB8000D0F8C0720021029125
:1078A00001910025002F0DD0217811F060023BD00E
:1078B000202A0AD02146304600F0C9F8032503B03B
:1078C0002846F0BD03B00320F0BDE28812B311F0EA
:1078D000800F10D0D0F8C40294F801C039468368F4
:1078E00060469847E288072A00D907223946304681
:1078F00000F0D3F8E3E7607887F80002E0884028DA
:1079000000D34020C2B287F801223946304600F049
:10791000AAF8D4E7D0F8C40294F801C00022836822
:10792000214660469847CAE7607858B10128C6D01A
:107930000A2817D00B2825D02146304600F087F8BA
:107940000325BCE796F89C02032805D02146304663
:1079500000F07DF80325B2E7022201A9304600F0CD
:107960009CF8ACE796F89C02032805D021463046E7
:1079700000F06DF80325A2E7012202A9304600F0CD
:107980008CF89CE796F89C02032898D02146304654
:1079900000F05DF8032592E710B5D0F8D41200EBA3
:1079A0008101D1F8C0220121002A03D0D2F814327B
:1079B00013B117E0032010BD0121C2F814120A49C7
:1079C000D2F810C2097801F00F0303EB830300EB38
:1079D0008303C3F818C0D2F81032D2F8082200F09E
:1079E000A2FC0021084610BD2405002010B500248B
:1079F000D0F8B8225268904700B10324204610BD49
:107A000090F89C22012A05D0022A03D0032A01D033
:107A100000F01DB84988012904D10021C0F8A41242
:107A200000F048B87047002070470020704710B53C
:107A300013460A46002100F0C9FB002010BD10B516
:107A400013460A46002100F06EFC002010BD10B560
:107A500004468021204600F047FC2046BDE8104047
:107A6000002100F041BC10B50323C0F89432C0F8E7
:107A70005821C0F85C2113460A46002100F0A6FBFD
:107A8000002010BD10B50521C0F8941200231A463D
:107A9000194600F09BFB002010BD10B50223C0F872
:107AA00094328261C26113460A46002100F03BFC19
:107AB000002010BD10B50421C0F8941200231A460E
:107AC000194600F030FC002010BD000010B5002861
:107AD00006D00A46054906A000F0B2F9034810BDD9
:107AE0000A46024902A000F0ABF9F7E7BC200020EB
:107AF00043444320436F6E6669670000122008808C
:107B000000487047CC04002010B5002806D00A4673
:107B1000054906A000F094F9034810BD0A46024941
:107B200002A000F08DF9F7E7BC2000204344432079
:107B3000496E746572666163650000000420088008
:107B400000487047C804002010B50A46024903A047
:107B500000F076F9004810BDBC20002053544D6958
:107B600063726F656C656374726F6E696373000036
:107B700010B5002806D00A46054906A000F060F9B5
:107B8000034810BD0A46024902A000F059F9F7E780
:107B9000BC20002053544D333220566972747561F5
:107BA0006C20436F6D506F727400000010B51A2086
:107BB0000880F9F7B9FC014810BD0000E00400207E
:107BC000CA88012A01D0FFF742BF90F89C22012AFF
:107BD00005D0022A03D0032A08D0FFF738BF0021BE
:107BE0008160012200F10801FFF757BF0122011D4A
:107BF000FFF753BF2DE9F84304460F4600200090DD
:107C0000002600257888010A082970D2DFE801F0F3
:107C1000AB040C22ABAB8B9AD4F8B412207C0A686C
:107C2000694690470646A3E0207C4FF0020840B129
:107C3000D4F8B802C16A68468847064686F80180CB
:107C400096E0D4F8B802816A68468847064686F806
:107C500001808DE0C0B206285FD2DFE800F0031299
:107C600021303F4FD4F8B402426822B1207C6946EB
:107C7000904706467CE039462046FFF7E8FE01259E
:107C800076E0D4F8B402826822B1207C694690473D
:107C900006466DE039462046FFF7D9FE012567E02C
:107CA000D4F8B402C26822B1207C694690470646E7
:107CB0005EE039462046FFF7CAFE012558E0D4F8B9
:107CC000B402026922B1207C6946904706464FE023
:107CD00039462046FFF7BBFE012549E0D4F8B4023F
:107CE00042692AB1207C69469047064640E03AE066
:107CF00039462046FFF7ABFE012539E0D4F8B4023F
:107D0000826922B1207C69469047064630E03946B8
:107D10002046FFF79CFE01252AE039462046FFF762
:107D200096FE012524E0207C28B139462046FFF745
:107D30008EFE01251CE0D4F8B802416B68468847E6
:107D4000064615E0207C28B139462046FFF77FFE25
:107D500001250DE0D4F8B802016B68468847064655
:107D60000721717004E039462046FFF770FE0125B7
:107D7000002D0CD1FA8892B1BDF8000048B18242C2
:107D800000D90246009231462046FFF786FEBDE844
:107D9000F88339462046FFF75AFEBDE8F8832046AF
:107DA000FFF788FEBDE8F88378B50E460546002447
:107DB0006A88297828468A4212D900918A420FD9C6
:107DC000694600F01BF84178052904D10446A178E2
:107DD000B14205D000246988BDF800209142EFD857
:107DE000204678BD00210278002A05D0491CC9B27E
:107DF000401C0278002AF9D1084670470A880378A7
:107E00001A440A8001780844704790F89C22012A9D
:107E100005D0022A03D0032A01D0FFF718BECA8872
:107E2000022A01D0FFF713BE0121C160D0F8A412CD
:107E300009B10321C160022200F10C01FFF72DBE40
:107E400070B50D461646002825D004462046FFF79B
:107E5000C9FF022101EB4000B0F5007F01D9080203
:107E600004E02046FFF7BEFF4000801C30803078E1
:107E70002870032068700220217800290BD000218F
:107E800022782A54641C401CC0B22954401CC0B241
:107E90002278002AF4D170BD01460020002906D0C6
:107EA000012905D0022905D0032905D003207047F8
:107EB00003207047012070470320704700280FD02F
:107EC0000023C0F8B832C0F8C432C0F8D03209B1CB
:107ED000C0F8B412012180F89C12027000F000B9C1
:107EE0000320704710B5D0F8C802FAF7D1FBBDE8FF
:107EF0001040FFF7D1BF10B5D0F8C802FAF7A4FBC5
:107F0000BDE81040FFF7C8BF70B504460B46944665
:107F1000002B09D043F080012046FFF784FDFF28A5
:107F20005ED000284CD05BE004F11400D4F8941229
:107F3000002502293BD18268C1688A420CD9521AB5
:107F4000826061462046FFF77AFD00231A461946F3
:107F5000204600F03BF92AE0914214D14068884263
:107F600011D3D4F8981288420DD20022114620462F
:107F7000FFF765FDC4F8985200231A4619462046BB
:107F800000F024F913E094F89C02032808D1D4F8F7
:107F9000B802C16821B1C4F8D452C16820468847EC
:107FA0008021204600F0A0F92046FFF76BFD94F8F1
:107FB000A00220B1204600F0F5F984F8A0520FE0AD
:107FC00094F89C1203290BD1D4F8B8124A693AB13B
:107FD000C4F8D4024A69194620469047002800D1C7
:107FE000002070BD10B504460B4694460022002BBD
:107FF00009D003F07F012046FFF715FDFF2857D079
:10800000002840D054E004F5AA70D4F89412032953
:108010004ED1C268816891420AD98A1A8260C068CA
:10802000824200D3024661462046FFF700FD3FE052
:1080300094F8AA0210F01F0006D0012806D00228EA
:108040000AD0002070B11AE00020FBE794F8AE12CD
:108050002046FFF7EAFCF5E794F8AE122046FFF75A
:10806000E2FCEFE794F89C12032908D1D4F8B81287
:108070000A6922B1C4F8D40209692046884720461B
:10808000FFF718FD14E094F89C1203290DD1D4F8E1
:10809000B812D1F818C0BCF1000F06D0C4F8D40251
:1080A0008A6919462046904702460AB1104610BD1B
:1080B000002010BD0020704710B50024012180F879
:1080C0009C12D0F8B822002A04D052680179904757
:1080D00000B10324204610BDD0F8C802FAF704BB53
:1080E00010B50178002927D11449C1F8E004C0F87F
:1080F000C8124FF0A0400860042008710222CA7123
:10810000002088714A728872C87208738873C873B5
:108110000846FAF718FE08B1F9F7B2F880210748C7
:10812000FAF743FA402200210448FAF742FA802283
:1081300001210248FAF73DFA002010BDDC3400208E
:1081400011F0800F01F07F01D0F8C80201EBC101EE
:1081500000EB810001D0807D704790F85602704797
:1081600010B5D0F8D42200EB8202D2F8B822002A4F
:1081700004D090F89C32032B02D004E0032010BD01
:10818000126A02B19047002010BD10B5D0F8D42279
:1081900000EB8202D2F8B822002A04D090F89C3278
:1081A000032B02D004E0032010BD526A02B19047B5
:1081B000002010BD10B59C461346D0F8C802624698
:1081C000FAF79BFABDE81040FFF766BE10B5D0F88D
:1081D000C802FAF7C2FABDE81040FFF75DBE2DE90C
:1081E000F04104460025012684F89C620020C4F872
:1081F00094026060C4F8A40284F8A002D4F8B80223
:10820000002806D0426822B100212046904700B1E4
:1082100003250022402311462046FFF7CBFFA4F898
:1082200064614027C4F86071402300228021204609
:10823000FFF7C0FFA68427622846BDE8F08190F8CA
:108240009C12042903D190F89D1280F89C12002002
:10825000704710B590F89C12032905D1D0F8B812D8
:1082600011B1C96901B18847002010BD0174002017
:10827000704710B5D0F8C802FAF731FEBDE81040DB
:10828000FFF70ABE10B5044604F2AA2000F054F825
:108290000120C4F89402B4F8B002C4F8980294F82B
:1082A000AA1211F01F000AD001280FD0022814D002
:1082B0002046BDE8104001F0800100F015B804F23E
:1082C000AA212046BDE8104000F026B904F2AA21F8
:1082D0002046BDE8104000F071BA04F2AA21204601
:1082E000BDE8104000F053B910B5D0F8C802FAF755
:1082F0004DFABDE81040FFF7CFBD10B5D0F8C80269
:10830000FAF707FEBDE81040FFF7C6BD90F89C12D3
:10831000042903D090F89C1280F89D12042180F863
:108320009C120020704710B5D0F8C802FAF766FA20
:10833000BDE81040FFF7B0BD0A780270491C0A780A
:108340004270491C0A784B1C1B7842EA0322428087
:10835000891C0A784B1C1B7842EA032282808A78A7
:10836000C97842EA0121C180704738B5044600202F
:108370000090002914D0C4F8B812D4F8D40204EB49
:108380008000D0F8B802C16A19B168468847C4F8BD
:10839000D002D4F8D802401CC4F8D802002038BD5E
:1083A000032038BD0020704770B504468888002837
:1083B00021D1C888F8B9488880281CD200F07F05F0
:1083C00094F89C0203280DD084F89E52294620463A
:1083D000FFF74FFF2046FFF76DFB45B1022084F801
:1083E0009C0270BD2046BDE87040FFF730BB012005
:1083F00084F89C0270BD2046BDE87040FFF727BBA3
:1084000003460020D3F8B822002A02D0126818468A
:10841000104770472DE9F04104460F460025334EC2
:10842000B9783170012906D939462046FFF70FFB8C
:108430000320BDE8F08194F89C024FF00208022866
:108440000DD0032825D039462046FFF700FB3178B0
:108450002046FFF7CBFA03252846BDE8F081A1B1FD
:1084600061602046FFF7CCFF0546280006D039465C
:108470002046FFF7ECFA84F89C82EDE72046FFF7F0
:1084800019FB032084F89C02E6E72046FFF712FB65
:10849000E2E7C9B16068884224D0C1B22046FFF744
:1084A000A5FA317861602046FFF7AAFF054628004B
:1084B00014D039462046FFF7CAFA21792046FFF743
:1084C00095FA84F89C82C7E784F89C826160204614
:1084D000FFF78CFA2046FFF7EDFABDE72046FFF7DD
:1084E000E9FAB9E72046FFF7E5FAB5E720050020ED
:1084F0004A88012A03D0022A06D0FFF7A8BA012130
:10850000C0F8A412FFF7D6BA8988090A80F8A01229
:10851000FFF7D0BAFFF7F1BE10B500240A7812F0C9
:10852000600211D0202A05D0402A03D0FFF78FFA2D
:10853000204610BDD0F8D42200EB8202D2F8B82237
:10854000926890470446F3E74A780A2A1CD2DFE88B
:1085500002F012181B151B08051B0F0BFFF74AFB37
:10856000E6E7FFF721FFE3E7FFF754FF0446DFE705
:10857000FFF726FBDCE7FFF748FCD9E7FFF7B8FF7A
:10858000D6E7FFF73DFAD3E7FFF761FAD0E72DE929
:10859000F04105460E4600273479307810F060002F
:1085A0001ED0202808D0402806D031462846FFF7A4
:1085B0004EFA3846BDE8F08121462846FFF733FAE7
:1085C000FF28F6D00028F4D1C5F8D402D5F8B802B7
:1085D0008268002AEDD03146284690470746E8E7F2
:1085E0007078002872D0012831D0032804D0314699
:1085F0002846FFF72CFADCE795F89C02022806D003
:10860000032815D031462846FFF721FAD1E754B1A7
:10861000802C08D021462846FFF766FE8021284698
:10862000FFF762FEC5E731462846FFF710FAC0E7BC
:10863000708840B93CB1802C05D0F08818B921462B
:108640002846FFF751FE2846FFF734FAB1E795F8C0
:108650009C02022806D0032815D031462846FFF791
:10866000F6F9A6E754B1802C08D021462846FFF73A
:108670003BFE80212846FFF737FE9AE73146284621
:10868000FFF7E5F995E77088002892D114F07F0F85
:1086900003D021462846FFF725FC2846FFF70AFAB3
:1086A00021462846FFF7BFF9FF2882D0002880D155
:1086B000C5F8D402D5F8B8028268002A3FF479AF31
:1086C000314628469047074673E7FFE795F89C0236
:1086D0004FF00008022806D0032827D0314628464C
:1086E000FFF7B5F965E734B1802C04D03146284650
:1086F000FFF7ADF95DE714F0800F08D004F07F00BC
:1087000000EB800005EB800000F1140107E004F0AD
:108710007F0000EB800005EB800000F5AA71C1F836
:10872000008002222846FFF7B8F942E714F0800FD4
:108730000CD004F00F0000EB800005EB8000808C73
:1087400068B931462846FFF782F932E704F00F0096
:1087500000EB800005EB8000B0F8640158B114F024
:10876000800F0DD004F07F0000EB800005EB80004F
:1087700000F114060CE031462846FFF768F918E7C7
:1087800004F07F0000EB800005EB800000F5AA7686
:108790004CB1802C07D021462846FFF7D1FC28B1E8
:1087A0000120306004E0C6F8008001E0C6F80080D7
:1087B000022231462846FFF770F9FAE670B5054601
:1087C0000E460024307810F0600009D0202807D031
:1087D000402805D031462846FFF739F9204670BDBC
:1087E00095F89C02012808D0022806D0032804D05E
:1087F00031462846FFF72BF9F0E7B088C1B20129CE
:108800001ED8C1B22846FFF710F9FF2800D048B1A2
:108810000324F0880028E1D1002CDFD12846FFF79F
:1088200049F9DBE7D5F8B8128A683AB1C5F8D4023D
:108830008A683146284690470446EAE70324E8E779
:1088400031462846FFF703F9C8E7704700487047EC
:10885000BC32002070B50A784E78012302F00F0474
:108860001C4DA340012E19D0D0F81C4844EA034304
:10887000C0F81C3800EB4210D0F8002B12040BD4C7
:10888000D0F8002B0B890979C3F30A031A4345EA90
:1088900081410A43C0F8002B002070BDD0F81C486D
:1088A0009BB21C43C0F81C4800EB4210D0F80039C2
:1088B0001B04F1D4D0F800390C890979C4F30A04F7
:1088C0008904234341EA82510B432B43C0F800390A
:1088D000E2E7000000800010D0F800196FF30A01F1
:1088E000C0F80019D0F8041841F48071C0F80418D9
:1088F000002070470FB410B504469DF81100012800
:108900001CD0E06840F04000E060204600F036F8FF
:108910009DF8151051B3A16B21F48031A1639DF82E
:108920000E10012907D1A16841F00601A160A168DC
:1089300041F02001A16010BC5DF814FBA06B20F495
:108940008030A063E0680C490840E060E06820F4F3
:108950004010E0609DF81800012803D1E06840F461
:108960008010E060204600F009F8D8E7A16B41F4E0
:108970008031A163D3E70000BFFFBDFF08B500232E
:1089800000934FF070620099491C00910099914248
:1089900001D9032008BD01690029F4DA00930169B7
:1089A00041F0010101610099491C00910099914237
:1089B00001D9032008BD0169C907F4D1002008BD11
:1089C00070B54B780A78012500EB4212012B2BD0B1
:1089D000D2F8003B002B0BDAD2F8003B43F00063E7
:1089E000C2F8003BD2F8003B43F08043C2F8003BA2
:1089F00000F61C00046A0B7803F00F0605FA06F374
:108A000024EA034404620468097801F00F0105FABE
:108A100001F324EA03410160D2F8000B1849084031
:108A2000C2F8000B002070BDD2F80039002B0BDA21
:108A3000D2F8003943F00063C2F80039D2F80039A7
:108A400043F08043C2F8003900F61C00046A0B783A
:108A500003F00F0605FA06F39EB2B44304620468FD
:108A6000097801F00F0105FA01F399B28C43046013
:108A7000D2F8000903490840C2F80009D2E7000013
:108A80000078F3EF007833ECD0F8001E21F00301FA
:108A9000C0F8001ED0F8041821F00201C0F8041834
:108AA00000207047D0F8001E21F00301C0F8001E1E
:108AB000D0F8041841F00201C0F8041800207047F3
:108AC0000FB42DE9F043044600250020002704EBF5
:108AD0008001C1F80471401C0F28F8D39DF82A606A
:108AE00066B3A06B20F40011A163A06B40F40021D9
:108AF000A163C4F8007E9DF82500012831D0032130
:108B0000204600F081FB1021204600F0BDFA00B1A4
:108B10000125204600F098FA00B10125C4F810782C
:108B2000C4F81478C4F81C7800204FF000634FF0AC
:108B3000904C4FF67F389DF8202034E0D4F804089C
:108B400040F00201C4F80418A06B40F40011A163C6
:108B5000A06B20F40021A163A06B20F48021A1630D
:108B6000C7E79DF8230020B10121204600F04CFB0F
:108B7000C9E70021204600F047FBC4E704EB4011A1
:108B8000D1F80099B9F1000F06DA10B1C1F800C9A7
:108B900004E0C4F8003901E0C1F80079C1F81079A7
:108BA000C1F80889401C8242E8D8002014E004EB98
:108BB0004011D1F8009BB9F1000F06DA10B1C1F8ED
:108BC00000CB04E0C4F8003B01E0C1F8007BC1F831
:108BD000107BC1F8088B401C8242E8D8D4F81008FA
:108BE00020F48071C4F81018A7616FF080406061B4
:108BF0009DF8220018B9A06940F01000A061A0699A
:108C00000A490843A0619DF8260018B1A06940F008
:108C10000800A061012E03D1A06905490843A061A5
:108C20002846BDE8F0035DF814FB000000383C80E6
:108C300004000040816821F001018160002070473C
:108C400010B5036C124CA34205D9D0F8003B002BA1
:108C500001DA002010BD00F53160002303600368D5
:108C600043F400230360036843F0180303600368C0
:108C700043F0C0430360A0F53160012906D100F53F
:108C800030604261016841F080210160002010BD28
:108C90000A30544F4A780B78012A00EB43100BD06E
:108CA000D0F8002B22F40012C0F8002B0979032918
:108CB00014D0022912D017E0D0F8002922F40012B3
:108CC000C0F800290979032901D002290CD1D0F874
:108CD000001941F08051C0F8001905E0D0F8001BE0
:108CE00041F08051C0F8001B002070470A784B7893
:108CF0000978012B00EB411012D0D0F8001B00299D
:108D000006DB2AB1D0F8001B21F08041C0F8001B1F
:108D1000D0F8001B41F40011C0F8001B0020704780
:108D2000D0F80019002906DB2AB1D0F8001921F08B
:108D30008041C0F80019D0F8001941F40011C0F8C2
:108D40000019EBE7F8B50C784F780B78914D6FF080
:108D5000604600EB4313012F29D0D3F8107B6FF34B
:108D60001207C3F8107BD3F8107B2F40C3F8107B99
:108D7000002C7DD00D69002D7BD08C6825446D1EA4
:108D8000B5FBF4F5ADB26C430C62D3F8104B06EAB8
:108D9000C5452C43C3F8104BD3F8104B0D6AC5F3EF
:108DA00012052C43C3F8104B012A6FD0D6E00F698F
:108DB000EFB1D3F810796FF31207C3F81079D3F835
:108DC00010792F40C3F81079FCB10F698D682F44DA
:108DD0007F1EB7FBF5F5ADB2D3F8107906EAC546AC
:108DE0003743C3F810790E79012E1AD028E003F525
:108DF00011631E682E401E601D6845F400251D602D
:108E00001D686FF312051D6022E00E698D68AE4289
:108E100000D90D61D0F8105945F40026C0F810694A
:108E20000EE0D3F8106926F0C046C3F81069D3F8F5
:108E300010694FF0C04707EA45752E43C3F8106923
:108E4000D3F810590E69C6F312063543C3F810590A
:108E5000012A1CD000EB4413D3F8004944F0044429
:108E6000C3F800490C79012C38D00A69002A01E0C6
:108E70004DE060E009D0D0F83428097801F00F0304
:108E8000012199400A43C0F8342881E062E0CA69B0
:108E90001AB100EB4413C3F814290979012914D13C
:108EA000D0F80818C90508D400EB4411D1F80029FE
:108EB00042F00052C1F8002907E000EB4411D1F85C
:108EC000002942F08052C1F8002900EB4410D0F88C
:108ED000001941F00441C0F8001959E0D0F80848E1
:108EE000E40506D4D3F8004944F00054C3F800491F
:108EF00005E0D3F8004944F08054C3F800490092DB
:108F00000A8A93B20A78C96800F000FA40E00C6956
:108F10000CB18C680C618C680C62D0F8105BC4F3E7
:108F200012042543C0F8105BD0F8104B44F4002421
:108F3000C0F8104B38E7D3F8104B8D68C5F3120515
:108F40002C43C3F8104BD3F8104B44F40024C3F85F
:108F5000104B29E7CA680AB1C3F8142B0979012913
:108F600010D1D0F80808C00506D4D3F8000B40F0A3
:108F70000050C3F8000B05E0D3F8000B40F0805020
:108F8000C3F8000BD3F8000B40F00440C3F8000B0B
:108F90000020F8BDFFFF07E038B5002200920B78F3
:108FA0004D7800EB431442F21073012D1AD0D4F81F
:108FB000005B002D40DAD4F8005B45F00065C4F892
:108FC000005B0C7800EB4414D4F8005B45F080455E
:108FD000C4F8005B009C641C0094009C9C4224D953
:108FE000012229E0D4F80059002D25DAD4F80059DF
:108FF00045F00065C4F800590C7800EB4414D4F82F
:10900000005945F08045C4F80059009C641C009448
:10901000009C9C4201D901220EE00C7800EB441424
:10902000D4F80049002CF0DB06E00C7800EB441487
:10903000D4F8004B002CCDDB104638BD816841F0E0
:10904000010181600020704708B5002300934FF0B4
:1090500070620099491C00910099914201D9032046
:1090600008BD01690029F4DA00931021016100991B
:10907000491C00910099914201D9032008BD016962
:10908000C906F4D4002008BD18B5002400944FF0A0
:109090007063009A521C0092009A9A4201D90320F0
:1090A00018BD0269002AF4DA0094202242EA8111F4
:1090B00001610099491C00910099994201D903204E
:1090C00018BD01698906F4D4002018BDD0F808083D
:1090D00000F00600002805D0022805D0062803D09D
:1090E0000F2070470020704702207047406900F051
:1090F00001007047D0F81818D0F81C08084080B25A
:109100007047D0F81818D0F81C080840000C7047B9
:1091100010B5D0F81038D0F8342801F00F04E24030
:1091200002F0010243EAC21200EB4110D0F8080934
:10913000104010BD00EB4111D1F8081BD0F8140805
:1091400008407047416980690840704730B5034660
:109150000846940802F00301002203F5805303E05F
:109160001D6840F8045B521CA242F9D300290BD0C1
:1091700000221C68D50024FA05F300F8013B521CBC
:10918000491E89B20029F5D130BD70B505460024CD
:10919000E86820F0C040E860012902D089B10120D0
:1091A00070BDE86840F00050E8600A20F9F722F846
:1091B0000A342846FFF79AFF012810D0C82CF4D3B0
:1091C0000DE0E86840F08040E8600A20F9F712F806
:1091D0000A342846FFF78AFF08B1C82CF5D3C82CFB
:1091E00001D0002070BD012070BD00F50060026854
:1091F00022F4FE62026002684FF4FE6303EA01118A
:109200000A43026000207047D0F800280A43C0F8E3
:109210000028002070470000022A0ED082B30921E6
:10922000C26822F47052C260C2684FF4705303EAFD
:1092300081210A43C26000207047224A224B0A441F
:109240009A4201D20F21EBE7204A214B0A449A426D
:1092500001D20E21E4E71F4A1F4B0A449A4201D271
:109260000D21DDE71D4A1E4B0A449A4201D20C2112
:10927000D6E71C4A1C4B0A449A4202D20B21CFE784
:109280001DE01A4A1A4B0A449A4201D20A21C7E742
:10929000184A194B0A449A4201D20921C0E7174AD9
:1092A000174B0A449A4201D20821B9E7154A1144E2
:1092B000154A914201D20721B2E70621B0E7092100
:1092C000AEE70000405327FF00350C00401E1BFF97
:1092D00040420F0000DC0BFF804F1200808CF9FE33
:1092E00020D6130060B6E5FE60E3160000D3CEFE84
:1092F00040771B00C05BB3FEC091210000CA91FE05
:1093000020753800E05459FEE09C410010B5029CE5
:10931000002C0DD1DB1C9C08002300EB023000F573
:10932000805003E051F8042B02605B1CA342F9D388
:10933000002010BDFEE7000030B505460C46002DAC
:1093400001D0022C01D8002030BD0A48A11E42885D
:109350002846F8F79DF82919C2B211F8023C9A4242
:1093600006D111F8011CB1EB102F01D1012030BD45
:10937000002030BD8800002030B505460C46002D89
:1093800001D0022C01D8002030BD0748611E0278B0
:109390002846F8F7ADF8291911F8011C814201D1CE
:1093A000012030BD002030BD880000201CB502F037
:1093B0004DFD0190094C0A4D208800EE100AB8EED0
:1093C000400A8DED000A2A4601216846FBF788FC19
:1093D0000A2101A801F0E6FFEEE70000681B00206B
:1093E0000014014003B401984100009850EAC120E4
:1093F00018BF04204A0D18BF40F0010040F2FF7270
:10940000B2EB515F08BF40F00200012808BF052001
:1094100002B070470907090E002804DB00F1E020C4
:1094200080F80014704700F00F0000F1E02080F891
:10943000141D70470000000010B52F499FED2C1B34
:109440002DED020B84B0059820F000408842D8BF73
:109450009DED040B2DDD2949884209D1049840B9BE
:109460004FF00100F7F7BFF800F0A2FC06B010BD06
:1094700005DB9DED040B00F08FFC06B010BD6846C7
:109480009DED040B00F0A0F810F0030004BF9DED6B
:10949000021B9DED000B0CD001280ED09DED021B90
:1094A0009DED000B022817D0012000F0DDFB06B077
:1094B00010BD00F0A5FA06B010BD9DED021B9DED9C
:1094C000000B012000F0D0FB51EC100B02F084FEE9
:1094D00006B041EC100B10BD00F092FA51EC100BED
:1094E00002F07AFE06B041EC100B10BD0000000047
:1094F0000000000000000000FB21E93F0000F07FB9
:1095000010B52F499FED2C1B2DED020B84B0059853
:1095100020F000408842DCBF00209DED040B32DDCE
:109520002849884209D1049840B94FF00100F7F763
:109530005AF800F03DFC06B010BD05DB9DED040BB4
:1095400000F02AFC06B010BD68469DED040B00F04B
:109550003BF810F0030011D0012818D09DED021B3C
:109560009DED000B02281AD000F04AFA51EC100BC6
:1095700002F032FE06B041EC100B10BD9DED021B57
:109580009DED000B012000F06FFB06B010BD9DEDBE
:10959000021B9DED000B00F033FA06B010BD012058
:1095A00000F062FB51EC100B02F016FE06B041EC2D
:1095B000100B10BD000000000000000000000000C3
:1095C000FB21E93F0000F07F2DE9F14F04462DED2E
:1095D000020B2DED088B8AB09FEDE70B80ED020B9F
:1095E000139EE74826F0004585420ADC9DED120BEC
:1095F000002084ED000B0AB0BDEC088B03B0BDE881
:10960000F08FE0489FEDE0AB9FEDE1BBA84247DD66
:10961000E14F9FEDE39B9FEDE48B9DED120B53EC2F
:109620001A2B51EC100B002E1CDD03F0A5F941ECB8
:10963000100BBD4208D053EC1B2B51EC100B03F068
:109640009BF9C4E900010BE053EC192B51EC100B12
:1096500003F092F953EC182B03F08EF9C4E90001E2
:109660000120C8E702F0F6FD41EC100BBD4208D026
:1096700053EC1B2B51EC100B02F0ECFDC4E9000184
:109680000BE053EC192B51EC100B02F0E3FD53EC03
:10969000182B02F0DFFDC4E900014FF0FF30AAE70C
:1096A000C348A84279DB9DED120B51EC100B00F082
:1096B000A1FC41EC180B9FEDC00B53EC102B03F0F9
:1096C00051F89FEDBF1B53EC112B02F0C3FD02F0CC
:1096D000C1FF074603F01BF841EC190B53EC1A2BA2
:1096E00003F040F853EC182B03F03AF941EC180B57
:1096F00053EC1B2B51EC190B03F034F8DFF8C8A224
:1097000041EC100B4FEA15580125FA4453EC102B8D
:1097100051EC180B03F030F9032DC4E900013DD0E2
:10972000C1F30A5005EB4511A8EB00001139814245
:1097300034DA0AEB051BB0EE48AA9BED000BF0EE05
:1097400068AA53EC102B51EC190B03F00BF841EC09
:109750001B0B51EC1A0B53EC1B2B03F00DF941ECD6
:10976000180B51EC1A0B53EC182B03F005F953ECC2
:109770001B2B03F001F99BED020B41EC1A0B53EC90
:10978000102B51EC190B02F0EDFF53EC1A2B03F0E8
:10979000F3F841EC100B6D1CB8E70EE0002EA8BFEB
:1097A0003846BFF628AF94ED000B51EC100B02F0D9
:1097B00013FDC4E9000178421DE7C6F3130040F42D
:1097C000801EC6F30A50A0F2F530471100F01F05C5
:1097D000C5F12000DDF848B0089000200690079001
:1097E0000520EC467949002D07EB0002794408BFBB
:1097F00051F8221009D051F8223001EB8201AB4020
:109800004A68089922FA01F11943A1FB0E26A1FB2F
:109810000B131A449A4234BF0123002303EB0608BA
:109820000CEB8003D3E901A60E448E4234BF012124
:10983000002192448A4411B1924502D903E0924535
:1098400001D2012100E00021C3E901A641444CF806
:109850002010011EA0F10100C4DC029800F10050AC
:10986000850F0298DDE903678000DDF8148002F0BF
:109870004EFF41EC1A0B304602F060FF9FED541B87
:1098800053EC112B02F06EFF41EC1B0B384602F03B
:1098900055FF9FED511B53EC112B02F063FF41EC80
:1098A000180B404602F04AFF9FED4D1B53EC112B65
:1098B00002F058FF41EC190B51EC180B53EC192B2B
:1098C00002F0C8FC53EC1B2B02F0C4FC53EC1A2B27
:1098D00002F0C0FCCDE90801002008909DED080BC6
:1098E00053EC1A2B51EC100B03F046F853EC1B2BE6
:1098F00003F042F853EC182B03F03EF853EC192B0D
:1099000003F02EF89FED381B53EC112B02F02AFFC9
:109910009FED370B41EC180B53EC102B9DED080B12
:1099200051EC100B02F01EFF53EC182B02F092FCCE
:109930009FED310B41EC180B53EC102B9DED080BF8
:1099400051EC100B02F00EFF53EC182B02F082FCCE
:1099500041EC100B139810F0004F06D06D4251EC03
:10996000100B02F039FC41EC100B284684ED000B83
:1099700041E60000000000000000000000000000C0
:10998000FB21E93F7CD9024000004054FB21F93F14
:109990003163621A61B4D03DFB21F93F0000000041
:1099A0000000601A61B4D03D7370032E8A19A33B86
:1099B000FB2139410000000083C8C96D305FE43FDE
:1099C000000000000000E03FF23B0000403B0000D0
:1099D000000000000000103E000000000000103CED
:1099E000000000000000103A182D4454FB21F93DFE
:1099F0003326A611460B113C00000054FB21F93D13
:109A000010B52DED040B2DED088B82B0B0EE419A10
:109A1000F0EE619A0B9820F000449FED4BABB4F14F
:109A2000795F11DA9DED0A0B51EC100B02F012FE7A
:109A3000002801BFB0EE4A0AF0EE6A0A02B0BDEC9F
:109A4000088B04BF04B010BD9DED0A0B53EC102B26
:109A500051EC100B02F086FE41EC180B3C4806213D
:109A6000B0EE480AF0EE680A784400F081F853EC52
:109A7000182B51EC100B02F075FE9DED0A0B41EC1A
:109A80001B0B53EC192B51EC100B02F06BFE41EC4D
:109A9000190B53EC1B2B51EC180B02F063FE53EC2B
:109AA000192B02F069FF9FED2C0B41EC190B53ECC5
:109AB000102B51EC180B02F055FE41EC100B28480E
:109AC000844210DA53EC192B51EC100B02F054FFC6
:109AD00053EC1A2B02F044FF41EC100B02B0BDEC2A
:109AE000088B04B010BD1F48A042BCBF9FED1E1BD9
:109AF0008DED001B06DBA4F5001001900020009006
:109B00009DED001B51EC100B53EC112B02F034FFB8
:109B10009DED000B41EC180B53EC102B51EC1A0B84
:109B200002F02AFF41EC1A0B53EC192B51EC180BE5
:109B300002F022FF53EC1A2B02F012FF41EC100B43
:109B4000CCE7000000000000000000000000F03F33
:109B50006438000000000000000000000000E03F4A
:109B60003333D33F0000E93F000000000000D23F44
:109B700070B504462DED028B4D1E00EBC500B0EE16
:109B8000408AF0EE608A90ED000B35F0060017D0A9
:109B900053EC182B51EC100B02F0E4FD41EC100BD0
:109BA0006D1E04EBC50090ED001B51EC100B53EC47
:109BB000112B02F04FFB41EC100B35F00600E7D102
:109BC000022D36D0042D1CD0062D1CBFBDEC028BFF
:109BD00070BD53EC182B51EC100B02F0C3FD94ED4B
:109BE0000A1B53EC112B02F035FB53EC182B02F03F
:109BF000B9FD94ED081B53EC112B02F02BFB41EC4B
:109C0000100B53EC182B51EC100B02F0ABFD94ED44
:109C1000061B53EC112B02F01DFB53EC182B02F02A
:109C2000A1FD94ED040B53EC102B02F013FB41EC5F
:109C3000100B53EC182B51EC100B02F093FD94ED2C
:109C4000021B53EC112B02F005FB53EC182B02F016
:109C500089FD94ED001B53EC112B02F0FBFABDECD7
:109C6000028B41EC100B70BD31B504462DED040B99
:109C70002DED0A8BB0EE41BAF0EE61BA0B989DED76
:109C80000A0B20F00040B0F1795F0DDA51EC100BB7
:109C9000FFF7A8FB042808BF00F09AF89DED0A0B17
:109CA000BDEC0A8B05B030BD53EC102B51EC100B02
:109CB00002F058FD41EC180B9DED0A0B53EC182BEC
:109CC00051EC100B02F04EFD41EC190B2C48B0EE9C
:109CD000480AF0EE680A05217844FFF749FF9FED36
:109CE0002ACBB0EE40AAF0EE60AA9CB353EC1C2B3A
:109CF00051EC190B02F036FD41EC1C0B53EC1A2B06
:109D000051EC190B02F02EFD9FED210B41EC190BCC
:109D100053EC102B51EC1B0B02F024FD53EC192BD0
:109D200002F02AFE53EC182B02F01CFD53EC1B2B07
:109D300002F022FE53EC1C2B02F01EFE9DED0A1BCE
:109D400053EC112B02F00CFEBDEC0A8B05B041EC7C
:109D5000100B30BDFFE753EC1A2B51EC180B02F03F
:109D600001FD53EC1C2B02F075FA53EC192B02F099
:109D7000F9FC9DED0A1B53EC112B02F06BFAE3E7A3
:109D8000EC36000000000000495555555555C5BF3B
:109D9000000000000000E03F10B553EC102B51EC28
:109DA000100B02F057FA41EC100B10BD0000000040
:109DB0009FED050B10B553EC102B51EC100B02F07E
:109DC000F1FA41EC100B10BD000000000000000093
:109DD0009FED050B10B553EC102B51EC100B02F05E
:109DE000C1FC41EC100B10BD000000000000001091
:109DF00010B50C4C010E2170C0F3074212FB01F2AA
:109E00006280C0F3072313FB01F3A380C0B210FBF1
:109E100001F0E08004490C686063086883630868A7
:109E2000C26310BD0C040020A00D0020D0ED000A7C
:109E3000F4EEC00AF1EE10FA01DD80ED000AD0ED7B
:109E4000000AB1EE400AF4EEC00AF1EE10FA01D2B7
:109E500080ED000A7047000010B52DED068B40F232
:109E600001214248FAF7C4FF404840F20221C830BD
:109E7000FAF7BEFF40F203213D48FAF7B9FF3C482C
:109E80004FF40171C830FAF7B3FF9FED3D8ADFED63
:109E9000398A9FED399ADFED399A9FED3AAA334816
:109EA000B0EE683AF0EE492AB0EE692AF0EE481AB0
:109EB000B0EE481AF0EE4A0AB2EE040A2830FBF778
:109EC00051FE2B48B0EE683AF0EE492AB0EE692A0E
:109ED000F0EE481AB0EE481AF0EE4A0AB2EE040A62
:109EE000A038FBF73FFE2248B0EE683AF0EE492A70
:109EF000B0EE692AF0EE481AB0EE481AF0EE4A0ABF
:109F0000B2EE040A2830FBF72DFE1948B0EE683A8D
:109F1000F0EE492AB0EE692AF0EE481AB0EE481A7F
:109F2000F0EE4A0AB2EE040AF030FBF71BFE0F48CF
:109F300000214181A0F8D210A0F89A11A0F8621275
:109F40009FED110A80EDCF0A9FED100A00F58060A9
:109F500080ED010A9FED0E0A80ED330A9FED0D0A98
:109F600080ED650ABDEC068B10BD0000481800208E
:109F7000D81900200080BB450060EA4600008046FA
:109F800000000000AE47613EF7E0F63DE0D45F3FE1
:109F9000B57CB53EA2E0213E10B50A4C94ED060A10
:109FA00001F068FB00F058FB0748218D4181618D6D
:109FB000A0F8D210A18DA0F89A11E18DA0F862123C
:109FC00010BD0000A01D00204818002006480749C9
:109FD0000068B0FBF1F206490A704FF47A72B0FBE8
:109FE000F2F04860704700001005002040420F006A
:109FF0000404002082B0CDE9000121F0004001906E
:10A000009DED000B02B051EC100B704718B58DEDB3
:10A01000000A0021009CCB0024FA03F24254491CA0
:10A02000C9B20429F7D318BD2DED0A8B404E9FED20
:10A0300041AA4FF47A7779E056F82500020E00EE37
:10A04000102AB8EE408AC0F3074100EE101AF8EE6D
:10A05000408AC0F3072300EE103AB8EE409AC4B22B
:10A0600000EE104AF8EE409A6D1C56F825004FEAB3
:10A07000106C00EE10CAF8EE400A00EE102AB8EE9E
:10A08000400A70EEC01AC0F3074200EE102AF8EE44
:10A09000400A00EE101AB8EE400A30EEC01AC0F3C3
:10A0A000072100EE101AF8EE400A00EE103AB8EE62
:10A0B000400A70EEC00AC0B200EE100AB8EE402AA4
:10A0C00000EE104AB8EE400A32EE400AC1EE8AAA0B
:10A0D00081EE0ABAC0EE8ABA80EE0ACA002438EECF
:10A0E0002A8A78EE8B8A39EE2B9A79EE8C9ABCEE1E
:10A0F000C80A10EE100ABCEEE80A010610EE100ABB
:10A10000BCEEC90A41EA004110EE100ABCEEE90AB1
:10A1100041EA002010EE101A0843FFF769FE641CA4
:10A12000A4B2BC42DBD3ADB2062D85D3002583E7B4
:10A130006004002000007A44F8F77AF9FCF732FC5A
:10A14000FBF7DCF8FBF714F8FAF7CEFFFBF754FA4D
:10A15000FBF7D2F9FAF7EAFFFBF76AFAFBF788FA9E
:10A16000FBF764F9FBF7A2F9FBF722FAFFF72EFFE2
:10A170004FF4FA70F8F73EF8FBF738F800F0B4FA4D
:10A18000FEE701460020842900D0C81C704700006B
:10A190002DE9F04704462DED028B0D469246B0EEB8
:10A1A000408AFD4804F12809824527D12088FB4ECA
:10A1B000A0F20120FA4FDFF8EC830B281ED2DFE873
:10A1C00000F0061E364E667E96AEC6E0FB00012D00
:10A1D0000FD1B4F9040000EE100A4846F8EEC00AA8
:10A1E000B0EE480AFBF764FCBDEEC00A10EE100AA0
:10A1F0006083608B000A3070A07E7070F5E0012DE6
:10A200000FD1B4F9040000EE100A4846F8EEC00A77
:10A21000B0EE480AFBF74CFCBDEEC00A10EE100A87
:10A220006083608B000AB070A07EF070DDE0012DCD
:10A230000FD1B4F9040000EE100A4846F8EEC00A47
:10A24000B0EE480AFBF734FCBDEEC00A10EE100A6F
:10A250006083608B000A3071A07E7071C5E0012DB3
:10A260000FD1B4F9040000EE100A4846F8EEC00A17
:10A27000B0EE480AFBF71CFCBDEEC00A10EE100A57
:10A280006083608B000AB071A07EF071ADE0012D9B
:10A290000FD1B4F9040000EE100A4846F8EEC00AE7
:10A2A000B0EE480AFBF704FCBDEEC00A10EE100A3F
:10A2B0006083608B000A3870A07E787095E0012D75
:10A2C0000FD1B4F9040000EE100A4846F8EEC00AB7
:10A2D000B0EE480AFBF7ECFBBDEEC00A10EE100A28
:10A2E0006083608B000AB870A07EF8707DE0012D5D
:10A2F0000FD1B4F9040000EE100A4846F8EEC00A87
:10A30000B0EE480AFBF7D4FBBDEEC00A10EE100A0F
:10A310006083608B000A3871A07E787165E0012D42
:10A320000FD1B4F9040000EE100A4846F8EEC00A56
:10A33000B0EE480AFBF7BCFBBDEEC00A10EE100AF7
:10A340006083608B000AB871A07EF8714DE0012D2A
:10A350000FD1B4F9040000EE100A4846F8EEC00A26
:10A36000B0EE480AFBF7A4FBBDEEC00A10EE100ADF
:10A370006083608B000A88F80000A07E88F80100E6
:10A3800033E0012D0FD1B4F9040000EE100A484665
:10A39000F8EEC00AB0EE480AFBF78AFBBDEEC00A31
:10A3A00010EE100A6083608B000A88F80200A07E1D
:10A3B00088F8030019E0FFE7012D0FD1B4F904007C
:10A3C00000EE100A4846F8EEC00AB0EE480AFBF765
:10A3D0006FFBBDEEC00A10EE100A6083608B000AAE
:10A3E00088F80400A07E88F805006F48824527D1D0
:10A3F00020886E4EA0F201206D4FDFF8B8810B2847
:10A400001ED2DFE800F006213951698199B1D9F5F2
:10A41000F300012D0FD1B4F9040000EE100A4846F4
:10A42000F8EEC00AB0EE480AFBF742FBBDEEC00AE8
:10A4300010EE100A6083608B000A3070A07E70708E
:10A44000BDEC028BBDE8F087012D0FD1B4F90400FB
:10A4500000EE100A4846F8EEC00AB0EE480AFBF7D4
:10A4600027FBBDEEC00A10EE100A6083608B000A65
:10A47000B070A07EF070E3E7012D0FD1B4F90400B5
:10A4800000EE100A4846F8EEC00AB0EE480AFBF7A4
:10A490000FFBBDEEC00A10EE100A6083608B000A4D
:10A4A0003071A07E7071CBE7012D0FD1B4F904009B
:10A4B00000EE100A4846F8EEC00AB0EE480AFBF774
:10A4C000F7FABDEEC00A10EE100A6083608B000A36
:10A4D000B071A07EF071B3E7012D0FD1B4F9040083
:10A4E00000EE100A4846F8EEC00AB0EE480AFBF744
:10A4F000DFFABDEEC00A10EE100A6083608B000A1E
:10A500003870A07E78709BE7012D0FD1B4F904005C
:10A5100000EE100A4846F8EEC00AB0EE480AFBF713
:10A52000C7FABDEEC00A10EE100A6083608B000A05
:10A53000B870A07EF87083E7012D0FD1B4F9040044
:10A5400000EE100A4846F8EEC00AB0EE480AFBF7E3
:10A55000AFFABDEEC00A10EE100A6083608B000AED
:10A560003871A07E78716BE7012D0FD1B4F904002A
:10A5700000EE100A4846F8EEC00AB0EE480AFBF7B3
:10A5800097FABDEEC00A10EE100A6083608B000AD5
:10A59000B871A07EF87153E7D80C0020D8030020D2
:10A5A000D0030020E0030020000D0020F003002075
:10A5B000E8030020F8030020012D0FD1B4F90400B6
:10A5C00000EE100A4846F8EEC00AB0EE480AFBF763
:10A5D0006FFABDEEC00A10EE100A6083608B000AAD
:10A5E00088F80000A07E88F8010029E71AE0FFE75C
:10A5F000012D0FD1B4F9040000EE100A4846F8EE20
:10A60000C00AB0EE480AFBF753FABDEEC00A10EEDE
:10A61000100A6083608B000A88F80200A07E88F828
:10A6200003000DE7012D0FD1B4F9040000EE100A6C
:10A630004846F8EEC00AB0EE480AFBF739FABDEE1C
:10A64000C00A10EE100A6083608B000A88F80400CC
:10A65000A07E88F80500F3E69FED1C0A1C489FEDDC
:10A660001D2AD0ED031AD0ED040A90ED051A71EE03
:10A67000A02A41EE022A62EE802AFDEEE22A12EEC4
:10A68000901A018571EEE02A41EE022A62EE802ADC
:10A69000FDEEE22A12EE901A4185F1EE612A72EE89
:10A6A000E02A41EE022A62EE802AFDEEE22A12EE54
:10A6B000901A818570EEE10A41EE020A20EE800ACE
:10A6C000BDEEC00A10EE101AC1857047C289414024
:10A6D000A01D00200000704210B5002800D101200C
:10A6E00000F038FE002010BD10B500F043FF002040
:10A6F00010BD7FB504460D466169B4F90800002914
:10A7000010D0A16971B1FFF73CFDD4E90521CDE975
:10A7100001210090D4E900102B46226901F05AFB78
:10A72000039010E0FFF72DFD03A9CDE90001208A79
:10A730002B4682B2D4E9001001F01AFB012802D0A6
:10A74000002004B070BD0398FBE700002DE9F04144
:10A7500004460F46174EF5683068001D00F0C4FC33
:10A7600038B9306890F82C10012088403169814355
:10A770003161601C07D137B13168BDE8F041091D76
:10A780000D4800F001BD2C4430684460AC4206D254
:10A790003168B06B091DBDE8F04100F0DDBC3168E7
:10A7A000706B091D00F0D8FCB06A844200D2B4621C
:10A7B000BDE8F081B0050020DC3A002070B5044609
:10A7C00000F0EEFC1C4DA868401CA860286810B181
:10A7D000686938B10CE02C60A868012808D100F045
:10A7E00089F905E02868E16AC06A884200D82C60CF
:10A7F000686A401C6862E06A01212A69814011434D
:10A8000029610E4900EB800001EB8000211D00F062
:10A81000BBFC00F0E5FC686900280CD02868E16A00
:10A82000C06A884207D206494FF080500860BFF3E3
:10A830004F8FBFF36F8F70BDB0050020003A00202E
:10A8400004ED00E038B500F0ABFC104C2068C8B94E
:10A850000F4800F073FC0E48143000F06FFC0C48F9
:10A86000E060143020610A4B0020C03B009003F1EF
:10A8700048020C210A2001F011F8206010B105A156
:10A8800000F032FDBDE8384000F0AABCEC05002025
:10A89000B03B0020546D72510000000070B50C4DAB
:10A8A0000C4E11E000F07CFCF068C468201D00F044
:10A8B0001BFCA868401EA8606868401E686000F025
:10A8C0008FFC204600F053F868680028EAD170BD7C
:10A8D000B0050020C83A002030B40B46026C002AB4
:10A8E0000CD0C1681144C1608468A14201D30168E1
:10A8F000C160C16830BC1846F5F7ADBD30BC7047CB
:10A900002DE9F041044617460026A56B226C002A6B
:10A9100010D0C7B1E068F5F79EFDE168206C091A18
:10A92000E1602268914202D2A168081AE060022F19
:10A9300016D017E02068A8B9A06801F0F5FA06461D
:10A940000020A0600EE06068F5F785FD216C60686E
:10A9500008446060A168884204D32068606001E018
:10A9600005B16D1E6D1CA5633046BDE8F08110B5C4
:10A97000044694F8510000280BD0012811D0022879
:10A9800014D0502080F31188BFF34F8FBFF36F8F27
:10A99000FEE7206B00F03AFC2046BDE8104000F0D6
:10A9A00035BC2046BDE8104000F030BC10BD0000B2
:10A9B0000749CA681168002904D00021016019B153
:10A9C000002070470121F9E7D06800687047000057
:10A9D000EC0500204FF4F0410F48420706D0C01D9F
:10A9E00020F007000C49411AC1F5F0410B4A1060F4
:10A9F000002353600144083921F00701183A11601F
:10AA00004B600B600B1A43600160406890605060BF
:10AA10004FF0004050617047D83B002018060020DE
:10AA2000074E4FF08054074DFFF738FF306801287C
:10AA3000FAD92C60BFF34F8FBFF36F8FF4E700009C
:10AA4000003A002004ED00E003460098002905D0FC
:10AA50000260C3630164012100F056BF0060F8E7A3
:10AA60002DE9F0478246DDE908580A9C9946521EB6
:10AA7000206B00EB820020F00706700707D0502003
:10AA800080F31188BFF34F8FBFF36F8FFEE700276E
:10AA900061B1002023180A5C83F834200A5C12B1EB
:10AAA000401C1028F6D384F8437001E084F8347019
:10AAB000072D00D30625E5626564A764201D00F01C
:10AAC00048FB04F1180000F044FB2461C5F10700C5
:10AAD000A0616462E76484F850704A46514630468B
:10AAE00000F0A0FA2060B8F1000F01D0C8F80040D3
:10AAF000BDE8F08770B50024124D04EB840005EB2F
:10AB0000800000F01BFB641C072CF6D30D488C3032
:10AB100000F014FB0B48A03000F010FB0948B430E3
:10AB200000F00CFB0748C83000F008FB0548DC309B
:10AB300000F004FB034904488C3141631431816304
:10AB400070BD0000003A0020B005002030B5134968
:10AB500000E011460A688242FBD34B685C188442CD
:10AB600003D140681844486008460D6844682318BB
:10AB7000AB420DD1094B183B1B689A4206D0526874
:10AB8000224442600A681268026002E0036000E04A
:10AB90000260814200D0086030BD0000180600202D
:10ABA00070B50024416000610C4D91420AD8D11A61
:10ABB0008269914201D301240EE0011D286900F051
:10ABC000CBFA09E09A4203D2994201D3012403E06F
:10ABD000011DE86800F0C0FA204670BDEC050020B9
:10ABE00010B5044600F0DCFAA06B20B1002400F0A0
:10ABF000F7FA204610BD0124F9E710B5044600F02D
:10AC0000CFFAA06BE16B884201D1012400E000245F
:10AC100000F0E6FA204610BDF8B505460E46174886
:10AC2000C068C068C468201D00F05EFA94F8240073
:10AC3000410718D5A0692B46411932462046FFF737
:10AC4000AFFFA0B100200346014600902A462046EF
:10AC500001F08EFA58B9502080F31188BFF34F8F5E
:10AC6000BFF36F8FFEE720F0010084F82400216A13
:10AC700001B02046BDE8F04008470000EC05002088
:10AC800030B585B0394D67E00298002864DB049C3C
:10AC9000606910B1201D00F027FA01A800F0B0F89B
:10ACA000024602980A2857D2DFE800F00505052D74
:10ACB000334A05052D3394F8240040F0010084F850
:10ACC00024000398A169034601442046FFF768FF6A
:10ACD00068B3216A2046884794F8240040073BD592
:10ACE000002000900398A1690023421819462046CD
:10ACF00001F03EFAD8B9502080F31188BFF34F8F8E
:10AD0000BFF36F8FFEE714F8240F20F001002070CE
:10AD100022E094F8240040F0010084F82400039815
:10AD2000A06128B1811813462046FFF739FF13E0D0
:10AD3000502080F31188BFF34F8FBFF36F8FFEE772
:10AD400094F82400810703D4204600F05FFA03E062
:10AD500020F0010084F82400002202A9286800F0F5
:10AD60002BFF002890D105B030BD0000EC0500207D
:10AD7000F8B506460D4600F045FC684600F040F880
:10AD80000446009810B101F059F9F8BD45B9A64242
:10AD900006D801F053F921463046FFF73DFFF8BDD4
:10ADA0000C481DB10169096891B10025311B2A4683
:10ADB000006800F0ABFA01F041F90028EFD1064934
:10ADC0004FF080500860BFF34F8FBFF36F8FF8BD17
:10ADD0000125EBE7EC05002004ED00E00748416B9E
:10ADE0000968002905D0416BC968C9684968816252
:10ADF00070474FF0FF31816270470000B0050020BE
:10AE000070B5054601F022F80446074EB06884424A
:10AE100004D200F00BF80120286001E00020286037
:10AE2000B460204670BD0000EC050020F8B51A4E55
:10AE300020E0C0680568C468201D00F055F9216A4B
:10AE40002046884794F82400400713D5A069284479
:10AE5000A84206D960602461211DF06800F07CF9E9
:10AE600008E000200346014600902A46204601F0F3
:10AE70007FF940B1F06801680029DAD1F0683169E2
:10AE8000F1603061F8BD502080F31188BFF34F8F1F
:10AE9000BFF36F8FFEE70000EC0500200948406813
:10AEA000401C07D0502080F31188BFF34F8FBFF3B1
:10AEB0006F8FFEE7502080F31188BFF34F8FBFF3F1
:10AEC0006F8FFEE72006002008B56846FFF770FD8B
:10AED0000099FFF74DFFFFF7D3FEF6E72DE9F041AC
:10AEE000044600F05DF994F9455004F1240609E0A8
:10AEF000606A48B1304601F063F808B100F0FCFA2E
:10AF00006D1E6DB2002DF3DC4FF0FF3684F8456006
:10AF100000F066F900F044F994F9445004F1100788
:10AF200009E0206948B1384601F04AF808B100F05C
:10AF3000E3FA6D1E6DB2002DF3DC84F84460BDE8C9
:10AF4000F04100F04DB900002DE9F0410546002622
:10AF500000F058FB324F386808B9FFF73BFD7869BD
:10AF600005424DD18DB1083568070ED005F00700B8
:10AF7000C0F108000544680707D0502080F311880D
:10AF8000BFF34F8FBFF36F8FFEE7CDB37868854275
:10AF900036D8234918310846046801E021460446A2
:10AFA0006068A84202D220680028F7D1386884423D
:10AFB00026D00E680836206808606068411B10299A
:10AFC0000ED96019420707D0502080F31188BFF3D3
:10AFD0004F8FBFF36F8FFEE741606560FFF7B6FDEF
:10AFE00061687868401A7860BA68904200D2B860A8
:10AFF00078690143616000202060F868401CF860B7
:10B0000001F01CF8700707D0502080F31188BFF3BF
:10B010004F8FBFF36F8FFEE73046BDE8F081000031
:10B020000006002024384FF08073036221F00101F4
:10B03000C1610449816142606FF0020140F820194A
:10B04000704700009DAE000838B5FEF7A5FF1E4C06
:10B050001E4A0121B4F90A0000EE100A2046B8EE9B
:10B06000C00AFFF795F8B4F9D200184A00EE100AAA
:10B07000012104F1C800B8EEC00AFFF789F8B4F95D
:10B080009A01124A00EE100A012104F5C870B8EEC8
:10B09000C00AFFF77DF8B4F962020C4A00EE100A0C
:10B0A000012104F51670B8EEC00AFFF771F80848E0
:10B0B000009008484FF40073002244680648034992
:10B0C0000068A04738BD000048180020D80C0020B8
:10B0D000D8030020C803002008000020014880EDAC
:10B0E000060A7047A01D00200169D0E901329A606C
:10B0F000D0E901235A604A68824201D182684A60DD
:10B10000002202610868401E08600868704700005D
:10B11000034B036003F15400086080201060704707
:10B1200030060020044B036003F1540008604FF424
:10B1300080701060704700008408002000F1080152
:10B1400041604FF0FF328260C16001610021016007
:10B15000704700210161704730B50C68621C02D055
:10B1600000F1080202E0026904E01A4653681D6813
:10B17000A542FAD953684B6099608A6051600861B2
:10B180000168491C016030BD42684A6093688B6069
:10B1900093685960916008610168491C01607047BB
:10B1A000502080F31188BFF34F8FBFF36F8F0A4990
:10B1B0004868401C486001280CD10848006810F01D
:10B1C000FF0F07D0502080F31188BFF34F8FBFF3DC
:10B1D0006F8FFEE7704700002006002004ED00E0BE
:10B1E00009494868002806D0401E4860002801D15F
:10B1F00080F311887047502080F31188BFF34F8F80
:10B20000BFF36F8FFEE700002006002070B5002816
:10B210002AD008380446154D60686969084207D18C
:10B22000502080F31188BFF34F8FBFF36F8FFEE77D
:10B2300022683AB1502080F31188BFF34F8FBFF3DB
:10B240006F8FFEE78843606000F0DCF96068696832
:10B25000084468602046FFF779FC2869401C286193
:10B26000BDE8704000F0EABE70BD0000000600209E
:10B270004FF0E02000210161816105494FF47A72AD
:10B280000968B1FBF2F1491E416107210161704774
:10B290001005002010B5F5F743F8114910280ED31A
:10B2A00000F1E02090F8F0030A78904207D2502095
:10B2B00080F31188BFF34F8FBFF36F8FFEE709480C
:10B2C0000068896800F4E060884207D9502080F364
:10B2D0001188BFF34F8FBFF36F8FFEE710BD0000E3
:10B2E000200600200CED00E010B50022064B53F8BC
:10B2F00032401CB1521C082AF9D310BD43F8321059
:10B3000003EBC201486010BDC039002070B504468F
:10B310000D461646FFF744FF94F944304FF0000005
:10B320005B1C01D184F8440094F94510491C01D1FB
:10B3300084F84500FFF754FFA06B28B93246294630
:10B3400004F1240000F0F8F82046BDE87040FFF753
:10B35000C5BD000010B502460020002A12D00F48DB
:10B36000006B38B1502080F31188BFF34F8FBFF3CB
:10B370006F8FFEE700F046F900211046FFF7E6F96F
:10B3800000F05CFE002807D105494FF080500860AE
:10B39000BFF34F8FBFF36F8F10BD0000B0050020CB
:10B3A00004ED00E070B505460E460023002D0BD0DD
:10B3B00096B1204A106BB8B1502080F31188BFF3CA
:10B3C0004F8FBFF36F8FFEE7502080F31188BFF3DC
:10B3D0004F8FBFF36F8FFEE7502080F31188BFF3CC
:10B3E0004F8FBFF36F8FFEE700F00CF9D2682C6827
:10B3F000A119944205D98C4208D9914206D901235A
:10B4000004E08C4201D8914200D9012329601BB18C
:10B41000881A0021FFF79AF900F010FE002807D1E2
:10B4200005494FF080500860BFF34F8FBFF36F8F17
:10B4300070BD0000B005002004ED00E070B50446CA
:10B44000FFF7AEFE254D04B92C68201DFFF74CFE1A
:10B4500058B9E06A224A00EB800152F8211021B964
:10B4600001218140286988432861A06A18B104F14C
:10B470001800FFF739FE686A401C68622868844239
:10B4800008D11748211DC830FFF77EFE6868401CB0
:10B49000686007E0A868401EA8602046FFF767FACA
:10B4A000FFF79CFCFFF79CFE6869002814D0286811
:10B4B000844211D1286B38B1502080F31188BFF33A
:10B4C0004F8FBFF36F8FFEE706494FF08050086043
:10B4D000BFF34F8FBFF36F8F70BD0000B00500202A
:10B4E000003A002004ED00E002490A6A0260C968DF
:10B4F00041607047B005002001490120C8617047D4
:10B50000B005002010B50C4600280AD0094909688A
:10B510001831FFF721FE2046BDE810400121FFF75A
:10B5200015B9502080F31188BFF34F8FBFF36F8F91
:10B53000FEE70000B005002070B50D461446002857
:10B540000DD00B4909681831FFF71EFE0CB14FF002
:10B55000FF3521462846BDE87040FFF7F7B8502078
:10B5600080F31188BFF34F8FBFF36F8FFEE70000AA
:10B57000B005002030B587B000250695059504AAD2
:10B5800005A906A8FFF7C4FDDDE90510CDE90051C6
:10B590000290002317A11948049A00F01BFC184CD4
:10B5A000E06208B1012000E00020012801D100F094
:10B5B000ABFD012809D0401C19D1502080F311881F
:10B5C000BFF34F8FBFF36F8FFEE7502080F31188DA
:10B5D000BFF34F8FBFF36F8F4FF0FF30A06201209A
:10B5E0006061E56007B0BDE8304000F0BBB807B06F
:10B5F00030BD000049444C450000000021AA00086D
:10B60000B00500200248016B491C0163704700002F
:10B61000B0050020154A106B002802D00120D0612F
:10B6200070470020D0611069B0FA80F0C0F11F00AF
:10B630000F4900EB800051F8203073B101EB80001E
:10B6400041684968416000F10803994201D14968A5
:10B6500041604068C06810607047502080F31188D6
:10B66000BFF34F8FBFF36F8FFEE70000B0050020E0
:10B67000003A002010B52DED068BDFED370A20EEE5
:10B68000200ADFED360A80EE208A18EE100A01F05B
:10B690005DFA41EC100BFDF733FF314CB0EE409AF0
:10B6A000F0EE609A606801F051FA53EC192B01F04A
:10B6B00059F841EC190B18EE100A01F047FA41EC69
:10B6C000100BFDF7B9FEB0EE40AAF0EE60AA2068BC
:10B6D00001F03CFA53EC1A2B01F044F853EC192B0F
:10B6E00001F04AF900F084FDE06018EE100A01F064
:10B6F0002DFA41EC100BFDF79FFEB0EE409AF0EEF4
:10B70000609A606801F022FA53EC192B01F02AF8D4
:10B7100041EC190B18EE100A01F018FA41EC100B6D
:10B72000FDF7EEFEB0EE408AF0EE608A206801F090
:10B730000DFA53EC182B01F015F853EC192B00F00F
:10B7400089FD00F055FD206194ED020A84ED050AA3
:10B75000BDEC068B10BD0000D00F49400000344303
:10B76000A01D00201CB537480168374A914207D117
:10B77000502080F31188BFF34F8FBFF36F8FFEE728
:10B7800000683149491E884207D1502080F3118852
:10B79000BFF34F8FBFF36F8FFEE72C4908780190FE
:10B7A000FF200870087800909DF800009DF80020A8
:10B7B00000F0F000904207D0502080F31188BFF3D2
:10B7C0004F8FBFF36F8FFEE79DF80000204C00F015
:10B7D000500020700720A06006E0A068401EA06016
:10B7E0009DF80000400000909DF800000006F4D491
:10B7F000A068032807D0502080F31188BFF34F8F33
:10B80000BFF36F8FFEE74FF44070A060019808709F
:10B810000C482030016841F470010160016841F07A
:10B8200070410160FFF724FD00206060F4F740FDE7
:10B830000848016841F040410160F4F725FD00200F
:10B840001CBD000000ED00E071C20F4100E400E00B
:10B850002006002034EF00E0F8B505460E461746F6
:10B86000002D13D005FB06F04830FFF76DFB0446B2
:10B8700054B122464832002084F846003B46314607
:10B8800028460094FFF7E0F82046F8BD502080F3EA
:10B890001188BFF34F8FBFF36F8FFEE738B5049D5C
:10B8A000002804D05BB102B189B1C2B120E05020C0
:10B8B00080F31188BFF34F8FBFF36F8FFEE75020E7
:10B8C00080F31188BFF34F8FBFF36F8FFEE75020D7
:10B8D00080F31188BFF34F8FBFF36F8FFEE739B14D
:10B8E000502080F31188BFF34F8FBFF36F8FFEE7B7
:10B8F000482400941C46012384F846302B460094CB
:10B90000FFF7A2F8204638BD70B504460D46002C5E
:10B9100025D0FFF745FCD4E90F20216802FB001178
:10B92000A1600021A16321686160E06B2268216C45
:10B93000401E00FB0121E1604FF0FF3084F844001D
:10B9400084F8450004F110008DB1FFF7F7FB04F116
:10B950002400FFF7F3FBFFF743FC012070BD5020EC
:10B9600080F31188BFF34F8FBFF36F8FFEE721691C
:10B970000029F0D000F024FB0028ECD004494FF05F
:10B9800080500860BFF34F8FBFF36F8FE3E7000075
:10B9900004ED00E02DE9FF4782B004468A461E46CA
:10B9A0000025002C03D0BAF1000F08D011E0502080
:10B9B00080F31188BFF34F8FBFF36F8FFEE7206CCA
:10B9C00038B1502080F31188BFF34F8FBFF36F8FD2
:10B9D000FEE7022E0AD1E06B012807D0502080F349
:10B9E0001188BFF34F8FBFF36F8FFEE700F020FA8F
:10B9F00048B9049838B1502080F31188BFF34F8FB5
:10BA0000BFF36F8FFEE74FF000094FF08057DFF86C
:10BA1000E480FFF7C5FBA06BE16B884205D3022EE3
:10BA200003D0049808B325B327E032465146204698
:10BA3000FEF766FF616A59B104F1240000F0C0FA14
:10BA400068B1C8F80070BFF34F8FBFF36F8F06E087
:10BA500028B1C8F80070BFF34F8FBFF36F8FFFF7A7
:10BA6000BFFB012006B0BDE8F087FFF7B9FB00205F
:10BA7000F8E76846FFF738FD0125FFF7B1FBFFF750
:10BA8000C1FDFFF78DFB94F94400401C01D184F8FF
:10BA9000449094F94500401C01D184F84590FFF78B
:10BAA0009FFB04A9684600F025F930B12046FFF756
:10BAB00015FA00F0C3FA0020D4E72046FFF79DF8FE
:10BAC00090B104F110000499FFF71CFD2046FFF728
:10BAD00005FA00F0B3FA00289BD1C8F80070BFF354
:10BAE0004F8FBFF36F8F94E72046FFF7F7F900F011
:10BAF000A5FA8EE704ED00E02DE9F04704468946FB
:10BB000090461F46002C03D0B9F1000F08D011E079
:10BB1000502080F31188BFF34F8FBFF36F8FFEE784
:10BB2000206C38B1502080F31188BFF34F8FBFF3E2
:10BB30006F8FFEE7022F0AD1E06B012807D050205B
:10BB400080F31188BFF34F8FBFF36F8FFEE7FFF7CE
:10BB5000A1FB5020EFF3118680F31188BFF34F8FC4
:10BB6000BFF36F8FA06BE16B884206D3022F04D026
:10BB7000002086F31188BDE8F08794F94550A06B4A
:10BB80003A4649462046FEF7BBFE681C04D06D1CB1
:10BB900084F845500120ECE7606A0028FAD004F1EF
:10BBA000240000F00DFA0028F4D0B8F1000FF1D015
:10BBB0000120C8F80000EDE72DE9F74783B00446FF
:10BBC0008A460026002C03D0BAF1000F08D011E0FD
:10BBD000502080F31188BFF34F8FBFF36F8FFEE7C4
:10BBE000206C38B1502080F31188BFF34F8FBFF322
:10BBF0006F8FFEE700F01CF948B9059838B1502066
:10BC000080F31188BFF34F8FBFF36F8FFEE70027DC
:10BC10004FF08058DFF8D890FFF7C2FAA56BC5B196
:10BC200051462046FEF758FE6D1EA563206950B1AF
:10BC300004F1100000F0C4F928B1C9F80080BFF386
:10BC40004F8FBFF36F8FFFF7CBFA012006B0BDE82F
:10BC5000F087059808B126B107E0FFF7C1FA002088
:10BC6000F4E701A8FFF740FC0126FFF7B9FAFFF758
:10BC7000C9FCFFF795FA94F94400401C01D184F8FF
:10BC8000447094F94500401C01D184F84570FFF7D9
:10BC9000A7FA05A901A800F02DF858B12046FFF732
:10BCA0001DF900F0CBF92046FEF79AFF0028B3D02B
:10BCB0000020CBE72046FEF793FF90B104F124006B
:10BCC0000599FFF71FFC2046FFF708F900F0B6F9C9
:10BCD0000028A1D1C9F80080BFF34F8FBFF36F8F49
:10BCE0009AE72046FFF7FAF800F0A8F994E7000079
:10BCF00004ED00E02DE9F04105460C46002D11D081
:10BD0000C4B1FFF74DFA194EF0686B68C11A22688A
:10BD1000571C17D02F68366AB74215D0834213D804
:10BD200001241DE0502080F31188BFF34F8FBFF333
:10BD30006F8FFEE7502080F31188BFF34F8FBFF362
:10BD40006F8FFEE700240BE08A4206D9501A20606C
:10BD50002846FFF7C9FB002402E0002020600124F0
:10BD6000FFF73EFA2046BDE8F0810000B005002054
:10BD70002DE9FF5F8146DDE90E788A4616469B462F
:10BD8000B000FFF7E1F8054628000AD05420FFF77D
:10BD9000DBF804460CB1256304E02846FFF736FAC9
:10BDA00000E000249CB1002084F85100CDE902405D
:10BDB000CDE900785B46324651464846FEF750FED4
:10BDC0002046FEF7FBFC012004B0BDE8F09F4FF0D9
:10BDD000FF30F9E7F0B585B00746DDE90A600C9C55
:10BDE000002815D0E4B1542503952063022084F87F
:10BDF0005100002004ADCDE90240CDE90065384690
:10BE0000FEF72EFE2046FEF7D9FC049805B0F0BDE3
:10BE1000502080F31188BFF34F8FBFF36F8FFEE781
:10BE2000502080F31188BFF34F8FBFF36F8FFEE771
:10BE300005484169002903D0006B18B10020704704
:10BE40000120704702207047B00500200148C068FB
:10BE500070470000B00500202DE9F0410026304F6A
:10BE6000386B002805D0B869401CB8613046BDE881
:10BE7000F081FD686D1CFD609DB9786B006838B17C
:10BE8000502080F31188BFF34F8FBFF36F8FFEE711
:10BE9000786BB96B7963B863386A401C3862FEF717
:10BEA0009DFFB86ADFF87C8085420DD3786B00680F
:10BEB00038B1786BC068C4686068854212D2B862D5
:10BEC00002E04FF0FF30B8623868C06A00EB8000D3
:10BED00058F82000012800D90126F8690028C5D0AB
:10BEE0000126C3E7201DFFF7FFF8A06A18B104F18F
:10BEF0001800FFF7F9F8E06A01213A69814011431F
:10BF0000396100EB800008EB8000211DFFF73CF950
:10BF1000E06A3968C96A8842C8D30126C6E70000CA
:10BF2000B0050020003A002070B504460020002C27
:10BF300041D0214D29688C4207D0502080F31188D0
:10BF4000BFF34F8FBFF36F8FFEE7A16C71B1491E36
:10BF5000A164636CE26A9A422DD000292BD1201D86
:10BF6000FFF7C2F8154A012140B112E0502080F3DA
:10BF70001188BFF34F8FBFF36F8FFEE7E06A00EBCE
:10BF8000800352F8233023B901FA00F3286998435B
:10BF90002861606CE062C0F10700A061E06A2B6973
:10BFA00081401943296100EB800002EB8000211DD4
:10BFB000FFF7EAF8012070BDB0050020003A00202C
:10BFC0002DE9F041C068C468002C15D004F11800B8
:10BFD0000746FFF789F8174D2A6B0126A2B13946AB
:10BFE0001548FFF7D1F8E06A2968C96A88421ED966
:10BFF0000120EE61BDE8F081502080F31188BFF38D
:10C000004F8FBFF36F8FFEE7201DFFF76DF8E06ADB
:10C010002A6906FA00F111432961074900EB800003
:10C02000B43901EB8000211DFFF7AEF8DBE70020FB
:10C03000E0E70000B0050020B43A00202DE9F0410F
:10C04000002400272D4D286B002807D0FFF7A8F803
:10C05000286B401E2863286B40B14AE0502080F3D3
:10C060001188BFF34F8FBFF36F8FFEE7A868E8B367
:10C07000DFF88C8001261EE0D8F80C00C46804F1BB
:10C080001800FFF731F8201DFFF72EF8E06A2A6943
:10C0900006FA00F111432961194900EB8000B43917
:10C0A00001EB8000211DFFF76FF8E06A2968C96A7B
:10C0B000884200D3EE61D8F800000028DCD10CB132
:10C0C000FEF78CFEAC6944B1FFF7C6FE00B1EE612D
:10C0D000641E002CF8D10020A861E86930B1012766
:10C0E000084938070860BFF34F8F00E001E0BFF355
:10C0F0006F8FFFF775F83846BDE8F081B005002076
:10C10000B43A002004ED00E030B587B00024FEF71B
:10C1100099FB134D2868B0B100200690059004AA41
:10C1200005A906A8FEF7FEFFDDE905100222CDE90C
:10C130000021029000230BA10C48049AFFF74AFE4D
:10C14000686000B1012414B107B0204630BD502012
:10C1500080F31188BFF34F8FBFF36F8FFEE70000AE
:10C16000EC050020546D722053766300C9AE0008C0
:10C17000FEB50646089F9C460020002E13D0154DA4
:10C180002C68002C0ED0009101920296062919DA33
:10C19000FFF74EFE02280ED000231A466946286893
:10C1A000FFF7F8FBFEBD502080F31188BFF34F8FDF
:10C1B000BFF36F8FFEE700233A4669462868FFF712
:10C1C000E9FBFEBD0023624669462046FFF794FC6A
:10C1D000FEBD0000EC05002081F00041704780F0BA
:10C1E0000040704721F00041704720F00040704748
:10C1F00021F00042A2F16052B2F5801F01F000432D
:10C2000028BFD2F17F6C0BD95FEA001C43EAC2025F
:10C2100042EB507018BF704728BF20F001007047F4
:10C22000B2F5801FBCBF184670474FEA410C1CF5A1
:10C23000001F02D2084600F0FFBC70B500F03CFBC6
:10C2400000000089FFF7F6BF4FF00040A0F5800026
:10C250007047000010B591EA030F48BF83F0004318
:10C2600000F19283841A71EB030C05D2121943EB8F
:10C270000C03001B61EB0C01DFF824E14FEA1154C1
:10C28000A4EB135C1EEA430F18BF9EEA445F73D011
:10C2900023EA0E03DCF1200E21EA045143F480135B
:10C2A00032D322FA0CFE10EB0E0023FA0CFE41EB07
:10C2B0000E01CCF1200E03FA0EFE10EB0E0051F130
:10C2C0000001B1F5801FCCF1200E32D201EB0451F8
:10C2D00012FA0EF2BDE8104058BF7047401C38BF3C
:10C2E0005FEA420218BF7047002814BF20F0010027
:10C2F00041F100014FEA410313F5001F38BF7047B9
:10C30000A1F1C04100F026BB012A43EB0302ACF1CE
:10C31000200CDCF11F0E32BF4FF0000E23FA0CF39D
:10C3200010EB030041EB0451B4EB115FD0D0A1EB53
:10C33000045101F5801149085FEA300001EB045116
:10C340000ED350F1000038BF12FA0EFE08D1BDE83E
:10C350001040C9E7401C38BF5FEA4202CAD1C3E7B8
:10C36000BDE810404FEA410313F5001F38BF704786
:10C37000A1F1C04100F0EEBA9EEA445F08D011EA94
:10C380005E0FBDE8104004BF01F00041002070477F
:10C39000BDE8104070B500F08FFA00BF64FBBE3EF0
:10C3A0000000E0FF2DE9C04130B4DFF8A0C23CEA54
:10C3B000111418BF3CEA131400F0EC8081EA030565
:10C3C0001CEA111444EAD57418BF1CEA131500F0D6
:10C3D000C780A4EB05044FF0004545EAC12145EABA
:10C3E000C32341EA505143EA525304F17F74994206
:10C3F00004F500344FEAC0204FEAC22208BF904241
:10C4000000F09C804FEA13650FF24016765D4FEA0C
:10C41000134506FB05F7C7F1807706FB07F74FEAE0
:10C42000D737A7FB03687642C8F58038A7FB06CE4E
:10C4300038BFA8F1010807FB08E64FF0000EA6FB85
:10C44000028CE6FB03CEDCF1000CCEF1004E38BFCF
:10C45000AEF1010EA6FB0C584FF000074FF000059F
:10C46000E6FB0E87A1FB08C6A0FB07CE16EB0E0667
:10C4700045F10005E1FB076515F1E04E7EBFA4F52F
:10C4800080345FEA46066D4116F1800745F10005EC
:10C490004FEA17274FEA066647EA0567A6F1DE4628
:10C4A000B6F1805F4FEA15251FD9384624F0010CFC
:10C4B00005EBC471BCF1FE6F01EB0C1102D8F0BCAE
:10C4C000BDE8008124425CBF01F5801E9EEAC47F66
:10C4D00002D4F0BCBDE80081244238D4F0BCA1F104
:10C4E000C041BDE8004100F035BA4FEAD22242EA2D
:10C4F00043524FEAD323A7FB02864FEAD02040EAFB
:10C50000415007FB03661EEA0E0F4FEAD12105FBDF
:10C51000026658BFA6EB0056B6EB00564FEA520E25
:10C520004EEAC37E18EB0E0E56EB530EBDD518EB3C
:10C5300002085E417F1C55F10005B6E74FF48015F7
:10C540004FF000074FF000064FF00008ADE7F0BCD9
:10C550004FF0000001F1C04101F00041BDE8008151
:10C5600011EA0C1F0CEA131500D00CE013EA0C1FA3
:10C5700000F025804FF00000F0BC81EA030101F0DB
:10C580000041BDE80081F0BCBDE8004181EA030143
:10C5900000F0E0B9F0BCBDE8004170B500F08CF9E6
:10C5A000097EFC3E00F007B881EA03014FF000006D
:10C5B00001F00041704781EA030100F0CBB9F0BC03
:10C5C000BDE800414FF0000021497047FFFDFBF935
:10C5D000F7F5F4F2F0EEEDEBE9E8E6E4E3E1E0DEB6
:10C5E000DDDBDAD8D7D5D4D3D1D0CFCDCCCBCAC828
:10C5F000C7C6C5C4C2C1C0BFBEBDBCBBBAB9B8B74F
:10C60000B6B5B4B3B2B1B0AFAEADACABAAA9A8A841
:10C61000A7A6A5A4A3A3A2A1A09F9F9E9D9C9C9B0F
:10C620009A999998979796959594939392919190BA
:10C630008F8F8E8E8D8C8C8B8B8A8989888887874B
:10C640008685858484838382828181800000FF07C0
:10C650000000F87F4FEA41034FEA5353A3F580638C
:10C66000D3F11E03C8BFD3F1210C0CDD4FF0004203
:10C6700042EAC12242EA505232FA03FC8CEAE17CDF
:10C68000ACEBE1707047102BC4BF0020704703F57E
:10C69000787CBCF1FF3F04D06FF0004282EA2100B9
:10C6A000704770B500F008F9499224800020704767
:10C6B000F2E700004FEA1153A3F58063D3F11E03A4
:10C6C000A8BFD3F1200C08DB4FF0004242EAC122A0
:10C6D00052EA505232FA03F0704709420BD4102B41
:10C6E000C4BF0020704703F5787CBCF1FF3F05D044
:10C6F0004FF0FF3070474FF00000704770B500F00A
:10C70000DBF800BF4992248000207047F0E710F06A
:10C71000004248BF4042B0FA80F310FA03F10AD059
:10C72000C3F11D0303F580634FEA415002EB03524E
:10C7300002EBD12170474FF000007047B0FA80F350
:10C7400010FA03F10AD0C3F11D0303F580634FEA29
:10C7500041504FEA035202EBD12170474FF00000E5
:10C7600070470000DFF848C170B51CEA111E1EBFFB
:10C770001CEA13159EEA0C0F95EA0C0F00F06F806F
:10C7800081EA030423EA4C134EEAD47E21EA4C11D9
:10C7900041F4801143F48013AE44A1FB024CA0FB92
:10C7A0000365AEF17F7E361955EB0C05A1FB034CFA
:10C7B0004CF10003A0FB021C16EB0C06654153F183
:10C7C0000003094218BF46F0010613F4007F0BD1A5
:10C7D0004FEA03314FEA0530340341EA155140EA8C
:10C7E00016506FF003020AE04FEAC3214FEAC5205A
:10C7F000F40241EA555140EA56506FF0020202EB52
:10C800002E4201EB025585EACE710AD05FEA440C54
:10C8100018BF24F0004450F1000041F1000120EA6B
:10C82000D47040F2FE7C624500D270BDA84214BFB5
:10C830004FF080444FF04044002E08BF0024BEF16A
:10C84000806FA8BFA1F1C041BDE8704080F2828036
:10C850004FF0000001F1C04101F0004170479EEA35
:10C860000C0F0CEA131518BF95EA0C0F06D04FF009
:10C87000000081EA030E0EF0004170BD00F01CF8CC
:10C880008900013E00F007B800F009B84FEA430CF8
:10C890005FEA5C5C08D081EA030100F05BB84FEA14
:10C8A000410C5FEA5C5CF6D14FF000000149704733
:10C8B0000000FF070000F87F0EF1020E2EF0030EBD
:10C8C0005EF8046B364205D4012A43EB030515F5E7
:10C8D000001F12D8012841EB010C1CF5001F0CD8D9
:10C8E0000ED14FEAD17C15F5001F0CEB4C0C0CF16E
:10C8F000020C08BF4CEBD37C04E04FF0080C01E0C5
:10C900004FEAD37C0CEB4C0526FA05F606F0070639
:10C91000B6F1040C06D20EEB860CBDE870404CF06C
:10C92000010C6047DFE80CF0090B02024FF00041F8
:10C930004FF00000A1F5002170BD194610460128F6
:10C9400051EB010418BFD4F5001484BF002001F09E
:10C95000004170BD0808A0F500114FEA3101704791
:10C9600091EA030F10B581F000413FF57BAC83F0F5
:10C97000004300F009B8000010B591EA030F48BF6A
:10C9800083F000433FF56EAC841A71EB030C07D2C1
:10C9900012198CF0004C43EB0C03001B61EB0C01F3
:10C9A000DFF8A4E14FEA1154A4EB135C1EEA430F35
:10C9B00018BF9EEA445F00F0B08023EA6E03524243
:10C9C00021EA0451C3EB6E0338BF5B1EDCF1200E7D
:10C9D00025D322FA0CFE10EB0E0043FA0CFE41EBBD
:10C9E0000E01CCF1200E03FA0EFE10EB0E0051F1F9
:10C9F0000001CCF1200E29D412FA0EF201EB045101
:10CA0000BDE8104058BF7047401C1CBFB2F1004F3A
:10CA1000704700280CBF491C20F00100704712EB42
:10CA2000020E43EB030218BF4FF0010E4EEA420222
:10CA3000ACF1200CDCF11E0E54D943FA0CFE10EBC5
:10CA40000E0051F1FF31CCF11E0ED5D50EF1010EC5
:10CA500012FA0EFE404141EB010101EB445C5FEA3A
:10CA60005C5C10D910EBDE7001EB045138BFBEF1F5
:10CA7000004FBDE8104018BF704700280CBF491C8C
:10CA800020F00100704730D24FEAD42C11F500118C
:10CA900024F400641BD0B1FA81F20B3AA41AA41E4C
:10CAA000D2F12003914030FA03F31943904001EB97
:10CAB000CC71002C01EB0451BDE81040A8BF7047B9
:10CAC00001F1C0414FF0000001F000417047B0FAA1
:10CAD00080F310FA03F100D110BDE41A173C4805A9
:10CAE000C90AE4E701EB045110BD491001EB045100
:10CAF000BDE810404FEA300002E04FF000017047FF
:10CB00004A0008BF0042F8D0B2F5001F28BF7047A6
:10CB100001F000414FF0000070479EEA445F07D0EB
:10CB200011EA5E0FBDE8104004BF002100207047ED
:10CB3000BDE8104070B5FFF7BFFE00BF40DFF63E16
:10CB400083F00041104670470000E0FF43004FEAC9
:10CB5000D30C4FEA3C0C43401FBF40070CF160511F
:10CB600013F0FE4F70471CF0006F03D100200CF053
:10CB7000004170470CF0004343EA507010B540EAA2
:10CB8000CC0000F00EF800BF000000924FEA000158
:10CB9000FFF7E0BE4FF000414FF00000A1F500218B
:10CBA00070470EF1020E2EF0030E5EF8044B244285
:10CBB00004D44FEA4102B2F17F4F11D84FEA40034B
:10CBC000B3F17F4F0CD80ED14FEAD07CB2F17F4F3A
:10CBD0000CEB4C0C0CF1020C08BF4CEBD17C04E0CC
:10CBE0004FF0080C01E04FEAD17C0CEB4C0324FA27
:10CBF00003F404F00704B4F1040C06D20EEB840C29
:10CC0000BDE810404CF0010C6047DFE80CF007086D
:10CC100002024FF00040A0F5800010BD084642001F
:10CC200018BFD2F1807288BF00F0004010BD4FF0F5
:10CC30004070E1EE100A7047FF2141EAD050C00574
:10CC40007047000080D4000871060008030000004F
:10CC50000000000080000000000000000000000054
:10CC600044D40008D50B00080300000000000000B9
:10CC70008000000000000000000000006CD40008EC
:10CC8000550C000803000000040000000001000033
:10CC9000000000000000000034D40008D5070008A0
:10CCA0000300000000000000000100000000000080
:10CCB00000000000F0D3000829A0000801000000D7
:10CCC00000000000800000000000000000000000E4
:10CCD00020D400085D5E0008030000000000000092
:10CCE00000010000000000000000000010D4000857
:10CCF000FD5F00080200000000000000800000004E
:10CD00000000000000000000F4D3000815580008DF
:10CD10000200000000000000800000000000000091
:10CD20000000000058D400082D6700080300000030
:10CD300000000000000100000000000000000000F2
:10CD40008CD40008AD930008030000000000000030
:10CD500080000000000000000000000000004040D3
:10CD60000000404000000040000000400000803F04
:10CD700000000000000000000000404000004040B3
:10CD8000000000400000803F0000803F00000000E5
:10CD9000000080BF00000040000000400000004094
:10CDA0000000803F00000000000080BF000080BF46
:10CDB000000000400000803F0000803F00000000B5
:10CDC000000080BF000000C0000000C00000803FE5
:10CDD0000000803F00000000000080BF000080BF16
:10CDE000000000C0000000C00000803F0000000004
:10CDF000000080BF000000C0000000C0000000C0B4
:10CE0000000040C00000000000000000000000C062
:10CE1000000000C0000000C0000040C0000040C092
:10CE2000000040C0000040C0000000C0000000C082
:10CE3000000080BF0000000000000000000040C0B3
:10CE4000000040C0000000C0000080BF000080BFA4
:10CE50000000000000000000000040C0000000C012
:10CE6000000080BF000080BF000000000000803F85
:10CE70000000803F000000C0000080BF000080BFB5
:10CE8000000000000000803F000000400000004063
:10CE9000000080BF000080BF000000000000803F55
:10CEA0000000803F00000040000040400000000003
:10CEB000000000000000803F0000803F00000040B4
:10CEC0000000404000004040000000000000000062
:10CED0000000803F00000040000000400000404093
:10CEE000000040400000803F000080BF000040C0C4
:10CEF000000040C0000040C0000000C00000803FB3
:10CF00000000803F000080BF000040C0000000C063
:10CF1000000000C0000080BF000000000000000012
:10CF2000000080BF000000C0000000C0000080BF03
:10CF3000000080BF0000000000000000000080BF73
:10CF4000000080BF000080BF000080BF000080BFE5
:10CF500000000000000000000000000000000000D1
:10CF600000000000000000000000000000000000C1
:10CF700000004040000080BF0000803F0000803F74
:10CF80000000803F0000803F000040400000404023
:10CF90000000004000000040000000400000803F12
:10CFA0000000803F00004040005EBCE2613FDD8346
:10CFB000C29C7E20A3FD1F419DC3217FFCA2401E79
:10CFC0005F01E3BD3E6082DC237D9FC1421CFEA069
:10CFD000E1BF5D0380DE3C62BEE0025CDF81633D59
:10CFE0007C22C09E1D43A1FF4618FAA427799BC549
:10CFF00084DA3866E5BB5907DB856739BAE4065839
:10D000001947A5FB7826C49A653BD987045AB8E628
:10D01000A7F91B45C6987A24F8A6441A99C7257B18
:10D020003A6486D85B05E7B98CD2306EEDB3510F08
:10D030004E10F2AC2F7193CD114FADF3702ECC92F8
:10D04000D38D6F31B2EC0E50AFF1134DCE90722CE8
:10D050006D33D18F0C52B0EE326C8ED0530DEFB1D8
:10D06000F0AE4C1291CF2D73CA947628ABF51749C8
:10D070000856B4EA6937D58B5709EBB536688AD4B8
:10D0800095CB2977F4AA4816E9B7550B88D6346AA8
:10D090002B7597C94A14F6A8742AC896154BA9F798
:10D0A000B6E80A54D7896B350000891112239B32E8
:10D0B0002446AD573665BF74488CC19D5AAFD3BE68
:10D0C0006CCAE5DB7EE9F7F88110080193331A2278
:10D0D000A5562C47B7753E64C99C408DDBBF52AE48
:10D0E000EDDA64CBFFF976E802218B301002991358
:10D0F0002667AF763444BD554AADC3BC588ED19F28
:10D100006EEBE7FA7CC8F5D983310A209112180337
:10D11000A7772E66B5543C45CBBD42ACD99E508F07
:10D12000EFFB66EAFDD874C904428D5316619F7007
:10D130002004A9153227BB364CCEC5DF5EEDD7FCE7
:10D140006888E1997AABF3BA85520C4397711E60F7
:10D15000A1142805B3373A26CDDE44CFDFFD56ECC7
:10D16000E9986089FBBB72AA06638F7214409D51D7
:10D170002225AB343006B9174EEFC7FE5CCCD5DDA7
:10D180006AA9E3B8788AF19B87730E6295501C41B7
:10D19000A3352A24B1163807CFFF46EEDDDC54CD87
:10D1A000EBB962A8F99A708B088481951AA793B697
:10D1B0002CC2A5D33EE1B7F04008C919522BDB3A87
:10D1C000644EED5F766DFF7C899400859BB712A657
:10D1D000ADD224C3BFF136E0C1184809D33B5A2A67
:10D1E000E55E6C4FF77D7E6C0AA583B41886919737
:10D1F0002EE3A7F23CC0B5D14229CB38500AD91B47
:10D20000666FEF7E744CFD5D8BB502A49996108716
:10D21000AFF326E2BDD034C1C3394A28D11A580B26
:10D22000E77F6E6EF55C7C4D0CC685D71EE597F4E6
:10D230002880A1913AA3B3B2444ACD5B5669DF7806
:10D24000600CE91D722FFB3E8DD604C79FF516E4D6
:10D25000A9902081BBB332A2C55A4C4BD7795E68E6
:10D26000E11C680DF33F7A2E0EE787F61CC495D5B6
:10D270002AA1A3B03882B193466BCF7A5448DD59C6
:10D28000622DEB3C700EF91F8FF706E69DD414C596
:10D29000ABB122A0B9923083C77B4E6AD5585C49A6
:10D2A000E33D6A2CF11E780F000000000000000032
:10D2B000010203040607080900000000010203043C
:10D2C00000061016000610160000807F0000000007
:10D2D0004C5555555555A53F7751C1166CC156BF94
:10D2E0009015CB19A001FA3EAD529C804F7E92BEA4
:10D2F000C4B1B4BD9EEE213ED43888BEE9FAA8BDC3
:10D3000000004054FB21F93F3163621A61B4D03D03
:10D310000000601A61B4D03D7370032E8A19A33BDC
:10D320000000002E8A19A33BC14920259A837B392E
:10D3300000000000000000006E83F9A22915444E91
:10D34000D15727FCC0DD34F5999562DB4190433C11
:10D35000AB6351FE61C5BBDE3A6E24B7E0D24D42ED
:10D36000EA2E49061C92D1091CEB1DFE3EA729B1ED
:10D37000F53582E88444BB2E26709CE9417E5FB47B
:10D3800039D69139F43953838B5F849C3B28F9BD9E
:10D39000FF97F81F0F9805DE8B112FEF1F6D0A5AAC
:10D3A000CF7E366DB709CB27663F464F2DEA5F9E8D
:10D3B000C7BA27757BF1E5EBF739073DEA92528A48
:10D3C000B15FFB6B085D8D1FA6F810111111813F35
:10D3D000D561C119A0012ABF7DFEB157E31DC73E2B
:10D3E000EB9C2B8AE6E55ABE7CD5CF5A3AD9E53D6F
:10D3F0006C6564005461736B5F4F66664C696E6563
:10D40000436865636B5F48616E646C650000000093
:10D41000526F626F745F55495F5461736B00000017
:10D42000526F626F745F436F6E74726F6C5F5461A2
:10D43000736B000043616E5F53656E645461736B80
:10D440000000000043616E315F5265636569766577
:10D450005461736B00000000535049325F526563A2
:10D46000656976655461736B0000000043616E323C
:10D470005F526563656976655461736B00000000F7
:10D4800053746172745461736B000000566F66616F
:10D490004173736973745461736B0000BCD40008EA
:10D4A0000000002030060000C401000854D9000824
:10D4B0003006002008B400002002000801461B4886
:10D4C000420422C2277041CDCC4C3E0B1440402078
:10D4D0005AA0181540402D091B08D5041395084281
:10D4E0000812FF13FFFF00FF005EBCE2613FDD8317
:10D4F000C29C7E20A3FD1F419DC3217FFCA2401E34
:10D500005F01E3BD3E6082DC237D9FC1421CFEA023
:10D51000E1BF5D0380DE3C62BEE0025CDF81633D13
:10D520007C22C09E1D43A1FF4618FAA427799BC503
:10D5300084DA3866E5BB5907DB856739BAE40658F3
:10D540001947A5FB7826C49A653BD987045AB8E6E3
:10D55000A7F91B45C6987A24F8A6441A99C7257BD3
:10D560003A6486D85B05E7B98CD2306EEDB3510FC3
:10D570004E10F2AC2F7193CD114FADF3702ECC92B3
:10D58000D38D6F31B2EC0E50AFF1134DCE90722CA3
:10D590006D33D18F0C52B0EE326C8ED0530DEFB193
:10D5A000F0AE4C1291CF2D73CA947628ABF5174983
:10D5B0000856B4EA6937D58B5709EBB536688AD473
:10D5C00095CB2977F4AA4816E9B7550B88D6346A63
:10D5D0002B7597C94A14F6A8742AC896154BA9F753
:10D5E000B6E80A54D7896B223500FF00891112234F
:10D5F0009B322446AD573665BF74488CC19D5AAFE7
:10D60000D3BE6CCAE5DB7EE9F7F8811008019333DD
:10D610001A22A5562C47B7753E64C99C408DDBBFC6
:10D6200052AEEDDA64CBFFF976E802218B301002BE
:10D6300099132667AF763444BD554AADC3BC588EA6
:10D64000D19F6EEBE7FA7CC8F5D983310A2091129D
:10D650001803A7772E66B5543C45CBBD42ACD99E86
:10D66000508FEFFB66EAFDD874C904428D531661F2
:10D670009F702004A9153227BB364CCEC5DF5EED66
:10D68000D7FC6888E1997AABF3BA85520C4397715D
:10D690001E60A1142805B3373A26CDDE44CFDFFD46
:10D6A00056ECE9986089FBBB72AA06638F7214403E
:10D6B0009D512225AB343006B9174EEFC7FE5CCC26
:10D6C000D5DD6AA9E3B8788AF19B87730E6295501D
:10D6D0001C41A3352A24B1163807CFFF46EEDDDC06
:10D6E00054CDEBB962A8F99A708B10230884819508
:10D6F0001AA793B62CC2A5D33EE1B7F04008C919CA
:10D70000522BDB3A644EED5F766DFF7C899410E01E
:10D71000859BB712A6ADD224C3BFF136E0C118482D
:10D7200009D33B5A2AE55E6C4FF77D7E6C0AA583D0
:10D73000B4188691972EE3A7F23CC0B5D14229CB0D
:10D7400038500AD91B666FEF7E744CFD5D8BB502B5
:10D75000A499961087AFF326E2BDD034C1C3394AED
:10D7600028D11A580BE77F6E6EF55C7C4D0CC68590
:10D77000D71EE597F42880A1913AA3B3B2444ACDCD
:10D780005B5669DF78600CE91D722FFB3E8DD60475
:10D79000C79FF516E4A9902081BBB332A2C55A4CAD
:10D7A0004BD7795E68E11C680DF33F7A2E0EE78750
:10D7B000F61CC495D52AA1A3B03882B193466BCF8D
:10D7C0007A5448DD59622DEB3C700EF91F8FF70635
:10D7D000E69DD414C5ABB122A0B9923083C77B4E6D
:10D7E0006AD5585C49E33D6A2CF11E780FC549148F
:10D7F00008DD73140861721B08790813FD711408A1
:10D80000414D14080D151408C1141408670D1408AF
:10D81000DF5D140885121C08D90C2012078208133A
:10D82000E10A8C08150B100140130D4E1B08A104D2
:10D8300013681B1420954F1B08D50C1A91081ABFAA
:10D840000843080513304016803BC5090E1B088DA0
:10D8500004134D0F1408995A1B0801A08BBD5C8856
:10D860002AFF03190519074AFF07791364FF2001EE
:10D8700010085761726E696E67501C53686F6F7441
:10D880003A0A526F746174653A0A4175746F3A0AC4
:10D890004374726C3A0A13FD7A14083D7B1B0849E5
:10D8A000041A71041AAD041ACD141A0908170403D6
:10D8B00009041201140202021640830440571D029B
:10D8C00001020360031A1A0313590B1B0853041AAD
:10D8D0004B041A7D041AA504111324F42997B210DD
:10D8E00014810182130A0632022A401C1C090243D9
:10D8F0005F1125C03209041B01020B130524161009
:10D90000010524011009010424020205240617015F
:10D9100007058203081C1009049529BF2E0705017D
:10D920000240072A810711138D761408FD741C0824
:10D93000897874311391751B0845101ABD04C11AFA
:10D9400011281AD51C1A51081AC90801741AAA01FB
:04D950008100000052
:040000050800018965
:00000001FF
