:020000040800F2
:1000000018BE00202903000871590008F54A0008AD
:10001000695800089D0B0008A59400080000000026
:10002000000000000000000000000000690200085D
:10003000AD13000800000000C5020008E96A0008CE
:100040004303000843030008430300084303000878
:100050004303000843030008AF13000843030008EC
:100060004303000843030008430300084303000858
:100070008D120008430300084303000843030008EF
:10008000430300084303000843030008AD0B0008C6
:10009000A10B0008430300084303000843030008C2
:1000A00043030008C16B0008430300084303000832
:1000B0004303000843030008430300084303000808
:1000C00043030008430300084303000843030008F8
:1000D00043030008430300084303000843030008E8
:1000E00043030008430300084303000843030008D8
:1000F00043030008430300084303000843030008C8
:1001000043030008430300084303000843030008B7
:1001100043030008430300084303000843030008A7
:100120004303000899120008430300084303000832
:10013000430300084303000843030008C50B0008FD
:10014000B90B000843030008430300087559000871
:10015000A5120008B1120008BD120008A975000818
:100160004303000843030008430300084303000857
:100170004303000843030008430300080000000095
:10018000430300084303000800F002F800F05CF8A5
:100190000AA090E8000C82448344AAF10107DA45E2
:1001A00001D100F051F8AFF2090EBAE80F0013F0D8
:1001B000010F18BFFB1A43F00103184778F900003C
:1001C00098F900000A444FF0000C10F8013B13F0BE
:1001D000070408BF10F8014B1D1108BF10F8015BA0
:1001E000641E05D010F8016B641E01F8016BF9D193
:1001F00013F0080F1EBF10F8014BAD1C0C1B09D1EA
:100200006D1E58BF01F801CBFAD505E014F8016B5B
:1002100001F8016B6D1EF9D59142D6D370470000ED
:100220000023002400250026103A28BF78C1FBD8FF
:10023000520728BF30C148BF0B6070471FB50EF092
:1002400036FF1FBD10B510BD00F0DCF91146FFF7F9
:10025000F5FF0BF0CBFD00F0FAF903B4FFF7F2FF66
:1002600003BC00F0FDF900002C4B19680868B0E8E9
:10027000F04F80F30988BFF36F8F4FF0000080F3D9
:10028000118870470000000008480068006880F38B
:1002900008884FF0000080F3148862B661B6BFF39F
:1002A0004F8FBFF36F8F00DF00BF00BF08ED00E08E
:1002B000DFF80C00016841F470010160704700BF75
:1002C00088ED00E0EFF30980BFF36F8F134B1A68DE
:1002D0001EF0100F08BF20ED108A20E9F04F1060CB
:1002E00009B44FF0500080F31188BFF34F8FBFF374
:1002F0006F8F0DF041FA4FF0000080F3118809BCB8
:1003000019680868B0E8F04F1EF0100F08BFB0EC95
:10031000108A80F30988BFF36F8F7047B8050020FB
:10032000EFF30580704700000948804709480047FF
:10033000FEE7FEE7FEE7FEE7FEE7FEE7FEE7FEE795
:10034000FEE7FEE704480549054A064B70470000F2
:10035000B16B00088901000818B8002018BE002001
:1003600018BA002018BA002053EA020C00F0698085
:100370002DE9F04B4FF00006002B1FBFB3FA83F5B9
:1003800003FA05F424FA05F65E4012BF1643B2FAEA
:1003900082F502FA05F4C5F120051EBF22FA05FC1C
:1003A00044EA0C04203556EA044C4FEA144418BFC2
:1003B000641C4FF000084FF00009904271EB030CF1
:1003C00039D3002919BFB1FA81F701FA07F6B0FA5B
:1003D00080F700FA07F6C7F120071EBF20FA07FCD6
:1003E00046EA0C062037B6FBF4FCA7EB0507103FE6
:1003F00007F01F0BCBF120060CFA0BFB2CFA06F6CC
:1004000044BFB3460026202FA4BF5E464FF0000B2A
:100410005BEA060C08BF4FF0010B19EB0B09ABFBB5
:10042000027C48EB0608C01B06FB02CC0BFB03CC8E
:1004300071EB0C01C1E70B46024641464846BDE858
:10044000F08B13B54FF000004FF00001AFF30080C8
:10045000BDE81C407047032A40F2308010F0030CC6
:1004600000F0158011F8013BBCF1020F624498BF07
:1004700011F801CB00F8013B38BF11F8013BA2F1A4
:10048000040298BF00F801CB38BF00F8013B11F01F
:10049000030300F02580083AC0F0088051F8043BBF
:1004A000083A51F804CBA0E80810F5E7121D5CBF2C
:1004B00051F8043B40F8043BAFF30080D20724BF5F
:1004C00011F8013B11F801CB48BF11F8012B24BFF3
:1004D00000F8013B00F801CB48BF00F8012B704742
:1004E00010B5203AC0F00B80B1E81850203AA0E8CF
:1004F0001850B1E81850A0E81850BFF4F5AF5FEA03
:10050000027C24BFB1E81850A0E8185044BF18C9B5
:1005100018C0BDE810405FEA827C24BF51F8043B5C
:1005200040F8043B08BF7047D20728BF31F8023BB0
:1005300048BF11F8012B28BF20F8023B48BF00F844
:10054000012B70474FF000020429C0F0128010F018
:10055000030C00F01B80CCF1040CBCF1020F18BF9F
:1005600000F8012BA8BF20F8022BA1EB0C0100F032
:100570000DB85FEAC17C24BF00F8012B00F8012B05
:1005800048BF00F8012B70474FF0000200B513463A
:1005900094469646203922BFA0E80C50A0E80C50A3
:1005A000B1F12001BFF4F7AF090728BFA0E80C5054
:1005B00048BF0CC05DF804EB890028BF40F8042B4D
:1005C00008BF704748BF20F8022B11F0804F18BFBA
:1005D00000F8012B704770477047704710B500F066
:1005E00009F8006810BD10B5044600F003F8046077
:1005F00010BD000000487047B8B7002000487047A1
:10060000B8B700207546FFF7F9FFAE46050069460A
:10061000534620F00700854618B020B5FFF792FE3C
:10062000BDE820404FF000064FF000074FF00008F3
:100630004FF0000B21F00701AC46ACE8C009ACE874
:10064000C009ACE8C009ACE8C0098D46704710B5D8
:100650000446AFF300802046BDE81040FFF7FDBD23
:1006600001491820ABBEFEE72600020070470000DB
:100670002DED0E8B05F0CEF83F4C9FED40AA9FED7F
:10068000408A9FED409ADFED408ADFED40AA9FED62
:1006900040BADFED40BADFED409A9FED40CADFED92
:1006A00040CA9FED40DADFED40DA9FED40EA404D71
:1006B000404E0CF027FE226801213F4890472268F7
:1006C00002213E48904704F035FD0AF0CDFD00F0D0
:1006D00063FEB0EE4A3AF0EE482AB0EE492AF0EE58
:1006E000681AB0EE6A1AF0EE4B0AB0EE6B0A3448A4
:1006F00005F0F0FAB0EE483AF0EE482AB0EE492A9A
:10070000F0EE681AB0EE681AF0EE690AB0EE4C0A24
:100710002C4805F0DFFAB0EE483AF0EE482AB0EE89
:10072000492AF1EE081AB0EE6C1AF6EE000AB0EEA5
:100730004D0A254805F0CEFAB0EE483AF0EE482AC8
:10074000B0EE492AF0EE681AB0EE6D1AF0EE690AC2
:10075000B0EE4E0A1D4805F0BDFA00F0E9FB1C485A
:1007600004F04CFA06F07CF968688047306B0CF0B6
:1007700017FF0CF0E7FD9CE7C80300200080BB4595
:1007800000401C460060EA460000000000007A4479
:100790008FC2F53D00408344ACC52737E7FBA93D38
:1007A00000806D44008089440AD7233C0AD7233E49
:1007B0008C03002000000020E00C0020080D002029
:1007C000D81E0020281F0020781F0020C81F0020EE
:1007D000C80E00208AB0084C6D464FF0FF3707AEB8
:1007E0003A46694620680DF099FA09AB3246291D50
:1007F000009800F061FFF3E70800002010B5044600
:100800002DED048BB0EE419A84ED000AC4ED010A8F
:1008100070EE609AC4ED029AB6EE000A29EE000A64
:1008200010EE100A0EF0D2FB41EC180B19EE900AF4
:100830000EF0CCFB41EC100B09F086F953EC182BB1
:1008400051EC100B0EF0CAF913D294ED020AF7EE38
:10085000000A79EE200AB5EEC00AF1EE10FA04DDC6
:1008600030EE600A84ED020A03E030EE200A84EDE7
:10087000020A94ED010AD4ED030A30EE600A84ED19
:10088000040A94ED000A94ED061A30EE411A84ED44
:10089000051AD4ED071A94ED020A61EE801AC4ED30
:1008A0000B1AD4ED0C1A94ED082A42EE001AC4ED8E
:1008B0000C1A30EE600AD4ED090A20EE200A84ED0D
:1008C0000D0A94ED0A0A20EE010A84ED0E0A94ED59
:1008D000120A04F130000AF071FC94ED0B0AD4ED19
:1008E0000C0A30EE200AD4ED0D0A30EE200AD4EDC9
:1008F0000E0A30EE200A84ED0F0A94ED100A04F17E
:100900003C000AF05BFC94ED020A84ED030A94EDCE
:10091000000A84ED060A94ED0F0ABDEC048B10BDAD
:100920002DE9F04FDDE90BC8DDE90EABDDF83490C1
:10093000DDE90967002404E0C4F1020E00F80E505E
:10094000641C032C02DA0D5D002DF5D110F8031F95
:1009500021F03801203162F302010170018863F354
:1009600089110180417866F385014170818868F3BF
:1009700009018180B0F8051069F38C01A0F8051019
:10098000C1886AF34F11C180B0F8011067F38E116E
:10099000A0F8011041886CF3CF114180B0F8091024
:1009A0006BF38C01A0F809104289109961F34F1282
:1009B0004281BDE8F08F00003EB50020019002901A
:1009C0001D49C889020A8DF804208DF80500488B5E
:1009D000020A8DF806208DF807001848DFED180A86
:1009E000D0F8760000EE100A20EE200ABDEEC00A14
:1009F00010EE100A020A8DF808208DF809004A7DD1
:100A00009DF80A0002F0010210438DF80A00097FE8
:100A10009DF80B0001F0010140EA41008DF80B0048
:100A200001A80090074840F20F13002244680748CD
:100A300005490068A0473EBD681100201012002043
:100A400000007A44C8030020080D002008000020A0
:100A50000FB49DF81D009DF81C1040EA012000B263
:100A600000EE100AF8EEC00A9DF81F009DF81E1057
:100A700040EA012000B200EE100AB8EEC01A9DF85C
:100A800021009DF8201040EA012000B200EE100A7B
:100A9000F8EEC01A9DF823009DF8221040EA0120CC
:100AA00000B200EE100A0F49B8EEC00A81ED020A4A
:100AB0000D48C0ED000A80ED011ADFED0C0A81EE51
:100AC000A01A80ED021A887C002808D108489FED02
:100AD000091AD0ED020A40EE410AC0ED020A04B044
:100AE0007047000068110020D020002000008C42D8
:100AF000A82000208FC2753D0FB49DF81D009DF801
:100B00001C1040EA012000B200EE100AB8EEC00A44
:100B10009DF81E101B48490841749DF81F1001F0F4
:100B200001020275C1F340028274C1F38001C174F5
:100B30009DF820100174144B02290AD0002119706D
:100B40001249012A08D09FED120A81ED000A04B073
:100B5000704701211970F3E7B5EEC00A0D4AF1EEB6
:100B600010FA01D192ED020AD0ED020A9FED0A1AA5
:100B700060EE810AC1ED000A30EE200A82ED020A21
:100B8000E5E70000681100206004002084000020D8
:100B900000000000A82000208FC2F5BCFEE7000086
:100BA000014800F00DBF0000E00C0020014800F0FB
:100BB00007BF0000E00C0020014800F001BF00006A
:100BC000080D0020014800F0FBBE0000080D0020C9
:100BD00010B50B4600210161416141628161012232
:100BE000C2610262016041608160C16001461846D5
:100BF00000F0D4FD002803D0BDE8104000F0DABBBF
:100C000010BD000010B50446491EC8B200EB4001FB
:100C100001EB0010074901EB80002146FFF7D8FFE8
:100C2000204601F06AF92046BDE81040022100F09C
:100C300031BD0000AC15002010B58AB00C9C0191AC
:100C4000002A12D0039304920021059108220692F3
:100C50008DF81C10216808916168099100231A46DB
:100C600001A90CF049FF0AB010BD0293EBE704287C
:100C70004FF00000704700207047000010B50022C0
:100C80000449054806F0A8FE0449034806F096FE0C
:100C9000002010BD9C2E0020C02100209C2600209A
:100CA00070B505460C462946064806F087FE0548FD
:100CB00006F054FE2188284689B200F007F800208B
:100CC00070BD0000C02100200020704710B50A460A
:100CD0000849D1F8BC12D1F81412002901D0012022
:100CE00010BD0146034806F077FEBDE810400148FC
:100CF00006F00ABFC02100208EB01C4E4FF0FF3816
:100D000009AF424605A930680DF008F8059CA4F229
:100D1000012003280BD8142239466846FFF7E0FB70
:100D2000134806A90EC905682046A847E9E7A4F5B7
:100D3000007105390DD0512CE3D114223946684693
:100D4000FFF7CEFB0B4806A90EC945682046A84709
:100D5000D7E7142239466846FFF7C2FB064806A9C2
:100D60000EC945682046A847CBE7000000000020D8
:100D70001804002050040020240400208EB01D4FD1
:100D80001D4E4FF0FF390DF124084A4605A9386879
:100D90000CF0C4FF059CA4F2052003280BD81422F4
:100DA00041466846FFF79CFB144806A90EC9056832
:100DB0002046A847E9E7A4F580710F390ED0A4F5C5
:100DC00080711F39E1D1142241466846FFF788FB44
:100DD00006A975680EC92046A847D6E714224146E1
:100DE0006846FFF77DFB06A935680EC92046A8476F
:100DF000CBE7000004000020780000201804002049
:100E00002DE9F04F0BAFDDE909C897E8800E0F9D83
:100E1000002404E0C4F1020E00F80E60641C032CF0
:100E200002DA0E5D002EF5D110F8031F41F03801F3
:100E300062F302010170018863F389110180417836
:100E40006CF385014170B0F8011068F38E11A0F8C1
:100E50000110418867F3CF114180818869F309014E
:100E60008180B0F805106AF38C01A0F80510C188E4
:100E70006BF34F11C180C01E002104E0431815F828
:100E8000012BDA73491CB942F8D3BDE8F08F2DE984
:100E9000F047DDE90AC8DDE90867DDF83090002495
:100EA00004E0C4F1020A00F80A50641C032C02DAC0
:100EB0000D5D002DF5D110F8031F21F03801103120
:100EC00062F302010170018863F3891101804178A6
:100ED00066F385014170818867F309018180B0F86C
:100EE00005106CF38C01A0F80510C18868F34F1150
:100EF000C180018969F309010181BDE8F087000023
:100F00009FED0A0A80ED000A80ED010A80ED020AD9
:100F100080ED040A80ED030A80ED0B0A80ED0C0AD7
:100F200080ED0D0A80ED0F0A704700000000000000
:100F300010B51A489FED1A1A90ED020A1948C0EE32
:100F4000010A00889FED181A00EE100A1748B8EE43
:100F5000400A00EE810A80ED020AF2EE040AB7EEC2
:100F6000000A903804F026FDF2EE040AB7EE000AFB
:100F70000F4804F01FFD0D48F1EE080AB7EE000A15
:100F8000603804F017FD0948BDE81040F1EE080A8A
:100F9000B7EE000A303804F00DBD000070170020D5
:100FA0000000B443901E002000000046A82000204E
:100FB00038110020FEB527480024274D007C012869
:100FC0001DD095F8220001281AD124488068804756
:100FD00001940294288800EE100A20480C38B8EEDC
:100FE000400AD0ED020A30EE200ADFED1D0A10EEB5
:100FF000100AB0F18B4F04DD30EE600A08E0AC84DB
:10100000FEBD10EE100A10F16A5F01D930EE200A21
:10101000DFED140A9FED141A60EE200A9FED130A0B
:1010200010EE810A0CF00CF901AE11490096002374
:101030000C68B5F920001A461946A0470D480096DD
:1010400040F2FF1344680D4800220B490068A04796
:10105000FEBD000068110020901E0020400400200A
:1010600000000046000000390000B4430000B44214
:1010700024040020C8030020E00C00200800002009
:101080002DE9F0412DED028B704CA38CDFED700A41
:10109000704A2046704992ED020A008880EE201ABC
:1010A000DFED6E0A1E2B07D800EE100AB8EE400ADC
:1010B00001EE200A81ED020A91ED020A10EE103ACB
:1010C000B3F18C4F04DD30EE600A81ED020A08E0D6
:1010D00010EE103AB3F1464F03D930EE200A81EDFD
:1010E000020A21EE200A01EE100AB8EE411A31EE92
:1010F000000A4FF08B465A4F10EE100AB04202DD44
:1011000030EE600A05E010EE100AB84201D930EE68
:10111000200A5448BDEEC01A11EE103AC38191ED79
:10112000021A514D30EE410A92ED051AD5ED011A21
:1011300001EE810A10EE101AB94202D330EE200AF5
:1011400005E010EE101AB14201DB30EE600A807C3F
:101150009FED468AB0B3012830D110EE100A444901
:10116000884206DA10EE100A4249884201D2B0EEF7
:10117000480A3948F0EE400AB0EE480AE03804F078
:101180004FFD84ED040AD4ED010A3B493B48F8EEDB
:10119000E00A04F0C7FDBDEEC00A10EE100A00B26E
:1011A000208400EE100A2C48B8EEC00A603804F023
:1011B00019FCBDEEC00A10EE100A2084BDEC028BB3
:1011C000BDE8F081FFE710EE100A2D49884206DAEB
:1011D00010EE100A2B49884201D2B0EE480A1E4890
:1011E000903804F0FFFBF0EE400A687829788842D6
:1011F00009D32248B0EE480A503804F011FD84EDBE
:10120000040A0020687094ED010A1C481E49F8EE9B
:10121000C00A94ED040AA03804F084FDBDEEC00AB3
:1012200010EE100A00B2208400EE100A0A48B8EE50
:10123000C00A303804F0D6FBBDEEC00A10EE100A2A
:1012400020846878401C6870B8E70000901E002079
:101250000000B44370170020A820002000000046C2
:10126000000080C568110020340400200000000048
:1012700000002041000020C158000020781F0020FD
:101280000000A0400000A0C038000020014800F08D
:10129000C1BE0000D00F0020014800F0BBBE00001E
:1012A00030100020014800F0B5BE0000100F0020F3
:1012B000014800F0AFBE000090100020014800F08F
:1012C000A9BE0000700F00200168CAB2103A1823AE
:1012D000B2FBF3F2064B9B5CC3656FF30901032A73
:1012E00002D9091D816500E08165806D70470000AD
:1012F00030F8000810B5014600208A6A8B694FF06B
:10130000C074002B0ED0B3F5005F1AD062B3012A6F
:101310002AD0022A28D0032A03D1C96AC90100D5DC
:10132000012010BD1AB1012A06D0022AF9D1C96ADA
:10133000C901F6D5012010BDC96AA142FBD1012027
:1013400010BD52B1012A0AD0022A06D0032AF7D1D1
:10135000C96AA142F4D1012010BD012010BDC96AA3
:10136000C901FBD5012010BD012010BD30B50468B6
:10137000256825F480252560046863608368402B18
:1013800004D0036899600068C26030BD03689A6049
:101390000068C16030BD000012220249024803F01B
:1013A00068B800009E170020800E002070470120C2
:1013B00000F0CEBF72B6FEE72DE9F04FDDE90BC8B5
:1013C000DDE90D9ADDE90967002404E0C4F1020BB0
:1013D00000F80B50641C032C02DA0D5D002DF5D1D2
:1013E00010F8031F21F03801283162F30201017067
:1013F000018863F389110180417866F385014170AA
:10140000818868F309018180B0F8051069F38C01C7
:10141000A0F80510C1886AF34F11C180B0F801101F
:1014200067F38E11A0F8011041886CF3CF11418051
:10143000DFED0C0A20EE200ABDEEC00A10EE101AF5
:10144000028961F309020281B0F809208B0A63F373
:101450008C02A0F809204A0D418962F34F114181A5
:10146000BDE8F08F00007A4470B58AB004460020D1
:1014700008900990069007900490059002900390C0
:101480000090019008A9204603F02FFD9DED080A69
:1014900006A904A804F0EAF99DED090A02A9684624
:1014A00004F0E4F90698454BC0EBC001029803EB49
:1014B000810202EB80059DED000AD5ED000A039D37
:1014C00002EB850260EE801A92ED001ADDED010A52
:1014D000079A40EE811A9DED041AC2EBC20203EB9B
:1014E000820303EB800521EE812AD5ED001A039DCE
:1014F00003EB850361EE802AD3ED001A40EEA12AAA
:10150000DDED051A01EEA22A2C4DC43505EB810351
:1015100003EB8006D6ED002A039E03EB860362EE02
:10152000802A93ED003A05EB820303EB800540EE41
:10153000832A95ED003A03EB860323EE003AD3EDC0
:10154000003A62EE812A00EEA33A41EE832A1C4B58
:1015500003EB810101EB800595ED003A039D01EB62
:10156000850123EE003AD1ED003A03EB820101EB55
:10157000800000EEA33A23EE011A90ED003A01EB51
:10158000850023EE000A90ED003A00EE830A01EE9A
:10159000801A94ED050A20EE020A84ED000A94ED0B
:1015A000060A20EE220A84ED010A94ED070A20EED5
:1015B000010A84ED020A0AB070BD0000CCF20008F6
:1015C00054F4000810B503461046002B01D0084C17
:1015D0000AE04FF6FF7010BD13F8012B4240D2B263
:1015E00034F8122082EA1020491E4A1CF4D110BDA2
:1015F0008C01002010B503461046002B01D0084C8A
:101600000AE04FF6FF7010BD13F8012B4240D2B232
:1016100034F8122082EA1020491E4A1CF4D110BD71
:1016200018F6000810B5054C03E010F8013B5340D4
:10163000E25C491E4B1CF8D1104610BD8C00002006
:1016400010B5054C03E010F8013B5340E25C491E25
:101650004B1CF8D1104610BD18F5000870B50B48AA
:101660000168001D0568001D0068084400280CD0B2
:10167000074C0822A11C03F093FA04F1120128463A
:10168000BDE87040042203F08BBA70BD107AFF1FD2
:10169000E804002090F82020012A07D0022A05D073
:1016A000416A41F48021416201207047006842692B
:1016B0000A43426100207047F0B590F8205004685A
:1016C000A468012D07D0022D05D0416A41F4802184
:1016D00041620120F0BD04F0806504F000663543EE
:1016E00001D1E50053D5C4F301640125A5401D6077
:1016F0008B684FF4C0759BB1CE6805EB041733437C
:101700004E6843EAC6030668F3514FF4C273076894
:1017100003EB04130E69FE50097D012909D00DE089
:101720000E88CB6805EB041743EA46530668F3516D
:10173000EBE70168CE5846F48076CE501179D37924
:10174000567941EA036193791B0443EA062319435E
:101750004FF4C676036806EB041699511178D378D6
:1017600041EA0361937852781B0443EA0222114351
:101770004FF4C473026803EB0413D150006805EB07
:101780000411425842F0010242500020F0BD416A6B
:1017900041F4001141620120F0BD000010B590F845
:1017A0002020012A07D0022A05D0416A41F4802175
:1017B0004162012010BD3C4800F50070026842F013
:1017C00001020260026822F47C52026002684B6AE5
:1017D00042EA032202600A7D02F01F0301229A40BE
:1017E000C3699343C361A0F50070CB69B3B9D0F866
:1017F0000C329343C0F80C328C894B6864F31F435E
:101800004C6900EBC404C4F840320C890B6864F3E3
:101810001F434C6900EBC404C4F84432CB69012B6C
:1018200016D1D0F80C321343C0F80C320C884B6838
:1018300064F31F434C6900EBC404C4F840320C89C4
:10184000CB6864F31F434C6900EBC404C4F8443212
:101850008B697BB1D0F804321343C0F804320B69B2
:1018600073B1D0F814321343C0F81432096A012955
:101870000CD010E0D0F804329343C0F80432EEE705
:10188000D0F814329343C0F81432EFE7D0F81C12AA
:101890001143C0F81C12D0F8001221F00101C0F869
:1018A0000012002010BD000000640040704770B5B9
:1018B00090F82040012C07D0022C05D0416A41F459
:1018C00080214162012070BD21B104682469A40710
:1018D0002AD003E00468E468A4071FD04FF4D8744A
:1018E000056804EB01142D5905F0040595600DB34E
:1018F00005682D59ED08556005682C5904F002045F
:10190000D4604FF4DA74056804EB01142E5906F024
:101910000F06082E13D30825156114E0416A41F41F
:1019200000114162012070BD416A41F40011416221
:10193000012070BD05682D596D0D1560DCE72D592E
:1019400005F00F05156105682D59C5F3072595614B
:1019500005682C59240C54614FF4DC72046802EBC6
:101960000112A4581C700468A458240A5C7004680E
:10197000A458240C9C700468A258120EDA704FF41C
:10198000DE72046802EB0112A4581C710468A458AA
:10199000240A5C710468A458240C9C710468A25841
:1019A000120EDA7131B10068016941F02001016164
:1019B000002070BD0068C16841F02001C160F7E7F8
:1019C0002DE9F05F0546002428684669D0F80490A8
:1019D0008768D0F80CA0D0F810B0D0F81880F107C4
:1019E00048D0F90714D001218160B80703D52846F3
:1019F00000F0B0FA0CE0780702D54FF4006407E07D
:101A0000380702D54FF4805402E0284600F0A1FACE
:101A1000F80516D529684FF480708860B80503D59D
:101A2000284600F099FA0CE0780502D544F40054F9
:101A300007E0380502D544F4804402E0284600F06F
:101A40008AFAF80316D529684FF480308860B80305
:101A500003D5284600F082FA0CE0780302D544F45E
:101A6000004407E0380302D544F4803402E02846FD
:101A700000F073FA300707D55FEACA6004D544F472
:101A8000007429681020C86070074FF0080707D558
:101A90005FEA0A7004D52868C760284600F0C8F9D4
:101AA000B00706D52868C068800702D0284600F035
:101AB000C1F9700607D55FEACB6004D544F48064B1
:101AC000296810200861B00607D55FEA0B7004D5BD
:101AD00028680761284600F00DFAF00606D5286848
:101AE0000069800702D0284600F005FAB00308D547
:101AF0005FEAC96005D5296810204860284600F0D3
:101B0000FBF9F00307D55FEA097004D52868476040
:101B1000284600F024FA300446D55FEA497040D5E3
:101B2000F00504D55FEAC87001D044F00104B005A7
:101B300004D55FEA887001D544F00204700504D52D
:101B40005FEA487001D544F00404300529D518F047
:101B5000700F26D008F07000402815D006DC102841
:101B600009D020280AD0302816D10AE050280ED0FB
:101B7000602811D10EE044F008040DE044F0100498
:101B80000AE044F0200407E044F0400404E044F09C
:101B9000800401E044F480742868816921F07001B8
:101BA0008161296804204860002C05D0686A2043C0
:101BB00068622846FFF77AFEBDE8F09F70B50446DC
:101BC000002C03D094F8200010B104E0012070BD77
:101BD000204600F09DF82068016841F00101016095
:101BE00000F0B2FC054605260CE000F0ADFC401B01
:101BF0000A2807D9606A40F40030606284F82060E7
:101C0000012070BD20684068C007EED020680168E0
:101C100021F00201016000F097FC05460CE000F0A5
:101C200093FC401B0A2807D9606A40F400306062C8
:101C300084F82060012070BD206840688007EED4E1
:101C4000207E01283FD02068016821F080010160DA
:101C5000607E01283DD02068016821F040010160CC
:101C6000A07E01283BD02068016821F0200101609E
:101C7000E07E012839D02068016841F01001016040
:101C8000207F012837D02068016821F00801016019
:101C9000607F012835D02068016821F004010160CF
:101CA000D4E902010843D4E90412114308436168EE
:101CB000491E08432168C86100206062012084F841
:101CC0002000002070BD2068016841F080010160A3
:101CD000BEE72068016841F040010160C0E720686C
:101CE000016841F020010160C2E72068016821F02D
:101CF00010010160C4E72068016841F0080101603B
:101D0000C6E72068016841F004010160C8E70000EF
:101D10002DE9F04186B00446142101A8FEF734FCF9
:101D20003E4B3F4ADFF8F080186821683C4C0326A0
:101D30000227401C103200254FF0090C41452FD1DD
:101D40001860012807D1106840F00070106010681A
:101D500000F000700090206840F0080020602068CB
:101D600000F0080000900196029703950496CDF8C4
:101D700014C001A92B4800F0F7FA00220521132016
:101D800000F07AFC132000F069FC002205211420E9
:101D900000F072FC142000F061FC06B0BDE8F08198
:101DA000DFF884804145F8D1116841F0806111600D
:101DB000116801F0806100911860012807D1106856
:101DC00040F000701060106800F000700090206813
:101DD00040F002002060206800F0020000906020C7
:101DE0000190029703950496CDF814C001A90F48FD
:101DF00000F0BAFA002205213F2000F03DFC3F2010
:101E000000F02CFC00220521402000F035FC402091
:101E100000F024FCC1E70000006400403400002012
:101E200030380240000C02400068004000040240CC
:101E300070470000F8B5294B02680021284D9A42EE
:101E400001D1297001E0012129702978254C01EB8D
:101E5000410202EB011104EB810202F1440328323A
:101E60000021FFF724FD287804F1980600EB4001DB
:101E700001EB001104EB810100EBC000283106EBFF
:101E800080001C22FEF72CFB287800EB400202EBBE
:101E9000001204EB820200EBC00106EB8101936C9F
:101EA000526CC1E9072388B10F4800236A460068D5
:101EB0000BF0D4FE0098002807D00C494FF080505A
:101EC0000860BFF34F8FBFF36F8FF8BD08483146EE
:101ED00000236A4600680BF0C1FEEBE70064004097
:101EE00000040020AC1500200400002004ED00E0F8
:101EF0000000002070477047704770B5044694F8A2
:101F00002000012805D0606A40F4002060620120B2
:101F100070BD022084F820002068016821F00101D2
:101F2000016000F011FB05460DE000F00DFB401BC9
:101F30000A2808D9606A40F400306062052084F8FD
:101F40002000012070BD20684068C007EDD16062AC
:101F500070BD704770477047704770477047704753
:101F60002DE9F0410446A76D00F0EEFA054694F81D
:101F700035000026022806D08020606584F8346091
:101F80000120BDE8F0812068016821F016010160A0
:101F90002068416921F080014161206C08B9A06C82
:101FA00020B12068016821F0080101602068016803
:101FB00021F0010101600BE000F0C6FA401B05288A
:101FC00006D9202034342062032060702670D8E7C0
:101FD00020680068C007EFD134343F2094F82810FF
:101FE0008840B8600120607026700020C9E790F832
:101FF0003510022903D08021416501207047052159
:1020000080F835100068016821F0010101600020AE
:10201000704700002DE9F84304464FF00009CDF861
:1020200000906F484FF416510068B0FBF1F7A56DB2
:102030002E6894F85C00082202FA00F1314210D0B8
:102040002068016849070CD5016821F0040101608E
:1020500094F85C0002FA00F1A960606D40F00100A4
:10206000606594F85C104FF0010808FA01F0304206
:1020700008D021684969090604D5A860606D40F060
:102080000200606594F85C1004208840304208D05B
:1020900021680968890704D5A860606D40F00400D4
:1020A000606594F85C1010208840304220D0216890
:1020B000096809071CD5A8602068016849030CD588
:1020C0000068000304D4216C91B1204688470FE0DA
:1020D000A16C69B1204688470AE00168C90503D4AC
:1020E000016821F008010160216C09B12046884790
:1020F00094F85C102020884030424CD02168096858
:10210000C90648D5A86094F8350005280BD020688A
:102110000168490330D50068000328D4616C51B3CD
:102120002046884737E02068016821F016010160E9
:102130002068416921F080014161206C08B9A06CE0
:1021400020B12068016821F00801016094F85C105A
:102150003F208840A86084F8358084F83490216D51
:1021600000293BD001B02046BDE8F0430847E16BB1
:1021700009B1204688470EE00168C90507D4016807
:1021800021F01001016084F8358084F83490E16B0F
:1021900009B120468847606D00281FD0606DC007D8
:1021A00014D0052084F835002068016821F0010171
:1021B00001600098401C0090B84203D82068006875
:1021C000C007F6D184F8358084F83490E16C00299A
:1021D00004D001B02046BDE8F0430847BDE8F883CD
:1021E000180500202DE9F041044600F0ADF9054640
:1021F0005CB1022084F83500002684F83460206841
:10220000016821F0010101600DE00120BDE8F081CD
:1022100000F09AF9401B052805D9202060650320AD
:1022200084F83500F2E720680068C007F0D1216823
:102230000A6820480240D4E901031843D4E9033571
:102240002B43184363691843A3691843E369184390
:10225000236A18431043626A042A03D1D4E90B238A
:102260001A43104308602068406920F00700656A3F
:1022700029460543012704290DD1A06A0543E06AD8
:1022800048B12046FFF736F828B14020606584F851
:1022900035700120BAE7206845612046FFF714F841
:1022A00094F85C203F2191408160666584F8357028
:1022B0000020ABE73F8010F02DE9F04104460025F7
:1022C000A66D94F8340001280DD0012084F8340064
:1022D00094F835700020012F07D084F834000225CF
:1022E0002846BDE8F0810220FBE7022784F835701C
:1022F00060652046FFF73AF894F85C103F2088406C
:10230000B0602068016841F016010160206C20B1C6
:102310002068016841F0080101602068016841F00F
:1023200001010160DCE7000070B5044600F00CF923
:102330000546601C02D004480078044400F004F90B
:10234000401BA042FAD370BD1C050020704700005E
:1023500010B504490A68024202D00860FFF7F6FF90
:1023600010BD0000143C01402DE9F84F0022DFF8B9
:102370009C914FF0010803274FF00F0C09F1040A5C
:10238000A9F1040B08FA02F50B682B40AB426ED1A1
:102390000C7904F00304012C01D0022C15D18668BD
:1023A000540007FA04FE26EA0E06D1F80CE00EFAF5
:1023B00004FE4EEA060EC0F808E04468AC430D790E
:1023C000C5F300159540254345600C79E443A40707
:1023D00008D0C568540007FA04F6B5438E68A640D5
:1023E0002E43C6600C7904F00304022C11D1D408EA
:1023F00000EB8406356A5407E40E0CFA04FE25EA65
:102400000E05D1F810E00EFA04FE4EEA050EC6F8ED
:1024100020E00568540007FA04F6B5430E7906F08B
:102420000306A6402E4306604C6814F4403F67D074
:10243000374C256845F480452560246804F48044C1
:102440000094344C22F003052E19D6F8085894074E
:102450004FEA147E0CFA0EF4A5432F4CA04201D192
:10246000002424E02D4CA04202D101241FE047E0CB
:102470002B4CA04201D1022419E02A4CA04201D1E8
:10248000032414E0284CA04201D104240FE0274C7F
:10249000A04201D105240AE0254CA04201D1062426
:1024A00005E0244CA04201D1072400E0082404FAEE
:1024B0000EF42C43C6F80848D9F800409C434D68F8
:1024C000ED0200D51C43C9F80040DAF800409C43F7
:1024D0004D68AD0200D51C43CAF80040DBF800404F
:1024E0009C434D68AD0300D51C43CBF80040074D1D
:1024F000083D2C689C434E68F60300D51C432C60B5
:10250000521C102AFFF43EAFBDE8F88F083C014092
:102510004438024000300140000002400004024004
:1025200000080240000C024000100240001402406B
:1025300000180240001C0240002A01D0816170474F
:1025400009048161704700000148806870470000FD
:102550001C050020024881680278114481607047A0
:102560001C05002010B50B48016841F400710160A2
:10257000016841F480610160016841F4807101608B
:10258000032000F099F8052000F006F800F04AF862
:10259000002010BD003C024030B587B00546002445
:1025A0001B48016841F001010160006800F0010072
:1025B000009001A902A800F0C9FE00F0FBFE400057
:1025C0001449B0FBF1F1491E1448134A026040F26D
:1025D000E732C260416004618460846101F022FCE2
:1025E000044694B90D4801F0A5FC04466CB91920C5
:1025F00000F034F8102D07D200222946192000F0EF
:102600003BF80748056000E0012407B0204630BDD4
:102610004438024040420F0000000140F01000200A
:102620002005002082B00C48016841F4804101601F
:10263000006800F4804001900748001F016841F0E5
:1026400080510160006800F08050019000220F214D
:10265000901E02B000F010B844380240002809DB98
:1026600000F01F02012191404009800000F1E020AC
:10267000C0F8001170470000F0B40D460D4B1B6808
:10268000C3F30223C3F10704042C00D90424191D49
:10269000072901D2002300E0DB1E012606FA04F11F
:1026A000491E294099409E40761E16403143F0BC99
:1026B00006F068BF0CED00E000F00701054A106865
:1026C0004FF6FF03184040EA012003490843106019
:1026D000704700000CED00E00000FA05704700684C
:1026E00041620020704770B50368586A002907D01E
:1026F0009C6A00EB144400204FF48275491E0AE0E6
:1027000040EA024098620DE005EB80069E5904EB1A
:102710001644401CC0B28842F6D305EB810144EA5E
:1027200002405850002070BDD0F8E00405F07ABD9A
:1027300001EBC10200EB8202D0F8E004126A05F05E
:102740009BBC01EBC10200EB8202D0F8E004D2F89E
:10275000602205F0FFBCD0F8E00405F065BD0A0674
:1027600001F00F0101EBC10100EB810101D5143132
:1027700001E001F51571006806F0C6BC70B50446AD
:102780000B0601F00F0000EBC00104EB81014FF0DC
:1027900001024FF0000502D514314A7002E001F544
:1027A00015714D70087094F89404012808D084F8CD
:1027B0009424206806F0BCF984F89454002070BD7D
:1027C000022070BD70B5044601F00F0022799042DE
:1027D00001D9012070BD0B0601F00F0101EBC10111
:1027E00004EB81014FF001024FF0000502D51431D6
:1027F0004A7002E001F515714D708D70087094F803
:102800009404012808D084F89424206806F0FAFA89
:1028100084F89454002070BD022070BD01F00F01B7
:1028200001EBC10100EB8100D0F8680270472DE98F
:10283000F04104460F0601F00F0000EBC00104EB6D
:1028400081014FF001064FF0000502D514314E70A2
:1028500002E001F515714D700870C2F30A028A603A
:102860000B714A7802B14883022B00D14D7194F864
:102870009404012809D084F89464206806F0A2F832
:10288000284684F89454BDE8F0810220FBE710B597
:1028900001F00F0404EBC40100EB810101F5157197
:1028A000CA600B6100234B614B700C708379012B64
:1028B00000D1CA618279006806F0FCFA002010BDE0
:1028C00070B504460D46217905F00F00884201D904
:1028D000012070BD29064FF000064FF0010206D519
:1028E00000EBC00104EB810114314A7006E005EBF6
:1028F000C50104EB810101F515714E708A700870F5
:1029000094F89404012807D084F89424206806F0F1
:10291000A5FA280702D007E0022070BDA17904F2D1
:102920009C42206806F044FA84F89464002070BD4C
:1029300010B501F00F0404EBC40100EB8101143168
:10294000CA600B6100234B6101234B700C708379CB
:10295000012B00D1CA618279006806F0ABFA002031
:1029600010BD2DE9F84F04462568284606F076FC90
:1029700000287ED1206806F09DFC002879D0D5F88B
:102980000808C0F30D20C4F8D404206806F092FCB7
:10299000800704D52068416901F002014161206887
:1029A00006F088FCC10604F29C40009035D52068F2
:1029B000816921F0100181612F6A07F00F0000EB9F
:1029C000C00004EB800606F51576C7F343400228E5
:1029D00002D0062812D01BE047F6F070074217D04D
:1029E000C7F30A1217462846F16806F067FCF0683C
:1029F0003844F06070693844706109E00822284664
:102A0000009906F05BFC7069C7F30A110844706115
:102A10002068816941F010018161206806F04AFC5C
:102A200000034FF0080B4FF000094FF001085ED58E
:102A30000026206806F01DFC824655E05FEACA7059
:102A40004FD0F1B2206806F02DFC0746F80707D0FA
:102A500005EB4610C0F8088B3146204603F014F809
:102A6000380709D505EB4610C0F808BB31462046AB
:102A700000E0F8E102F0E4FFF80604D505EB4610AB
:102A80001021C0F8081BB8071CD56869000605D5D9
:102A9000D5F8040840F48061C5F8041806EBC600B8
:102AA00004EB800000F51570C178012905D180F88C
:102AB0000390F1B2204600F0DCF905EB461102204C
:102AC000C1F8080BB80604D505EB46102021C0F864
:102AD000081BB80405D505EB46104FF40051C0F8AB
:102AE000081B761C4FEA5A0ABAF1000FA6D12068DB
:102AF00006F0E0FB40036CD5206806F0B3FB82468D
:102B0000002663E05FEACA705DD0F1B2206806F08B
:102B1000B7FB0746F80723D006F00F0108FA01F0CB
:102B2000D5F834188143C5F8341805EB4610C0F8C1
:102B30000889A07901280FD106EBC60004EB8000BC
:102B4000D0E907211144016236B9606A20B92068D2
:102B50000121009A06F02CF9F1B22046FFF7E8FDBA
:102B6000380703D505EB4610C0F808B9F80604D5B8
:102B700005EB46101021C0F80819780604D505EBBE
:102B800046104021C0F80819B80716D53146284626
:102B900006F032FB06EBC60004EB80001430C1786F
:102BA000012905D180F80390F1B2204600F05DF9CB
:102BB00005EB46110220C1F80809380603D5314655
:102BC000204602F0D3FF761C4FEA5A0ABAF1000FF2
:102BD00098D1206806F06EFB002811DAD5F80408B9
:102BE00020F00101C5F8041894F8CC04012829D07C
:102BF000204600F006FA2068416901F00041416179
:102C0000206806F057FB00050BD5D5F80808C0076B
:102C100002D0204600F038FA2068416901F40061D2
:102C20004161206806F046FBC00461D5D5F8040870
:102C300020F00101C5F804181021206806F0DCFA24
:102C4000002120E084F8CC9400212046FFF746FDC7
:102C5000D1E705EB411000F510604FF67F3282603E
:102C6000036823F400130360C0F80822D0F80022A0
:102C700022F40012C0F80022D0F8002242F00062D4
:102C8000C0F80022491C20798842E2D8D5F81C08F7
:102C900040F00111C5F81C18E07B60B1D5F884083C
:102CA00040F00B01C5F88418D5F8440840F00B013A
:102CB000C5F844180CE0D5F8140842F22B0108437B
:102CC000C5F81408D5F8100840F00B01C5F8101825
:102CD000D5F8000820F4FE61C5F80018A179206835
:102CE000009A06F065F82068416901F4805141615D
:102CF000206806F0DFFA800415D5206805F0A4FEF0
:102D0000206806F09BFAE07100F03EFB0146E27994
:102D1000206806F039FB204600F05CF92068416924
:102D200001F400514161206806F0C4FA000707D59C
:102D3000204600F06AF92068416901F0080141610C
:102D4000206806F0B7FA000615D5A86920F08001C2
:102D5000A96101260CE006EBC60004EB800090F8A8
:102D60005702012803D1F1B22046FFF7F8FC761C88
:102D70002079B042EFD8206806F09CFAC0021FD537
:102D8000012615E005EB4610D0F8001906EBC60049
:102D900004EB8000027E012A09D1002907DA80F8BD
:102DA0001780F0B240F080012046FFF7D8FC761C77
:102DB0002079B042E6D82068416901F48011416170
:102DC000206806F077FA800230D5012026E005EB76
:102DD0004011D1F8001B00EBC00204EB820292F814
:102DE0005832012B19D1002917DA94F8D43401F4A0
:102DF000803103F0010399420FD182F85782A9690B
:102E000041F08002AA616969090606D4D5F8040870
:102E100040F40070C5F8040803E0401C21798142A9
:102E2000D5D82068416901F400114161206806F09D
:102E300041FA400007D52046FFF776FC206841693B
:102E400001F080414161206806F034FA40070AD55C
:102E500020684568680702D52046FFF77CFC20689B
:102E6000416829434160BDE8F88FD0F8E00405F0DF
:102E70002FBAD0F8E00405F040BAF8B50446002CAB
:102E800005D0266894F89504002510B106E00120CD
:102E9000F8BD84F89454204600F05AF8032084F8D2
:102EA0009504B6F1A04F00D1A571206805F07AFF16
:102EB000207C8DF8000094E80F0005F0D3FD022679
:102EC00018B184F895640120F8BD0021206806F04F
:102ED00014FA18B184F895640120F8BD0021012787
:102EE0000CE001EBC10004EB800047750175C18562
:102EF0000576C56105624562491CC9B220798842E0
:102F0000EFD800210DE001EBC10004EB800000F5DB
:102F100015704570017005718560C5600561491CBB
:102F2000C9B220798842EED8207C8DF8000094E860
:102F30000F0005F07DFE18B184F895640120F8BDFE
:102F4000657484F89574206805F064FE0020F8BD6F
:102F500000B587B00021029103910491059106917B
:102F60000068B0F1A04F2BD11648016841F0010173
:102F70000160006800F0010001904FF4C050029021
:102F800002200390032005900A20069002A90E4813
:102F9000FFF7EAF90D48016841F0800101600C4833
:102FA000016841F480410160006800F480400190B4
:102FB000002205214320FFF75FFB4320FFF74EFB74
:102FC00007B000BD303802400000024034380240F3
:102FD0004438024070B504460125E07900280ED03F
:102FE000022801D0FEF7E6F92946D4F8E00405F0FE
:102FF000F5F9D4F8E004BDE8704005F0A8B9002563
:10300000F2E7D0F8E00405F0D2B9D0F8E00405F01A
:10301000D8B910B5044694F8940401280AD00120C8
:1030200084F894046174206806F097F9002084F80D
:10303000940410BD022010BDD0F8E02400F29C41A1
:10304000104605F0D7B910B50446206894F89414DA
:10305000012909D0012184F89414C168490609D5D1
:10306000617B012902D005E0022010BD816B41F493
:1030700080318163206806F099F8206805F0BCFD76
:10308000002084F8940410BD10B50446D4F8E00480
:1030900005F0F4F92068D0F8001E41F00101C0F8F5
:1030A000001EE07A002804D00248016841F00601C1
:1030B000016010BD10ED00E02DE9F84304464FF02B
:1030C000010820684FF00007C10701D140072BD548
:1030D000DFF81891C9F86870FFF736FA0646444DD4
:1030E00007E0FFF731FA801B022802D90320BDE870
:1030F000F88328680001F4D46068217A800140EAEE
:1031000001703B4984310860C9F86880FFF71CFAF8
:10311000064606E0FFF718FA801B022801D90320B3
:10312000E5E728680001F5D52078800753D53048B9
:103130004030016841F080510160006800F080502B
:1031400000902C4D286840F480702860FFF7FCF94F
:10315000064606E0FFF7F8F9801B022801D9032094
:10316000C5E72868C005F5D5214D7035286800F4FD
:103170004070F8B1A18901F4407181421AD02868E9
:1031800020F440701C49C1F800800F602860286856
:10319000C0070FD0FFF7D8F9064641F2883706E09E
:1031A000FFF7D2F9801BB84201D903209FE72868B6
:1031B0008007F5D5E0680E49C0F301220831032AE3
:1031C0000BD0086820F4F81008602868A189C1F3C2
:1031D0000B0108432860002089E70A68074B22F4A6
:1031E000F812184002430A60EFE70000000047426F
:1031F0000038024000700040400E4742FFFCFF0FC5
:103200002DE9F04704460D46002C13D0DFF8289135
:10321000D9F80000EFB200F00700A8420CD289F8FC
:103220000070D9F8000000F00700A84204D0012087
:10323000BDE8F0870120FBE72068404E810712D5EA
:10324000400703D5306840F4E05030602078000734
:1032500003D5306840F4604030603068A16820F0E9
:10326000F000084330602078C00731D033496068EF
:103270000839012808D002280BD0032809D0096892
:1032800089070BD40120D3E70968890306D40120FC
:10329000CEE70968890101D40120C9E7316821F02E
:1032A000030101433160FFF74FF9804641F2883A4C
:1032B00007E0FFF749F9A0EB0800504501D90320CA
:1032C000B6E73068616800F00C00B0EB810FF0D118
:1032D000D9F8000000F00700A84209D989F8007069
:1032E000D9F8000000F00700A84201D001209FE7B4
:1032F0002078400705D53068E16820F4E0500843A5
:1033000030602078000706D53068216920F46040DD
:1033100040EAC100306000F05DF83168084AC1F34E
:103320000311515CC8400749086007480068FFF76F
:1033300033F900207CE70000003C024008380240DE
:1033400018F8000818050020200500200F22026050
:103350000B4A136803F003034360136803F0F003A0
:103360008360136803F4E053C360126802F46042A0
:10337000D20802610348006800F007000860704747
:1033800008380240003C02400148006870470000D5
:103390001805002000B5FFF7F7FF04490968044A43
:1033A000C1F38221515CC84000BD000008380240D2
:1033B00028F8000800B5FFF7E7FF04490968044A48
:1033C000C1F34231515CC84000BD000008380240E2
:1033D00028F8000810B51748006810F00C011648CE
:1033E00016D0164B042912D0082911D1114C241FD4
:1033F000216801F03F02216849020AD52068C0F324
:103400008810A0FB03010023FCF7AEFF09E018467B
:1034100010BD21680023C1F38811A1FB0001FCF756
:10342000A3FF2168C1F30141491C4900B0FBF1F041
:1034300010BD0000083802400024F400001BB70053
:103440002DE9F84F0446002C13D02078DFF8A08334
:10345000C007A8F1040556D008F104000168C1F3C3
:10346000810101290CD00068C0F38100022803D03B
:103470000DE00120BDE8F88FD8F80000400206D525
:10348000286880033FD5606870BB0120F2E7606860
:10349000B0F5803F10D0B0F5A02F12D0286820F4EE
:1034A00080302860286820F4802028606068E0B1BF
:1034B000FFF74AF8064614E0286840F48030286098
:1034C000F4E7286840F480202860286840F48030C1
:1034D0002860EBE7FFF738F8801B642801D9032048
:1034E000C8E728688003F5D50DE0FFF72DF80646FC
:1034F00006E0FFF729F8801B642801D90320B9E70B
:1035000028688003F5D42078BA4F80074FF000096F
:1035100048D5B748001D016811F00C0F08D00068AD
:10352000C0F38100022813D1D8F8000040020FD464
:103530002868800704D5E068012801D0012099E7B8
:103540002868216920F0F80040EAC100286029E0DD
:10355000E068B8B101203860FEF7F6FF064606E0E5
:10356000FEF7F2FF801B022801D9032082E72868BA
:103570008007F5D52868216920F0F80040EAC100ED
:1035800028600FE0C7F80090FEF7DEFF064606E071
:10359000FEF7DAFF801B022801D903206AE72868BA
:1035A0008007F5D42078000729D5DFF844A2924897
:1035B00061690AF1700A89B101210160FEF7C4FF57
:1035C000064606E0FEF7C0FF801B022801D9032053
:1035D00050E7DAF800008007F4D510E0C0F800905A
:1035E000FEF7B2FF064606E0FEF7AEFF801B02289C
:1035F00001D903203EE7DAF800008007F4D42078F0
:10360000400778D54FF0000A79483C300068C00088
:103610000BD477483C30016841F08051016000686C
:1036200000F0805000904FF0010ADFF8D0B1DBF8D5
:103630000000C00514D4DBF8000040F48070CBF823
:103640000000FEF781FF064606E0FEF77DFF801BC7
:10365000022801D903200DE7DBF80000C005F4D5EE
:10366000634EA0686C3601280FD0052812D0306850
:1036700020F001003060306820F004003060A06865
:10368000F8B1FEF761FF834617E0306840F00100B3
:103690003060F4E7306840F004003060306840F09B
:1036A00001003060EBE7FEF74FFFA0EB0B0141F2AA
:1036B0008830814201D90320DCE630688007F2D5EA
:1036C00010E0FEF741FF834609E0FEF73DFFA0EB67
:1036D0000B0141F28830814201D90320CAE63068EB
:1036E0008007F2D4BAF1010F05D141483C3001689E
:1036F00021F080510160A069C0B33D49091D0968EE
:103700004FF0FF36C1F38101022946D0022805D0CF
:10371000C7F86090FEF718FF04463AE0C7F86090DB
:10372000FEF712FF814607E0FEF70EFFA0EB09004F
:10373000022801D903209DE628688001F4D4D4E949
:1037400007010843616AA26A890106EB520241EA55
:103750000241084394F82C1040EA0160C8F80000C8
:1037600001203866FEF7F0FE044607E03DE0FEF774
:10377000EBFE001B022801D903207BE628688001AC
:10378000F5D532E0FEF7E0FE001B022801D9032048
:1037900070E628688001F5D427E0012823D0D8F806
:1037A0000000E26900F4800191421AD1226A00F01F
:1037B0003F01914215D147F6C071626A0140B1EBF9
:1037C000821F0ED1A26A00F4403106EB5202B1EB27
:1037D000024F06D194F82C1000F07060B0EB016F2E
:1037E00003D0012046E6012044E6002042E6000026
:1037F0000438024000004742800E474200700040FB
:1038000010B50446002C02D0607F10B106E0012004
:1038100010BD00202077204600F042F8022060779B
:103820002068C168C943C90631D5CA2141622168EF
:1038300053204862204602F052FBC8B920688168D4
:10384000164A114081602068816862681143D4E99A
:1038500004231A43114381602168E06808612068ED
:103860000169228941EA02410161204602F05AFBC6
:1038700048B921680A6C22F480220A6421680A6C23
:10388000A3691A430A642268FF21516200E0002004
:103890000028BDD10121617710BD0000BFFF8FFF5F
:1038A0001FB5002100910191029103910068084920
:1038B00088420CD102200090000203906846FFF776
:1038C000FBFB08B1FDF776FD0249012008601FBD32
:1038D000002800403C0E474270B504460B46207F4E
:1038E000012805D0012626770220607712B108E072
:1038F000022070BD5878C10603D500F0EF000A30F1
:103900005870A2B19878D97840EA0145587819786A
:10391000000240EA413005432168CA20486221681C
:1039200053204862204602F0DAFA88B117E0D878CE
:1039300002F0CAFA0204587802F0C6FA42EA0022FB
:10394000987802F0C1FA0243187842EA4035E3E77A
:103950000748054020684560204602F0E3FA00B9B8
:1039600066772268FF2151620021217770BD000037
:103970003FFFFF002DE9F04104460D46207F01285E
:1039800021D04FF0010884F81C80022060770027C6
:10399000E2B120688068400600D4EF70A8782978EA
:1039A00040EA01466878E978000240EA815006431F
:1039B0002168CA204862216853204862204602F0EC
:1039C0008EFAC8B12BE00220BDE8F0812068806843
:1039D000400600D4EF70287802F076FA0204687886
:1039E00002F072FA42EA0022A87802F06DFA02436D
:1039F000E87842EA8056DBE70D480640206806601A
:103A00002068816821F480218160D5E90310014399
:103A10002068826811438160204602F083FA08B969
:103A200084F81D802268FF2151622777CCE70000CF
:103A30007F7F7F0070B505460A482968C860FEF799
:103A400083FD04464FF47A7606E0FEF77DFD001B09
:103A5000B04201D9032070BD2868C0688006F4D543
:103A6000002070BD5F7F010070B50446002C09D0B6
:103A7000606A002540B125616561A56294F8510036
:103A800040B10CE0012070BD6068B0F5827FF4D0D9
:103A9000E561F2E784F85050204600F045F8022036
:103AA00084F851002068016821F040010160A0887D
:103AB000218900F4827001F404410843A18901F4D2
:103AC00000610843217C01F002010843217D01F0DF
:103AD00001010843218B01F400710843217F01F0AB
:103AE0003801084394F8201001F080010843218D2B
:103AF00001F40051084321680860A069042101EA2B
:103B0000104094F8241001F0100108432168486027
:103B10002068C16921F40061C1616565012084F8F4
:103B20005100002070BD000010B586B0044614217D
:103B300001A8FCF729FD14492068884221D1002101
:103B40001248026842F480420260006800F480403B
:103B500000900E481038026842F0020202600068CD
:103B600000F0020000904FF46040019002200290AB
:103B70000391032004900520059001A90448FEF755
:103B8000F3FB06B010BD0000003800404038024092
:103B9000000402402DE9FF4F81B004460E9E93467B
:103BA0001F460125FEF7D0FC804694F8510061685D
:103BB00001280AD0B1F5827F03D1A16809B9042890
:103BC00003D0022005B0BDE8F08F0298A0B3BBF18E
:103BD000000F32D0380030D094F8500001282ED099
:103BE0004FF0010A84F850A094F85100042802D044
:103BF000052084F851004FF00009C4F85490C4F82F
:103C000038B0E787A78702982063E786A786C4F8BD
:103C10004090C4F8449020680168490603D40168C4
:103C200041F040010160E068B0F5006F09D06068C4
:103C3000F0B3012F4DD082E0FFE70120C2E7022060
:103C4000C0E7606808B1012F3CD1206B2168008873
:103C5000C860206B801C2063E08E401EE08631E04F
:103C60002068816889070DD5E18E59B1012D09D1F0
:103C7000216B0988C160206B801C2063E08E401E90
:103C8000E086002520688168C9070BD0E18F49B123
:103C9000C068A16B0880A06B801CA063E08F401EF1
:103CA000E0870125FEF750FCA0EB0800B04200E0E1
:103CB0000FE007D3701C05D084F851A084F8509011
:103CC00003207FE7E08E0028CAD1E08F0028C7D10B
:103CD0003BE0206B216800780873206B401C206358
:103CE000E08E401EE0862AE02068816889070DD5B5
:103CF000E18E59B1012D09D1216B09780173206B37
:103D0000401C2063E08E401EE0860025206881680C
:103D1000C9070BD0E18F49B1C068A16B0870A06BD7
:103D2000401CA063E08F401EE0870125FEF70CFCDD
:103D3000A0EB0800B04201D3701C12D18EB1E08E0E
:103D40000028D1D1E08F0028CED14246314620460E
:103D500002F0B0FD58B12020606584F85090012039
:103D600030E784F851A084F8509003202AE7A06837
:103D700018B92068C1688068009084F851A084F860
:103D80005090606D08B101201CE700201AE77047D1
:103D90007047000070B590F83C20012A31D0012610
:103DA00080F83C60022280F83D20026854689368E5
:103DB00024F070050C682C435460134C0268A24236
:103DC00014D0B2F1804F11D0104CA2420ED0104C42
:103DD000A2420BD00F4CA24208D00F4CA24205D0F9
:103DE0000E4CA24202D00E4CA24204D123F080031A
:103DF0004968194391603C304670002101700020F1
:103E000070BD022070BD00000000014000040040B1
:103E100000080040000C0040000401400040014048
:103E20000018004010B50446002C03D094F83D0063
:103E300010B107E0012010BD002084F83C002046AE
:103E400000F016F8022084F83D00211D206802F0E1
:103E5000BDFE01203D3460726070A070E070207182
:103E60006071A071E07120722070002010BD000010
:103E700008B500680C4A0D49904208D1086840F026
:103E800008000860086800F00800009008BD084AB3
:103E90009042FBD1086840F010000860086800F00C
:103EA0001000009008BD0000000C004040380240A7
:103EB0000010004090F83D10012901D0012070470A
:103EC000022180F83D1000681349884214D0B0F1F7
:103ED000804F11D0114988420ED0114988420BD031
:103EE0001049884208D01049884205D00F498842BD
:103EF00002D00F49884209D1816801F007010629E3
:103F000008D0016841F00101016003E0016841F05F
:103F100001010160002070470000014000040040E2
:103F200000080040000C0040000401400040014037
:103F30000018004090F83D10012901D00120704781
:103F4000022180F83D100168CA6842F00102CA608F
:103F500000681449884214D0B0F1804F11D0124942
:103F600088420ED0114988420BD01149884208D0AE
:103F70001049884205D01049884202D00F49884232
:103F800009D1816801F00701062908D0016841F0D4
:103F90000101016003E0016841F0010101600020BE
:103FA000704700000000014000040040000800408D
:103FB000000C004000040140004001400018004097
:103FC00070B50446002594F83C00012817D001265E
:103FD00084F83C60022084F83D002068826822F06A
:103FE000770222F47F4282600868502838D00DDCC6
:103FF000202853D005DC90B3102811D14EE00220C8
:1040000070BD30284AD040280AD13DE0602831D028
:1040100070280CD0B0F5805F03D0B0F5005F12D0EF
:1040200001253C34667000202070284670BDCB68A6
:10403000D1E90121206802F044FE2068816841F046
:1040400077018160EDE7CB68D1E90121206802F0BA
:1040500038FE2068816841F480418160E1E71DE01D
:10406000CA684968206802F00FFF5021206802F0FA
:1040700032FED6E7CA684968206802F016FF602160
:10408000206802F028FECCE7CA684968206802F080
:10409000FBFE4021206802F01EFEC2E722680146B6
:1040A000104602F018FEBCE770472DE9F0410446C7
:1040B0002068C56806694FF00007B10714D5A90745
:1040C00012D5F91E016101202077206880698007E0
:1040D00003D02046FFF7E8FF05E0204600F0BCF8DB
:1040E000204600F04CF92777700717D5680715D5DB
:1040F00021686FF004000861022020772068806941
:1041000010F4407F03D02046FFF7CEFF05E02046A5
:1041100000F0A2F8204600F032F92777300716D5D4
:10412000280714D521686FF0080008610420207763
:104130002068C069800703D02046FFF7B5FF05E07F
:10414000204600F089F8204600F019F92777F0069C
:1041500017D5E80615D521686FF010000861082012
:1041600020772068C06910F4407F03D02046FFF715
:104170009BFF05E0204600F06FF8204600F0FFF8B6
:104180002777F00708D0E80706D021686FF0010014
:104190000861204600F062F9300608D5280606D5E9
:1041A00021686FF0800008612046FFF7F0FD70067F
:1041B00008D5680606D521686FF0400008612046E2
:1041C00000F056F9B0060AD5A80608D521686FF0A8
:1041D000200008612046BDE8F041FFF7D9BDBDE8E9
:1041E000F081000010B586B00446142101A8FCF748
:1041F000CBF915492068884224D11448016841F060
:1042000080010160006800F0800000904FF4E050F1
:10421000019002200290012103910490059001A9D0
:104220000B48FEF7A1F80B48FFF744FE00210948B0
:1042300000F0A6F80421074800F0A2F8082105487C
:1042400000F09EF806B010BD000C0040303802406F
:10425000001C0240A80D0020704770B504460D46B2
:10426000002694F83C0001280FD0012084F83C007F
:104270006AB1042A1FD0082A32D00C2A44D0012661
:10428000002084F83C00304670BD022070BD2946F5
:10429000206802F029FD2068816941F008018161F0
:1042A0002068816921F004018161206881692A699F
:1042B00011438161E4E72946206802F049FD206846
:1042C000816941F4006181612068816921F4806124
:1042D0008161206881692A6941EA02218161CFE711
:1042E0002946206802F06EFD2068C16941F008018E
:1042F000C1612068C16921F00401C1612068C16900
:104300002A691143C161BBE72946206802F092FD8A
:104310002068C16941F40061C1612068C16921F46C
:104320008061C1612068C1692A6941EA0221C161D5
:10433000A6E710B50446002C03D094F83D0010B158
:1043400007E0012010BD002084F83C00204600F06A
:1043500015F8022084F83D00211D206802F036FC8B
:1043600001203D3460726070A070E0702071607157
:10437000A071E07120722070002010BD704770475E
:1043800010B50446002909D004290AD008290BD009
:1043900094F8410001280AD0012010BD94F83E0095
:1043A000F8E794F83F00F5E794F84000F2E70220C0
:1043B000A9B3042937D0082938D084F84100012254
:1043C000206802F071FC1E4920681E4A884201D014
:1043D000904203D1436C43F4004343642068884215
:1043E00013D0B0F1804F10D0174988420DD0174933
:1043F00088420AD01649884207D0904205D0154914
:10440000884202D01449884213D1816801F0070123
:10441000062912D0016841F0010101600DE0FFE7BB
:1044200084F83E00CBE784F83F00C8E784F84000FA
:10443000C5E7016841F001010160002010BD0000E6
:10444000000001400004014000040040000800405A
:10445000000C004000400140001800400068034983
:10446000884201D1FEF776B8704700000000014095
:10447000704738B5044694F84200202801D0022045
:1044800038BD51B14AB1012020630020606320464D
:1044900002F0F2FE014611B105E0012038BD206BAB
:1044A000012802D00121084638BD20680268406812
:1044B000009020680C3050E8002F42F0100240E8D5
:1044C0000023002BF5D1EEE770B5054612492868A8
:1044D000884217D1114C207838B14C22104911482C
:1044E000FBF7B9FF0020207007E00E484C220C4972
:1044F0004C38FBF7B0FF012020704C2208490A48D5
:10450000FFF7B7FF09492868884204D1BDE8704029
:10451000074800F065BB70BD001001401404002086
:104520008C16002024170020380E002000140140B3
:10453000C80E002070470000F8B5044622681068D5
:10454000D168536900F00F06002E08D1850606D504
:104550008D0604D52046BDE8F84002F09FBD002539
:10456000002E66D003F0010601F49077374360D047
:10457000C20705D0CA0503D5626C42F0010262642D
:10458000420705D5DA0703D0626C42F0020262648A
:10459000820705D5DA0703D0626C42F00402626438
:1045A000020707D501F02002324303D0626C42F0CB
:1045B00008026264626C002A31D0800604D5880645
:1045C00002D5204602F06AFD20684069C0F38010E1
:1045D000616C090700D438B3204602F01DFD206845
:1045E000406940061CD52068143050E8001F21F0B7
:1045F000400140E80012002AF5D1E06B60B1594952
:104600000165E06BFDF7F3FC002808D0E06B016D5D
:1046100001B0BDE8F04008472046FFF78BFFF8BD2A
:104620002046FFF787FFF8BD2046FFF783FF65644C
:10463000F8BD236B012B7DD1C3067BD5CB067FD57F
:1046400010685068009050694FF0200340064FF00A
:10465000020644D5E16B0868406880B20028E7D0C4
:10466000A28D8242E4D9E085C869B0F5807F2DD063
:1046700020680C3050E8001F21F4807140E80012DF
:10468000002AF5D12068143050E8001F21F0010104
:1046900040E80012002AF5D12068143050E8001FCD
:1046A00021F0400140E80012002AF5D184F84230A0
:1046B000256320680C3050E8001F21F0100140E80D
:1046C0000012002AF5D1E06BFDF74AFC6663A08D6D
:1046D000E18D401A81B22046FFF7F6FEF8BDA08DAD
:1046E000E18D401A81B2E08D0028F7D00029F5D085
:1046F00020680C3050E8002F22F4907240E8002728
:10470000002FF5D12068143050E8002F22F001026C
:1047100040E80027002FF5D184F842302563206857
:104720000C3050E8002F22F0100240E80023002B4C
:10473000F5D100E004E066632046FFF7C5FEF8BD52
:10474000020606D50A0604D52046BDE8F84002F068
:10475000DDBD4006F3D54806F1D52046BDE8F8405A
:1047600002F081BCCF6E000870B50446002C04D066
:1047700094F84100002510B106E0012070BD84F8D6
:104780004050204600F024F8242084F8410020689E
:10479000C16821F40051C160204602F0E3FC2068AA
:1047A000016921F4904101612068416921F02A01E9
:1047B00041612068C16841F40051C16065642020F6
:1047C00084F8410084F842006563002070BD000059
:1047D0002DE9F04F87B00446142102A8FBF7D4FE60
:1047E0008648854B1438226884490225002706151F
:1047F0004FF003094FF0070B4FF0006A4FF40038F9
:104800009A4261D10A6842F010020A60096801F018
:1048100010010191016841F002010160016801F09D
:1048200002010191016841F001010160006800F09E
:10483000010001908020029003950497CDF8149018
:10484000CDF818B002A96E48FDF78EFD280202903F
:1048500003950497CDF81490CDF818B002A96948D3
:10486000FDF782FD694D68482860C5F804A0AF6077
:10487000EF602E616F61AF61EF61C5F820806F62FC
:104880002846FDF7AFFC08B1FCF794FDE563AC6387
:104890005D485E4D303060352860C5F804A040208A
:1048A000A860EF602E616F61AF61EF61C5F8208095
:1048B0006F622846FDF796FC08B1FCF77BFDA56307
:1048C000AC6307B0BDE8F08F514B9A4237D14B49EA
:1048D000091F0A6842F480220A60096801F48021F5
:1048E0000191016841F004010160006800F00400DA
:1048F00001904FF44060029003950497CDF8149016
:10490000CDF818B002A94348FDF72EFD3F4D4248AF
:10491000C0352860C5F804A0AF60EF602E616F61FC
:10492000AF61EF614FF4403028626F622846FDF7B7
:1049300059FC08B1FCF73EFDE563AC63C1E7374BBA
:104940009A42BED10A6842F020020A60096801F06A
:1049500020010191016841F040010160006800F010
:10496000400001904FF48440029003950497CDF8E5
:1049700014900820069002A92948FDF7F5FC22486A
:10498000284D603828604FF02069C5F80490AF606A
:10499000EF602E616F61AF618015E861C5F820801E
:1049A0006F622846FDF71EFC08B1FCF703FDE563C6
:1049B000AC6315481B4D183060352860C5F804906D
:1049C0004020A860EF602E616F61AF61EF61C5F8B4
:1049D00020806F622846FDF705FC08B1FCF7EAFC71
:1049E000A563AC63002205214720FDF745FE472063
:1049F000FDF734FE65E70000001001404438024036
:104A0000000402400000024088640240100F0020B1
:104A100000480040000802402860024000140140A5
:104A2000001802403010002090F84230202B01D0B6
:104A30000220704721B11AB10023036302F01CBCAD
:104A40000120704710B500680649884208D102F07D
:104A500011F8BDE810404C2203490448FFF7E4BFB9
:104A600010BD0000001001408C160020380E002000
:104A70007047000037B5044694F84100202801D063
:104A800002203EBD019959B352B32162A284E2844F
:104A900000206064212384F84130A56B114BEB6347
:104AA000A56B114B2B64A56B104BEB64A36B1865C6
:104AB00020681346001DA56B02462846FDF7FCFB47
:104AC00021686FF0400008602068143050E8001F33
:104AD00041F0800140E80012002AF5D100203EBDDF
:104AE00001203EBDCD6F00080F700008DF6E00088A
:104AF00070477047FEE700002748284990F84200B9
:104B0000012814D0652818D003281CD0672820D08D
:104B1000042824D0682828D005282CD0692830D033
:104B2000072834D06B2801D1488088807047012045
:104B3000488040F20110888070476520488040F22C
:104B40006510888070470320488040F203108880F9
:104B500070476720488040F26710888070470420C3
:104B600048804FF4827088807047682048804FF4F6
:104B7000B470888070470520488040F20510888016
:104B800070476920488040F269108880704707208C
:104B9000488088807047000010120020C003002069
:104BA000F0B40023002A18D90A24302537269C4661
:104BB000B4EB107F04D905EB107701F8137003E014
:104BC00006EB107701F81370000101EB430787F83B
:104BD00001C05B1CDBB29342EAD3F0BC704700001B
:104BE00010B50446044800F00FF82046BDE8104018
:104BF00088220149FFF73DBC881100208822014925
:104C0000FFF737BC881100202DE9F0470446002C3F
:104C100070D07D4D2068E8602079287405F1080780
:104C20003879A52866D10521204604F05DFC0128CD
:104C30005CD1B7F805100931204604F035FC012895
:104C4000F6D16079A17940EA01207881E11D40F236
:104C50000623A0F20622984271D023DC40F205130D
:104C60006A4EA0F205124FF000084FF00109984279
:104C700053D00EDC032841D004DC012829D00228BF
:104C800034D138E0A0F5807001383DD003282DD113
:104C90003DE0FC2A47D0FD2A59D0FE2A5FD0FF2AEA
:104CA00024D164E058488030052A74D008DC012AF9
:104CB00069D0022A75D0032A79D0042A16D179E066
:104CC000062A6BD0072A6AD0082A69D0FE2A0DD19D
:104CD00089E0086868614868A8610889A883887ABB
:104CE000A877387B000902D086F81C9082E086F80D
:104CF0001C807FE086E00878E8777BE0424820224D
:104D00002030FBF7A8FB75E00868286472E008888B
:104D100025F8440F8878A8706CE0088825F8470FBC
:104D20008878A87066E038480D224A30FBF793FB7C
:104D300097F84200642803D286F8159003E01EE03D
:104D400001D986F81580B7F84400708352E02E48E8
:104D50004FF0100200F15700FBF77DFB4AE00868B6
:104D600045F8670F486868608868A86042E008688E
:104D700045F8730F8888A8808879A8713AE0087888
:104D800085F87A0036E0086845F87B0F8888A880A7
:104D90008879A8712EE012E003E008E015E018E041
:104DA0001DE00A68C0F802208988C18022E00968F5
:104DB00081601FE00A68C260898801821AE0124897
:104DC00028229230FBF747FB14E0097880F83A106C
:104DD00010E00A6840F83B2F898881800AE0097852
:104DE00080F8411006E00A480A6802604A6842609A
:104DF00089688160B7F805000934015DA52901D1F2
:104E0000044404E7BDE8F087081200206811002080
:104E10009D1300202DE9F04106460F46144600255B
:104E2000DFF8488013E006EB850090ED000A0F489C
:104E300006F046FF002318F8030060602268500661
:104E4000FCD55B1CDBB2042BF5D36D1CADB2BD42AF
:104E5000E9D30020064A115C616021684906FCD54F
:104E6000401CC0B20428F6D3BDE8F081340600200F
:104E700038F800082DE9F04FDDE90BC8DDE90D9A9F
:104E8000DDE90967002404E0C4F1020B00F80B50CF
:104E9000641C032C02DA0D5D002DF5D110F8031F00
:104EA00062F302010170018863F389110180417886
:104EB00066F385014170818867F309018180B0F84C
:104EC00005106CF38C01A0F80510C18868F34F1130
:104ED000C180B0F8091069F38C01A0F8091041896C
:104EE0006AF34F114181BDE8F08F70EE600A90EDDA
:104EF000031AD0ED041A71EE611AB0EE081A20EE12
:104F0000010A80EE212A81ED002A90ED030AD0EDFE
:104F1000041A60EE810A30EE610A80EE801A81ED9B
:104F2000011A704701800021818001724180C18097
:104F3000018241610183418380F8201070470000A5
:104F40000FB410B50298A0F201209DF825109DF82D
:104F5000242041EA022100EBC00202EB00121B48B0
:104F600000EBC20041809DF827109DF8262041EA01
:104F7000022181809DF829109DF8282041EA022114
:104F8000C1809DF82A1001724188028A104B8C1A48
:104F90009C4203DA018B491C018305E0511A9942B6
:104FA00002DA018B491E01834188B0F9182001EB18
:104FB0004231416141880182418C491C4184012177
:104FC00080F8201010BC5DF814FB00005018002081
:104FD00090E8FFFF30B5039C050A25706070080A51
:104FE000A070E170100A20716271180AA071E3715B
:104FF00030BD0188818100EE101AB8EE400A80EDC4
:10500000070A0021018370470FB430B50398A0F25E
:1050100005202A4A52F820100B888B819DF8291010
:105020009DF8283041EA032152F8203019809DF87C
:105030002B109DF82A3041EA032152F8203009B2A2
:1050400059609DF82D109DF82C3041EA032152F84B
:105050002030198152F820309DF82E10997252F8A4
:1050600020100B888C891C1B154B9C4202DA0C8B80
:10507000641C0C8352F820108C890D88641B9C42A0
:1050800002DA0B8B5B1E0B8352F820100B88B1F9F0
:10509000184003EB443300EE103AB8EEC00A81ED3D
:1050A000070A52F820108B8C5B1C8B8452F820006E
:1050B000012180F8221030BC5DF814FB2004002090
:1050C0009CE6FFFF4161704730B5039C050A2570DF
:1050D0006070080AA070E170100A20716271180AED
:1050E000A071E37130BD3EB50446002C18D00020FD
:1050F000029060684169A26891434161FF2000907D
:10510000012301AA02A92068FEF744FDBDF80400AE
:10511000A08160684169A26811434161A0893EBDD8
:1051200005203EBD01604260836000218181818253
:105130007047000010B54FF480530E4A0E490F48D7
:10514000FFF7F0FF0E4C0D48012322460A49283094
:10515000FFF7E8FF09480223224607495030FFF7CE
:10516000E1FF06488023BDE81040064A0249783036
:10517000FFF7D8BF00040240500D0020B0170020F8
:10518000001402400020024010B52E482E4CB0F80A
:105190002203002843D02046FFF7A5FF012007F097
:1051A000ADFA04F12800FFF79EFF012007F0A6FAF0
:1051B00004F15000FFF797FF012007F09FFA04F178
:1051C0007800FFF790FF012007F098FAA08900EE21
:1051D000100AF8EE400A9FED1D0A80EE801A84ED59
:1051E000041AA08E00EE900AF8EE600A80EE801A93
:1051F00084ED0E1AB4F85C0000EE900AF8EE600A36
:1052000080EE801A84ED181AB4F8840000EE900A3B
:10521000F8EE600A80EE801A84ED221A10BD9FED30
:105220000C0A84ED040A84ED0E0A84ED180A84ED5C
:10523000220A0020A081A086A4F85C00A4F88400C3
:1052400010BD000050180020B017002000FF7F475D
:105250000000000010B50F480D49016003214160B6
:1052600000218160C1604FF4102202614FF40012EE
:105270004261017641768176C17601774177FCF70C
:105280009DFC002803D0BDE81040FCF793B810BD8A
:1052900000640040E00C002010B50F480D4901608B
:1052A0000321416000218160C1604FF4102202613E
:1052B0004FF400124261017641768176C176017722
:1052C0004177FCF77BFC002803D0BDE81040FCF7D9
:1052D00071B810BD00680040080D002008B51D48D9
:1052E000016841F480010160016801F480010091CE
:1052F000016841F400110160006800F400100090A2
:10530000002205210C20FDF7B7F90C20FDF7A6F9C6
:10531000002205213920FDF7AFF93920FDF79EF96C
:10532000002205214420FDF7A7F94420FDF796F956
:10533000002205214520FDF79FF94520FDF78EF954
:10534000002205214620FDF797F9BDE808404620D8
:10535000FDF784B93038024010B5C6B000222421D0
:10536000202008F02BFB3E4C20600022242140200E
:1053700008F024FB606000222421202008F01EFB9E
:10538000A0601C2237493FA8FBF7AAF800213FA8DC
:1053900007F0C1F920631C2232491C3138A8FBF701
:1053A0009FF8002138A807F0B6F9E0601C222D49CB
:1053B000383131A8FBF794F8002131A807F0ABF998
:1053C00020611C22274954312AA8FBF789F80021C3
:1053D0002AA807F0A0F960611C222249703123A895
:1053E000FBF77EF8002123A807F095F9E0611C2265
:1053F0001C498C311CA8FBF773F800211CA807F08E
:105400008AF920621C221749A83115A8FBF768F811
:10541000002115A807F07FF960621C221149C431F0
:105420000EA8FBF75DF800210EA807F074F9A06242
:105430001C220C49E03107A8FBF752F8002107A80D
:1054400007F069F9A0611C220649FC316846FBF7A8
:1054500047F80021684607F05EF9E06246B010BDEB
:1054600000000020B4F100082DE9F04387B01421BA
:1054700002A8FBF789F800244248016841F00201C4
:105480000160016801F002010191016841F04001F1
:105490000160016801F040010191016841F00101E2
:1054A0000160016801F001010191016841F008010A
:1054B0000160016801F008010191016841F00401F7
:1054C0000160016801F004010191016841F48071FB
:1054D0000160016801F480710191016841F02001CF
:1054E0000160016801F020010191016841F0800133
:1054F0000160006800F080000190234F00228021AD
:105500003846FDF719F8DFF8848000220321404671
:10551000FDF712F8DFF87890BE14002231464846B5
:10552000FDF70AF880200290012503950494059464
:1055300002A93846FCF718FF032002900395049453
:10554000059402A94046FCF70FFF02954FF40410A2
:105550000390049502A90F48FCF706FF02960395F5
:105560000494059402A94846FCF7FEFE0621002299
:105570000846FDF781F80620FDF770F807B0BDE892
:10558000F083000030380240002002400014024046
:10559000000402400018024010B586B0142101A892
:1055A000FAF7F2FF002400941A4819490160446098
:1055B000032181600721C160046144618461FEF7B9
:1055C0001FF908B1FBF7F6FE8DF804408DF8054091
:1055D0008DF8064004940594012201A90D48FEF7B8
:1055E000C9F908B1FBF7E6FE01208DF800008DF83F
:1055F00001008DF802008DF803400122694605483C
:10560000FEF76AF9002801D0FBF7D4FE06B010BD02
:1056100000280040300D002010B511480F490160EE
:105620004FF482714160002181604FF40062C260DA
:105630000222026101224261520282613822C26169
:105640000162416281620A21C162FEF70DFA0028FF
:1056500003D0BDE81040FBF7ADBE10BD00380040E0
:10566000500D002010B58EB000240A940B940C94B9
:105670000D94089409941C2101A8FAF785FF264887
:1056800024490160446084604FF6FF71C160046189
:105690008461FEF7C7FB08B1FBF78CFE4FF4805026
:1056A0000A900AA91C48FEF78BFC08B1FBF782FEA2
:1056B0001948FEF73EFE08B1FBF77CFE08940994FA
:1056C00008A91548FEF766FB08B1FBF773FE6020DA
:1056D0000190029403940594002201A90E48FEF75C
:1056E000BCFD08B1FBF766FE042201A90A48FEF7DB
:1056F000B4FD08B1FBF75EFE082201A90648FEF7DB
:10570000ACFD08B1FBF756FE0348FEF76BFD0EB08B
:1057100010BD0000000C0040A80D00201CB50024A6
:10572000009401940E480D4901605321416084604A
:105730004FF6FF71C16080218161FEF773FB08B1F4
:10574000FBF738FE0094019469460548FEF722FBFA
:10575000002801D0FBF72EFE1CBD00000010004009
:10576000F00D002010B50C480A4901604FF4E131FA
:10577000416000218160C16001610C224261816150
:10578000C161FEF7F1FF002803D0BDE81040FBF730
:1057900011BE10BD00100140380E002010B50D489C
:1057A0000B4901600C494160002181604FF40052B7
:1057B000C260D21002610C2242618161C161FEF7B8
:1057C000D3FF002803D0BDE81040FBF7F3BD10BDA8
:1057D00000480040800E0020A086010010B50C4853
:1057E0000A4901604FF4E131416000218160C160EC
:1057F00001610C2242618161C161FEF7B5FF0028A1
:1058000003D0BDE81040FBF7D5BD10BD001401402A
:10581000C80E002010B500220F49104802F006FC07
:1058200008B1FBF7C7FD0E490C4802F056FE08B15F
:10583000FBF7C0FD0B49094802F0B4F808B1FBF7CB
:10584000B9FD064802F01EFF002803D0BDE8104055
:10585000FBF7B0BD10BD0000B4040020C021002043
:105860008005002004050020FEE7000070B510EE62
:10587000102A6FF040434FF480051A440123F1EEE3
:10588000400AB0EE001AB0EE082AAA420BD200225B
:105890000A604B6070EEC10AC0ED000A30EE020AE9
:1058A00080ED010A70BD10EE102A304C4FF4000656
:1058B00014440222F7EE001AB4420AD20B604A6086
:1058C00070EEE10AC0ED000A30EE010A80ED010A37
:1058D00070BD10EE103A032413F1814F0DD8B5EED0
:1058E000C00AF1EE10FA08D20A604C60C0ED000A5E
:1058F00030EE210A80ED010A70BDB5EEC00A042326
:10590000F1EE10FA0DDB10EE102AB2F17E5F08DA2C
:105910000C604B6071EEC00AC0ED000A80ED010A18
:1059200070BD10EE102A0524A2F17E52B2420AD2B6
:105930000B604C6071EE400AC0ED000A30EE610A67
:1059400080ED010A70BD10EE102AA2F18042AA4239
:10595000F8D80C6006224A6072EE400AC0ED000AD8
:1059600030EE410A80ED010A70BD0000FFFF7F406C
:10597000FEE700000148FCF7F4BF0000BC3800203F
:1059800008B508F015FB0090084C094D0026A08CC6
:105990002988884202D184F82260A684A08C2880BD
:1059A0006421684607F0B0FDF1E70000901E00207A
:1059B000B00400209FED0A1A80ED001A80ED031A52
:1059C00080ED090AC0ED0A0AB7EE000A80ED070A69
:1059D00080ED081A80ED0B0A80ED011A7047000077
:1059E00000000000D0ED071AD0ED000A21EEA01A49
:1059F00080ED011AD0ED090A90ED032A41EE820AEA
:105A0000C0ED040AD0ED0A1A30EEA12AC0EE821AC7
:105A1000C0ED061A30EE412AB0EE410A01EE820ACC
:105A200080ED020AB7EE001A31EE611A61EE200A2B
:105A3000C0ED050AC0ED030A80ED000A70470000C2
:105A400070B504462068056C00EB4110D0F8081BC7
:105A50000C4EB54205D9090403D54FF40041C0F8F6
:105A6000081B2046FDF7E8FAB54208D9A0790128BD
:105A700005D104F29C420121206803F099F900202D
:105A800070BD00000A30544F2DE9F04105460C4628
:105A90002E68306C06EB4411D1F8083B95F806806F
:105AA0004FF400474FF0200C05F29C42B8F1010F73
:105AB00008D0DFF8B080404545D118043AD5C1F888
:105AC000087B4CE0284E5FEA037806D5B04246D901
:105AD000180444D5C1F8087B41E05FEA836802D529
:105AE000C1F808CB3BE013F0280F38D1B04204D9FD
:105AF000180402D5C1F8087B31E004EBC40005EBC3
:105B0000800000F51570D1F8101B036AC1F3120173
:105B1000591A416124B903693BB1C2681144C1609B
:105B2000E1B22846FCF70DFE19E00121286803F0D8
:105B30003FF9F5E7980601D5C1F808CBE1B2284650
:105B4000FCF7FFFD0BE034B9D5F8640218B9002169
:105B5000304603F02DF9E1B22846FCF7F2FD0020B3
:105B6000BDE8F0810A31544F0A30544F2DE9F84F07
:105B700080460E46D8F8007006EBC60008EB80049D
:105B80001434D4E90410884202D90120BDE8F88F0A
:105B9000081AA168814200D20846C01C4FEA900A48
:105BA00007EB461916E0151AA268AA4200D215465C
:105BB000E81C4FEA900A98F806000090ABB2F2B2E7
:105BC0003846E16803F05AFCE0682844E060606908
:105BD00028446061D9F8180980B2504505D3D4E94A
:105BE0000420904201D2002ADDD1D4E90401884288
:105BF00008D806F00F0101208840D7F834188143F7
:105C0000C7F834180020C1E710B50448FBF778F94D
:105C10000248BDE810405030FBF772B9D81E002092
:105C200010B5044684ED000AC4ED010A30EE601A96
:105C300084ED021AD4ED031A70EEE10AC4ED040AF1
:105C4000D4ED060A30EE600A84ED050AD4ED070AA9
:105C500060EE810AC4ED0B0AD4ED0C0A94ED082A1B
:105C600042EE010AC4ED0C0A71EE610A94ED091AC4
:105C700060EE810AC4ED0D0AD4ED0A0A20EE800A16
:105C800084ED0E0A94ED120A04F1300005F096FA44
:105C900094ED0B0AD4ED0C0A30EE200AD4ED0D0A77
:105CA00030EE200AD4ED0E0A30EE200A84ED0F0A01
:105CB00094ED100A04F13C0005F080FA94ED020A1C
:105CC00084ED030A94ED000A84ED060A94ED0F0AB0
:105CD00010BD000080ED070AC0ED080A80ED091A2A
:105CE000C0ED0A1A80ED102AC0ED112A80ED123A9B
:105CF0009FED0B0A80ED0B0A80ED0D0A80ED0C0A7A
:105D000080ED020A80ED030A80ED040A80ED050AA9
:105D100080ED0F0A80ED010A80ED000A7047000057
:105D20000000000070B504462DED028B0D46B0EE6C
:105D3000408AF0EE608AD4ED030A94ED020A284608
:105D4000FBF792FB84ED008AC4ED018A38EE681AF5
:105D500084ED021A94ED030A71EE400AC4ED040AC0
:105D6000D4ED060A78EE600AC4ED050AD4ED071AF0
:105D700095ED002A71EE821A61EE811AC4ED0B1ABC
:105D8000D4ED081A95ED012A31EE822AD4ED0C1AD1
:105D900042EE011AC4ED0C1AD4ED091A95ED022A4F
:105DA00038EEC00A71EE821A21EE800A84ED0D0AE7
:105DB00094ED0A0A20EE200A84ED0E0A94ED110AF1
:105DC000B4EEC01AF1EE10FA04DB9FED170A84ED71
:105DD0000C0A05E094ED120A04F1300005F0EEF92A
:105DE00094ED0B0AD4ED0C0A30EE200AD4ED0D0A26
:105DF00030EE200AD4ED0E0A30EE200A84ED0F0AB0
:105E000094ED100A04F13C0005F0D8F994ED010A74
:105E100084ED030A94ED000A84ED060A94ED0F0A5E
:105E2000BDEC028B70BD0000000000000FB40F48F5
:105E30009DF81C1001709DF81D109DF820209DF804
:105E40001E3041EA02619DF81F20120442EA03223B
:105E5000114341609DF821109DF8222011430181DA
:105E60009DF82310817204B070470000C02000200C
:105E700038B50D48017841F0010121F002010170AF
:105E80000A49B1F84C20A0F80120B1F85710A0F849
:105E90000310009006486123002244680648054923
:105EA0000068A04738BD00005804002010120020F0
:105EB000C8030020E00C00200800002008B500689E
:105EC00000909DED000A08BD002102E0491C0A383F
:105ED000C0B20A28FAD2090740EA116070472DE9DA
:105EE000F041044600252068C168490617D4C168FE
:105EF00041F08001C160FCF727FB06464FF47A7839
:105F0000042706E0FCF720FB801B404501D967779A
:105F100001252068C068400601D4012DF2D1284631
:105F2000BDE8F08170B5044600252068C16821F005
:105F30008001C16020688068800606D42046FDF795
:105F400079FD10B1042060770125284670BD2DE948
:105F5000F04FDDE90BC8DDE90D9ADDE909670024A2
:105F600004E0C4F1020B00F80B50641C032C02DAAD
:105F70000D5D002DF5D110F8031F21F03801083117
:105F800062F302010170018863F389110180417895
:105F900066F385014170818867F309018180B0F85B
:105FA00005106CF38C01A0F80510C18868F34F113F
:105FB000C180B0F8091069F38C01A0F8091041897B
:105FC0006AF34F114181BDE8F08F00002DED0A8B7F
:105FD00082B007F0EDFF0190504F40F26C789FEDDA
:105FE000509ADFED509A504CDFED50AA504DB6EE6E
:105FF00000AA9FED50BAF1EE08BA9FED4FCADFED4F
:106000004FCADFED4F8A4FF4AE794E4E9FED4E8A68
:1060100000F030FD786880473088404504D284ED38
:10602000079AC4ED099A1BE0A0F6756140F2CF72A1
:10603000914204D284ED079AC4ED099A10E041F62A
:10604000DC61884204D984ED079AC4ED099A07E01F
:106050009FED3E0A84ED070A9FED3D0A84ED090A93
:10606000C5ED07AA85ED08AA85ED09BAC5ED0ABAFE
:10607000384981ED07CAC1ED08CA9FED370A81EDA5
:10608000090AC1ED0A8AA0F5A052833A4A4506D80A
:1060900081ED078A9FED310A81ED090A30E0A0F514
:1060A0008052CD3AC72A06D281ED078A9FED2B0A8E
:1060B00081ED090A24E0A0F24162C72A06D281EDEF
:1060C000078A9FED260A81ED090A19E0A0F22D1238
:1060D000C72A06D281ED078A9FED200A81ED090AC1
:1060E0000EE06438B0F5FA5F06D981ED078A9FEDBE
:1060F0001B0A81ED090A03E09FED190A81ED070AE9
:1061000018488068804718480068804706F0E6FF16
:10611000022101A807F0F8F97AE700004004002006
:106120000000614400805444D81E0020008089444F
:10613000781F002000806D440AD7233EACC5273766
:1061400000000000901E00200AD7A33D00408344B9
:1061500000007A44C81F00200AD7233C8FC2F53CB8
:10616000CDCCCC3D78000020500400202DED068BD6
:1061700090B04FF4967007F09FF9FE48012600F1A9
:106180000D010F910F310E910F310D910F310C91C7
:106190000F310B910F316730CDE90901F7484FF00E
:1061A0000F0BF54C4FF0080A089007F001FF07901D
:1061B0000A2107A807F0A8F9F14D2888401C80B2F1
:1061C00028804FF47A71B0FBF1F201FB120008B99C
:1061D00020688047288840F22D11B0FBF1F201FBC6
:1061E0001201F9B140F23711B0FBF1F201FB1201DB
:1061F00000297CD040F24111B0FBF1F201FB120109
:10620000002975D040F27311B0FBF1F201FB1201CD
:1062100000296ED01521B0FBF1F201FB120000281D
:1062200068D0C4E24FF4027002254FF487614FF446
:1062300052720095CDE90220CDE9041001956769FD
:1062400000230122CFA1D048B8474FF4F07040F2AC
:10625000294140F257320095CDE90220CDE90410E2
:106260000195C948676900230122C8A10F30B847CA
:106270004FF4DC7040F21A4140F266320095CDE9ED
:106280000220CDE904100195BF486769002301226F
:10629000BFA11E30B8474FF4C87040F20B4140F226
:1062A0007F320095CDE90220CDE904100195B64872
:1062B000676900230122B7A12D30B8474FF47070F1
:1062C0004FF42A72CDE902024FF4A0710095CDE996
:1062D00004010195AC48656900230122AEA13C3060
:1062E000A847A949A2680D39052090475DE702E05B
:1062F0001BE02FE0E2E01E200523CDE90330A0499A
:1063000040F252321031CDE905210022CDE90020C2
:106310001C210291E56A03230122A0A1A048A847FD
:106320009F480D3801F0E0F83FE76420C10002010A
:106330000323CDE900A3CDE902210490256A0123BE
:106340001A4698A19848A8479749A2680D39012094
:1063500090472AE796204FF40C71CDE90210CDE961
:1063600004101E200227CDE90070656901231A463A
:106370008EA10F98A8474FF0C8084FF496600525E6
:10638000CDE904081820CDE90275CDE900A0D4F8C4
:1063900028C09FED870A01231A4686A10E98E04780
:1063A0004FF01409CDE900A9CDE9035840F252306D
:1063B000059081480296D4F828C0407C012300EE65
:1063C000100A1A467DA1B8EE400A0D98E047CDE9C3
:1063D00000A9CDE9035840F22A300590764802968C
:1063E000D4F828C0B0F90400012300EE100A1A46C0
:1063F00073A1B8EEC00A0C98E0474FF0070940F2CD
:10640000FD20CDE900ABCDE90309CDF80880D4F833
:1064100020C001231A466BA10B98E04740F2DA2016
:10642000CDE900ABCDE90309CDF80880D4F820C050
:1064300001231A4664A10A98E0479FED649BB0EEE1
:10644000490AF0EE690A04F0B3F99FED628B51EC52
:10645000100B53EC182B08F0C3FA9FED601B53ECA4
:10646000112B07F0A9FF08F027FA8046B0EE490A81
:10647000F0EE690A03F004FB53EC182B51EC100BFF
:1064800008F0AEFA9FED571B53EC112B07F094FF69
:1064900008F012FA4FF448714A00CDE90408CDE93A
:1064A0000221CDE90075656901231A464FA10998BB
:1064B000A847A2682F490720904776E64C48807A83
:1064C00000EE100AB8EE400ADFED4A0A60EE200A3C
:1064D0009FED491A2A4880EE810A80ED010A962034
:1064E000DFED460AB2EE001A4FF40C7140EE010ADD
:1064F000CDE902104FF002094A46BDEEE00A2BA199
:106500008DED040A05901E20CDE9009065690123F8
:106510000F98A847C8254FF49660CDE904051820C8
:10652000CDE900A04FF00508CDE902681448A76A3C
:10653000012390ED010A02221EA10E98B8471E4FBA
:10654000387DA8B12E49B1F90410B1F5FA6F02DA1D
:1065500011F5FA6F79DC40F25230CDE90450142085
:10656000CDE90268CDE90060787C00EE100A49E0D0
:1065700053E00000511400208C0300201C15002063
:106580008404002030303100041400203030320008
:1065900030303300303034003030350030303600A9
:1065A000D614002030303700B913002031303100CC
:1065B000000000003130320068110020313033001B
:1065C0003130340031303500313036000000000009
:1065D0000000000000000000000059400000000022
:1065E0000000894000000000000099403130370071
:1065F000C02000200000C84200007F4300000C447F
:10660000B81E0020B8EE400AD4F828C001230222A8
:10661000AFF258010D98E0472FE040F25230CDE93B
:1066200004501420CDE90268CDE900A0787CD4F8AC
:1066300028C000EE100A01230222B8EE400AAFF291
:1066400084010D98E04718E0FFE7012815D140F2DA
:106650005230CDE904501420CDE90268CDE9009014
:10666000787CD4F828C000EE100A01230222B8EE8C
:10667000400AAFF2B8010D98E04740F22A30CDE968
:1066800004501420CDE900A0CDE902687948D4F87F
:1066900028C0012390ED050A0222AFF2DC010C981C
:1066A000E047B87C01287DD040F2FD21CDE90251C0
:1066B0000720CDE900AB0490D4F820C001230222CA
:1066C000AFF200110B98E047F87C01286BD040F244
:1066D000DA21CDE902510720CDE900AB0490256A0B
:1066E00001230222AFF220110A98A847624F38888E
:1066F00000EE100AB8EE400ADFED609A60EE290A5B
:106700009FED5FAA9FED5F9AB0EE490A10EE8A0AEC
:1067100010EE100A08F05AFC41EC100B04F048F897
:106720001FED548B51EC100B53EC182B08F058F95B
:106730001FED561B53EC112B07F03EFE08F0BCF882
:106740000546388800EE100AB8EE400A20EE290A05
:1067500010EE0A9A19EE100A08F038FC41EC100B02
:1067600003F08EF953EC182B51EC100B08F038F9AC
:106770001FED641B53EC112B07F01EFE08F09CF874
:10678000CDE900984FF448714A00CDE90405CDE900
:106790000221656901230222AFF2B0110998A847CE
:1067A000A26801E02BE03BE0374907209047374AD9
:1067B0001B211088B0FBF1F301FB130000287FF4CC
:1067C00095AD3349506888423ADC02F108004FF435
:1067D00061720423CDE903324FF42F71CDE9051026
:1067E0001820CDE9010A00210091E56A0323012266
:1067F00028A10898A847E16827488847D5E440F2CF
:10680000FD20CDE9009BCDE9025007210491D4F889
:1068100020C001230222AFF254210B98E04753E736
:1068200040F2DA21CDE9009BCDE902510720049026
:10683000256A01230222AFF270210A98A84755E782
:106840004FF4617204231148CDE9033208304FF44C
:106850002F71CDE905101820CDE9010A0021009122
:10686000E56A03231A460BA10898A847E1680A487D
:1068700088479AE470170020901E0020DB0FC94063
:1068800000000039DB0F493F511400208404002030
:1068900000004842343034000F15002008B507F0DE
:1068A00087FB0090FEF770FC0A21684606F02CFE7C
:1068B000F8E700007CB504460E4615463346012233
:1068C00002212046009500F033F828B1606D40F0B9
:1068D0002000606503207CBD134814490068B0FBAC
:1068E000F1F04FF47A71484301906068B0F5827F0F
:1068F0000DD13346002280212046009500F018F883
:1069000078B1606D40F02000606503207CBD019887
:1069100038B10198401E019020688068C04300068D
:10692000F5D500207CBD00001805002000366E0162
:106930002DE9F84304460F4691461E46089DFBF795
:1069400003FE401B351AFBF7FFFD80462648006812
:10695000C0F3CB30684300903AE0701C38D0FBF7AE
:10696000F3FDA0EB0800A84203D215B1009858B37C
:106970002BE02068416821F0E00141606068B0F5DB
:10698000827F0BD1A068B0F5004F02D0B0F5806FC8
:1069900004D12068016821F040010160A06AB0F5CF
:1069A000005F09D12068016821F40051016020686E
:1069B000016841F4005101600120503460700020F2
:1069C00020700320BDE8F88300250098401E009049
:1069D0002068806837EA000004D000204845BCD118
:1069E0000020EFE70120F9E71805002070B51B4CE7
:1069F0002578657098222178435C412B20D14B1C6F
:106A0000B3FBF2F602FB1633C35C782B18D18B1C58
:106A1000B3FBF2F602FB1633C35CFF2B10D1CB1C89
:106A2000B3FBF2F602FB1633C35C062B08D101F16F
:106A30004B03B3FBF2F602FB1633C35C6D2B0BD09A
:106A4000491CC9B22170982901D3002121702178F5
:106A5000A942D0D1982070BD207870BD15040020C7
:106A60004C2202490248FDF704BD00008C160020AC
:106A7000380E002070B51A48FFF7B8FF194EB070F5
:106A800098282CD2164C4C3C20441830FFF716FAAC
:106A900004F1E40585ED030AB07820441C30FFF7CB
:106AA0000DFA85ED040AB07820442030FFF706FA8D
:106AB00085ED050AB07820443A30FFF7FFF985EDFF
:106AC000000AB07820443E30FFF7F8F985ED010A5E
:106AD000B07820444230FFF7F1F985ED020A70BD2D
:106AE000D81600201504002010B5502080F311881E
:106AF000BFF34F8FBFF36F8F07F060FA18B10449EF
:106B00004FF080500860002080F3118810BD000015
:106B100004ED00E030B593B0302107A8F9F734FD5B
:106B2000142102A8F9F730FD00251F48016841F043
:106B300080510160006800F0805001901B4801689E
:106B400041F480410160006800F480400190092018
:106B500007904FF48030089001200C9002240D948F
:106B600080050E9006200F90A82010901194072009
:106B7000129007A8FCF764FC08B1FAF71BFC0F2081
:106B80000290039404954FF4A05005904FF4805068
:106B90000690052102A8FCF733FB002801D0FAF784
:106BA00009FC13B030BD00004038024000700040C6
:106BB0000248016841F470010160704788ED00E00F
:106BC0000148FDF772BA0000F01000202DE9F041F5
:106BD00002682A4D2A4E2B4FDFF8ACC02B4B4FF0EA
:106BE0008048A84209D0404507D0B04205D0B842FD
:106BF00003D0604501D0984203D122F070044A6866
:106C00002243A8421BD0404519D0B04217D0B84209
:106C100015D0604513D0984211D01D4CA0420ED023
:106C20001C4CA0420BD01C4CA04208D01B4CA042D4
:106C300005D01B4CA04202D01A4CA04203D122F432
:106C40004074CA6822434C6922F0800222430260E9
:106C50008A68C2620A688262A84201D0984201D161
:106C600009690163012141610169C90703D0016913
:106C700021F001010161BDE8F08100000000014048
:106C80000004004000080040000C004000040140E7
:106C9000004001400044014000480140001800400D
:106CA000001C00400020004010B501F01F0101232E
:106CB0008B40046A9C430462036A8A401343036264
:106CC00010BD10B5846824F47F4442EA03220A43CD
:106CD0002243826010BD826822F070020A4342F0B3
:106CE0000701816070470000F0B5056A026A22F072
:106CF000010202624368826922F0700222F00302FC
:106D00000C68144325F002058A682A430E4E0F4F83
:106D1000B04201D0B84205D122F00805CA682A4322
:106D200022F00402B04201D0B84207D123F48073AC
:106D300023F400734D691D438B692B4343608461C9
:106D4000496841630262F0BD000001400004014057
:106D5000F0B5026A036A23F0100303624368846992
:106D600024F4E04424F440740D6844EA052422F03D
:106D700020028D6842EA0512104D114EA84201D042
:106D8000B04206D122F08002CF6842EA071222F018
:106D90004002A84201D0B04209D123F4806323F419
:106DA00000634D6943EA85038D6943EA85034360C7
:106DB0008461496881630262F0BD00000000014007
:106DC00000040140F0B5026A036A23F48073036291
:106DD0004368C46924F0700424F003050C682C4354
:106DE00022F400728D6842EA0522104D104EA8422E
:106DF00001D0B04206D122F40062CF6842EA0722F5
:106E000022F48062A84201D0B04209D123F4805319
:106E100023F400534D6943EA05138D6943EA0513D2
:106E20004360C4614968C1630262F0BD0000014073
:106E30000004014030B5036A026A22F48052026203
:106E40004268C46924F4E04424F440740D6844EAC0
:106E5000052423F400538D6843EA0533084DA84206
:106E600002D0084DA84204D122F480424D6942EA82
:106E700085124260C46149680164036230BD00004C
:106E8000000001400004014010B5036A046A24F0C8
:106E900001040462846924F0F00444EA021423F03B
:106EA0000A020A438461026210BD10B5036A046AD3
:106EB00024F010040462846924F4704444EA023229
:106EC00023F0A00343EA01118261016210BD10B5F5
:106ED000806B0021C185C184FDF72CFB10BD70B50E
:106EE000846B20684069C0F3C01094F841100025FD
:106EF000212904D118B1E584204600F0C1F82068AA
:106F00004069C0F3801094F84210222904D118B1CE
:106F1000E585204600F080F8606C40F01000606469
:106F20002046FDF707FB70BD10B50146886B096868
:106F300009684FF00003C9052ED4C38501680C31E0
:106F400051E8002F22F4807241E80024002CF5D192
:106F50000168143151E8002F22F0010241E80024B9
:106F6000002CF5D10168143151E8002F22F04002C5
:106F700041E80024002CF5D1202180F84210016B5B
:106F8000012909D101680C3151E8002F22F01002CB
:106F900041E80024002CF5D14363016B012902D0A4
:106FA000FDF750FD10BD818DFDF78EFA10BD10B5B7
:106FB000806B01214163016B012902D0FDF758FD6F
:106FC00010BD818D4908FDF77FFA10BD10B501464F
:106FD000886B09680968C90516D40021C184016855
:106FE000143151E8002F22F0800241E80023002BE9
:106FF000F5D101680C3151E8002F42F0400241E820
:107000000023002BF5D110BDFDF772FD10BD10B5AA
:10701000806BFDF76EFD10BD01680C3151E8002F4B
:1070200022F4907241E80023002BF5D1016814315D
:1070300051E8002F22F0010241E80023002BF5D196
:10704000016B012909D101680C3151E8002F22F0B0
:10705000100241E80023002BF5D1202180F84210D6
:1070600000210163704710B50168CA6822F0400230
:10707000CA60202180F84110FDF73AFD002010BDC4
:1070800001680C3151E8002F22F0C00241E80023D2
:10709000002BF5D1202180F84110704708B590F8F9
:1070A0004210222901D0022008BD82684FF480538B
:1070B0009A4201D1016921B1816A9A421DD052B12F
:1070C0000BE0816A02685268C2F308020A80816A92
:1070D000891C816209E002697AB10268526802F093
:1070E0007F020A70816A491C8162C18D491E0904B0
:1070F000090CC18505D0002008BD026852680A70DD
:10710000F0E70168CA6822F02002CA600168CA6814
:1071100022F48072CA6001684A6922F001024A6161
:10712000202180F8421000214163026B012A03D024
:10713000FDF788FC002008BD016301680C3151E8AF
:10714000002F22F0100241E80023002BF5D1016846
:107150000A68D20602D50A6849680091818DFDF758
:10716000B3F9E7E72DE9F041044620680169E268D8
:1071700021F4405111430161A1682069E269014392
:107180006069104301432068C26849F20C639A4366
:107190000A43C26020684169A26921F44071114329
:1071A000416133492068884202D03249884202D185
:1071B000FCF700F901E0FCF7EDF8E169002319277D
:1071C00064253226B1F5004F28D061688B0F8A0004
:1071D000A0FB0701F9F7C8F80146B0FBF5F07A42C9
:1071E000504301EB800006EB0010B0FBF5F000F01F
:1071F000F002B1FBF5F002EB0012B1FBF5F07B42BF
:10720000584301EB800006EB0010B0FBF5F021685D
:1072100000F00F0010448860BDE8F08161684A18F2
:10722000A0FB07015B41F9F79FF80146B0FBF5F0C1
:107230000201B1FBF5F06FF01803584301EB800039
:1072400006EBC000B0FBF5F000F0F80002EB4002E6
:10725000B1FBF5F0584301EB800006EBC000B0FB3A
:10726000F5F0216800F0070010448860D4E70000C2
:10727000001001400014014037B582B004461346A7
:10728000039AA262A38500206064222184F8421040
:10729000E56B1B49E963E56B1A492964E56B1A49FB
:1072A000E964E16B08652168E06B091DFBF704F8F0
:1072B0002068016840680190206948B120680C305E
:1072C00050E8001F41F4807140E80012002AF5D117
:1072D0002068143050E8001F41F0010140E800121E
:1072E000002AF5D12068143050E8001F41F0400119
:1072F00040E80012002AF5D105B0002030BD0000A2
:10730000296F0008AF6F0008DF6E000890F8411089
:10731000212901D0022070478168B1F5805F01D139
:10732000016961B1016A4A1C026202680978516010
:10733000C18C491E0904090CC1840AD013E0016AFA
:1073400002680988C1F308015160016A891C016261
:10735000EEE70168CA6822F08002CA600068C1686E
:1073600041F04001C16000207047000070B5044644
:10737000A52020700820A4F80100134D2878E070A3
:10738000FF2204212046FAF75BF9641D04F8010C82
:1073900040F2013020804FF4807060806888A080C7
:1073A000A888E080641F4FF6FF7202212046FAF79A
:1073B00021F9A4F80F00112221460448FDF75AFBD9
:1073C0002878401C287070BDC0030020C80E002023
:1073D0002DE9F04105460C46A5202070C5EB0510AF
:1073E000801DA4F801003E4F3878E070FF22042190
:1073F0002046FAF725F9207140F20130A4F8050083
:10740000012D06D0022D09D0052D0CD0072D13D14A
:107410000EE040F20111A4F807100DE04FF4817165
:10742000A4F8071008E040F20311A4F8071003E0E5
:107430004FF48271A4F807107988A4F80910B9886C
:10744000A4F80B104FF6FF72012D06D0022D0BD0C1
:10745000052D11D0072D17D01DE026461C213046E2
:10746000FAF7C8F8B08316E026462B213046FAF723
:10747000C1F8A6F82B000EE0264658213046FAF750
:10748000B9F8A6F8580006E0264676213046FAF705
:10749000B1F8A6F87600012D06D0022D0AD0052DF0
:1074A0000ED0072D12D016E01E2221460D48FDF702
:1074B000E1FA10E02D2221460A48FDF7DBFA0AE046
:1074C0005A2221460748FDF7D5FA04E078222146E2
:1074D0000448FDF7CFFA3878401C3870BDE8F081D9
:1074E000C0030020C80E002070B50446A5202070FF
:1074F0003320A4F80100134D2878E070FF22042106
:107500002046FAF79DF8641D04F8010C40F20130A2
:1075100020804FF4887060806888A080A888E08010
:10752000641F4FF6FF7244212046FAF763F8A4F86F
:107530004400462221460448FDF79CFA2878401C66
:10754000287070BDC0030020C80E002010B51E2199
:107550001348F8F7F7FF46211248F8F7F3FF1048F1
:107560002D211E30F8F7EEFF0D485A214B30F8F769
:10757000E9FF0B487821A530F8F7E4FF09484621D8
:107580008C38F8F7DFFF074846214638F8F7DAFF6E
:1075900004481121BDE810404630F8F7D3BF000081
:1075A000AC130020551500200148FCF7C5BF0000B2
:1075B000C80E002070B5D0F8C822D0F8D43200EB45
:1075C0008303D3F8C032002B28D001F00F0C0CEB52
:1075D0008C0400EB84050026AC6954B10CEBCC0C98
:1075E00002EB8C02D2F81CC0B4FBFCF20CFB124282
:1075F000B2B1C3F81462D0F8D42200EB8200D0F804
:10760000C402D0F810C0BCF1000F05D00A4603F543
:107610000471D3F80802E047002070BD032070BD5C
:10762000AE6100231A4600F036FFF5E770B5044658
:10763000D4F8D40204EB8000D0F8C052002D12D050
:10764000204600F001FEC5F80C02D4F8D412D5F89B
:10765000040204EB8101D1F8C412CA6805F5037174
:107660009047002070BD032070BD000070B5044637
:10767000224D2046297800F0F6FC2878002600F0FC
:107680000F0000EB800004EB8000868469782046C0
:1076900000F0E9FC687800F00F0000EB800004EBDC
:1076A0008000A0F86461A978204600F0DCFCA8788E
:1076B00000F00F0000EB800004EB80008684C6849D
:1076C000D4F8D40204EB8000D0F8C01299B1D0F8FD
:1076D000C40240688047D4F8D40204EB8000D0F89C
:1076E000C00201F06AF9D4F8D40204EB8000C0F8BB
:1076F000C062C4F8BC62002070BD00002C050020F0
:1077000010B5D0F8D41200EB8100D0F8C042002CA4
:1077100010D0D0F8C41259B194F80002FF2807D055
:107720008B6894F8012221469847FF2084F80002D4
:10773000002010BD032010BD0A21018000487047C1
:107740003005002070B5064682210C4800F0E4FBAD
:1077500005460121094800F0DFFB04468121074866
:1077600000F0DAFB0DB11021A971402104B1A18014
:1077700000B1818043203080004870BD3C0500206E
:1077800070B5064682210D4800F0C6FB0546012172
:107790000A4800F0C1FB04468121084800F0BCFB08
:1077A0000DB11021A9714FF4007104B1A18000B195
:1077B000818043203080014870BD00003C050020DE
:1077C00070B5064682210C4800F0A6FB0546012153
:1077D000094800F0A1FB04468121074800F09CFB0A
:1077E0000DB11021A971402104B1A18000B18180A7
:1077F00043203080004870BD3C0500202DE9F04753
:1078000004464FF4077001F0D9F805464FF0000820
:10781000002D63D04FF407712846F8F7B5FED4F871
:10782000D40204EB8000C0F8C052C4F8BC52207CE3
:107830000127494E4FF01009002858D0402302225A
:107840003178204600F06EFD307800F00F0000EB3C
:10785000800004EB80008784402302227178204658
:1078600000F060FD707800F00F0000EB800004EB8A
:107870008000A0F86471B07800F00F0000EB800089
:1078800004EB8000A0F8269008230322B17820465C
:1078900000F048FDB07800F00F0000EB800004EB32
:1078A00080008784C5F80482D4F8D40204EB8000F9
:1078B000D0F8C40200688047C5F81482C5F8188261
:1078C000D5F80422002A3CD0207CC8B3402371782C
:1078D000204600F033FD0020BDE8F087D4F8D40244
:1078E00004EB8000C0F8C0820220BDE8F0874FF4AE
:1078F000007302223178204600F014FD307800F049
:107900000F0000EB800004EB800087844FF40073CD
:1079100002227178204600F005FD707800F00F001B
:1079200000EB800004EB8000A0F86471B07800F0F8
:107930000F0000EB800004EB8000A0F82690A3E786
:1079400002E00220BDE8F0874FF400737178204612
:1079500000F0F4FCBFE700002C05002010B5D0F8C3
:10796000D41200EB8101D1F8C01200290CD0027CA6
:10797000DFF82CC052B1D1F8042240239CF801104A
:1079800000F0DCFC002010BD032010BDD1F8042263
:107990004FF400739CF8011000F0D0FCF2E70000F7
:1079A0002C050020002907D0D0F8D42200EB82005B
:1079B000C0F8C4120020704703207047D0F8D422CA
:1079C00000EB8200D0F8C002002803D0C0F80412F7
:1079D0000020704703207047D0F8D43200EB8300BA
:1079E000D0F8C002002805D0C0F80812C0F8102254
:1079F0000020704703207047F0B583B006460C4660
:107A0000D6F8D40206EB8000D0F8C07200210291B3
:107A100001910025002F0DD0217811F060023BD09C
:107A2000202A0AD02146304600F0C9F8032503B0C9
:107A30002846F0BD03B00320F0BDE28812B311F078
:107A4000800F10D0D0F8C40294F801C03946836882
:107A500060469847E288072A00D90722394630460F
:107A600000F0D3F8E3E7607887F80002E088402868
:107A700000D34020C2B287F801223946304600F0D8
:107A8000AAF8D4E7D0F8C40294F801C000228368B1
:107A9000214660469847CAE7607858B10128C6D0A9
:107AA0000A2817D00B2825D02146304600F087F849
:107AB0000325BCE796F89C02032805D021463046F2
:107AC00000F07DF80325B2E7022201A9304600F05C
:107AD0009CF8ACE796F89C02032805D02146304676
:107AE00000F06DF80325A2E7012202A9304600F05C
:107AF0008CF89CE796F89C02032898D021463046E3
:107B000000F05DF8032592E710B5D0F8D41200EB31
:107B10008101D1F8C0220121002A03D0D2F8143209
:107B200013B117E0032010BD0121C2F814120A4955
:107B3000D2F810C2097801F00F0303EB830300EBC6
:107B40008303C3F818C0D2F81032D2F8082200F02C
:107B5000A2FC0021084610BD2C05002010B5002411
:107B6000D0F8B8225268904700B10324204610BDD7
:107B700090F89C22012A05D0022A03D0032A01D0C2
:107B800000F01DB84988012904D10021C0F8A412D1
:107B900000F048B87047002070470020704710B5CB
:107BA00013460A46002100F0C9FB002010BD10B5A5
:107BB00013460A46002100F06EFC002010BD10B5EF
:107BC00004468021204600F047FC2046BDE81040D6
:107BD000002100F041BC10B50323C0F89432C0F876
:107BE0005821C0F85C2113460A46002100F0A6FB8C
:107BF000002010BD10B50521C0F8941200231A46CC
:107C0000194600F09BFB002010BD10B50223C0F800
:107C100094328261C26113460A46002100F03BFCA7
:107C2000002010BD10B50421C0F8941200231A469C
:107C3000194600F030FC002010BD000010B50028EF
:107C400006D00A46054906A000F0B2F9034810BD67
:107C50000A46024902A000F0ABF9F7E79C24002095
:107C600043444320436F6E6669670000122008801A
:107C700000487047D404002010B5002806D00A46FA
:107C8000054906A000F094F9034810BD0A460249D0
:107C900002A000F08DF9F7E79C2400204344432024
:107CA000496E746572666163650000000420088097
:107CB00000487047D004002010B50A46024903A0CE
:107CC00000F076F9004810BD9C24002053544D6903
:107CD00063726F656C656374726F6E6963730000C5
:107CE00010B5002806D00A46054906A000F060F944
:107CF000034810BD0A46024902A000F059F9F7E70F
:107D00009C24002053544D3332205669727475619F
:107D10006C20436F6D506F727400000010B51A2014
:107D20000880F9F79BFC014810BD0000E804002022
:107D3000CA88012A01D0FFF742BF90F89C22012A8D
:107D400005D0022A03D0032A08D0FFF738BF00214C
:107D50008160012200F10801FFF757BF0122011DD8
:107D6000FFF753BF2DE9F84304460F46002000906B
:107D7000002600257888010A082970D2DFE801F082
:107D8000AB040C22ABAB8B9AD4F8B412207C0A68FB
:107D9000694690470646A3E0207C4FF0020840B1B8
:107DA000D4F8B802C16A68468847064686F801805A
:107DB00096E0D4F8B802816A68468847064686F895
:107DC00001808DE0C0B206285FD2DFE800F0031228
:107DD00021303F4FD4F8B402426822B1207C69467A
:107DE000904706467CE039462046FFF7E8FE01252D
:107DF00076E0D4F8B402826822B1207C69469047CC
:107E000006466DE039462046FFF7D9FE012567E0BA
:107E1000D4F8B402C26822B1207C69469047064675
:107E20005EE039462046FFF7CAFE012558E0D4F847
:107E3000B402026922B1207C6946904706464FE0B1
:107E400039462046FFF7BBFE012549E0D4F8B402CD
:107E500042692AB1207C69469047064640E03AE0F4
:107E600039462046FFF7ABFE012539E0D4F8B402CD
:107E7000826922B1207C69469047064630E0394647
:107E80002046FFF79CFE01252AE039462046FFF7F1
:107E900096FE012524E0207C28B139462046FFF7D4
:107EA0008EFE01251CE0D4F8B802416B6846884775
:107EB000064615E0207C28B139462046FFF77FFEB4
:107EC00001250DE0D4F8B802016B684688470646E4
:107ED0000721717004E039462046FFF770FE012546
:107EE000002D0CD1FA8892B1BDF8000048B1824251
:107EF00000D90246009231462046FFF786FEBDE8D3
:107F0000F88339462046FFF75AFEBDE8F88320463D
:107F1000FFF788FEBDE8F88378B50E4605460024D5
:107F20006A88297828468A4212D900918A420FD954
:107F3000694600F01BF84178052904D10446A17870
:107F4000B14205D000246988BDF800209142EFD8E5
:107F5000204678BD00210278002A05D0491CC9B20C
:107F6000401C0278002AF9D1084670470A88037835
:107F70001A440A8001780844704790F89C22012A2C
:107F800005D0022A03D0032A01D0FFF718BECA8801
:107F9000022A01D0FFF713BE0121C160D0F8A4125C
:107FA00009B10321C160022200F10C01FFF72DBECF
:107FB00070B50D461646002825D004462046FFF72A
:107FC000C9FF022101EB4000B0F5007F01D9080292
:107FD00004E02046FFF7BEFF4000801C3080307870
:107FE0002870032068700220217800290BD000211E
:107FF00022782A54641C401CC0B22954401CC0B2D0
:108000002278002AF4D170BD01460020002906D054
:10801000012905D0022905D0032905D00320704786
:1080200003207047012070470320704700280FD0BD
:108030000023C0F8B832C0F8C432C0F8D03209B159
:10804000C0F8B412012180F89C12027000F000B94F
:108050000320704710B5D0F8C802FAF7B3FBBDE8AB
:108060001040FFF7D1BF10B5D0F8C802FAF786FB71
:10807000BDE81040FFF7C8BF70B504460B469446F4
:10808000002B09D043F080012046FFF784FDFF2834
:108090005ED000284CD05BE004F11400D4F89412B8
:1080A000002502293BD18268C1688A420CD9521A44
:1080B000826061462046FFF77AFD00231A46194682
:1080C000204600F03BF92AE0914214D140688842F2
:1080D00011D3D4F8981288420DD2002211462046BE
:1080E000FFF765FDC4F8985200231A46194620464A
:1080F00000F024F913E094F89C02032808D1D4F886
:10810000B802C16821B1C4F8D452C168204688477A
:108110008021204600F0A0F92046FFF76BFD94F87F
:10812000A00220B1204600F0F5F984F8A0520FE03B
:1081300094F89C1203290BD1D4F8B8124A693AB1C9
:10814000C4F8D4024A69194620469047002800D155
:10815000002070BD10B504460B4694460022002B4B
:1081600009D003F07F012046FFF715FDFF2857D007
:10817000002840D054E004F5AA70D4F894120329E2
:108180004ED1C268816891420AD98A1A8260C06859
:10819000824200D3024661462046FFF700FD3FE0E1
:1081A00094F8AA0210F01F0006D0012806D0022879
:1081B0000AD0002070B11AE00020FBE794F8AE125C
:1081C0002046FFF7EAFCF5E794F8AE122046FFF7E9
:1081D000E2FCEFE794F89C12032908D1D4F8B81216
:1081E0000A6922B1C4F8D4020969204688472046AA
:1081F000FFF718FD14E094F89C1203290DD1D4F870
:10820000B812D1F818C0BCF1000F06D0C4F8D402DF
:108210008A6919462046904702460AB1104610BDA9
:10822000002010BD0020704710B50024012180F807
:108230009C12D0F8B822002A04D0526801799047E5
:1082400000B10324204610BDD0F8C802FAF7E6BA00
:1082500010B50178002927D11449C1F8E004C0F80D
:10826000C8124FF0A0400860042008710222CA71B1
:10827000002088714A728872C87208738873C87344
:108280000846FAF7FAFD08B1F9F794F88021074893
:10829000FAF725FA402200210448FAF724FA80224E
:1082A00001210248FAF71FFA002010BDBC38002057
:1082B00011F0800F01F07F01D0F8C80201EBC1017D
:1082C00000EB810001D0807D704790F85602704726
:1082D00010B5D0F8D42200EB8202D2F8B822002ADE
:1082E00004D090F89C32032B02D004E0032010BD90
:1082F000126A02B19047002010BD10B5D0F8D42208
:1083000000EB8202D2F8B822002A04D090F89C3206
:10831000032B02D004E0032010BD526A02B1904743
:10832000002010BD10B59C461346D0F8C802624626
:10833000FAF77DFABDE81040FFF766BE10B5D0F839
:10834000C802FAF7A4FABDE81040FFF75DBE2DE9B8
:10835000F04104460025012684F89C620020C4F800
:1083600094026060C4F8A40284F8A002D4F8B802B1
:10837000002806D0426822B100212046904700B173
:1083800003250022402311462046FFF7CBFFA4F827
:1083900064614027C4F86071402300228021204698
:1083A000FFF7C0FFA68427622846BDE8F08190F859
:1083B0009C12042903D190F89D1280F89C12002091
:1083C000704710B590F89C12032905D1D0F8B81267
:1083D00011B1C96901B18847002010BD01740020A6
:1083E000704710B5D0F8C802FAF713FEBDE8104088
:1083F000FFF70ABE10B5044604F2AA2000F054F8B4
:108400000120C4F89402B4F8B002C4F8980294F8B9
:10841000AA1211F01F000AD001280FD0022814D090
:108420002046BDE8104001F0800100F015B804F2CC
:10843000AA212046BDE8104000F026B904F2AA2186
:108440002046BDE8104000F071BA04F2AA2120468F
:10845000BDE8104000F053B910B5D0F8C802FAF7E3
:108460002FFABDE81040FFF7CFBD10B5D0F8C80215
:10847000FAF7E9FDBDE81040FFF7C6BD90F89C1281
:10848000042903D090F89C1280F89D12042180F8F2
:108490009C120020704710B5D0F8C802FAF748FACD
:1084A000BDE81040FFF7B0BD0A780270491C0A7899
:1084B0004270491C0A784B1C1B7842EA0322428016
:1084C000891C0A784B1C1B7842EA032282808A7836
:1084D000C97842EA0121C180704738B504460020BE
:1084E0000090002914D0C4F8B812D4F8D40204EBD8
:1084F0008000D0F8B802C16A19B168468847C4F84C
:10850000D002D4F8D802401CC4F8D802002038BDEC
:10851000032038BD0020704770B5044688880028C5
:1085200021D1C888F8B9488880281CD200F07F057E
:1085300094F89C0203280DD084F89E5229462046C8
:10854000FFF74FFF2046FFF76DFB45B1022084F88F
:108550009C0270BD2046BDE87040FFF730BB012093
:1085600084F89C0270BD2046BDE87040FFF727BB31
:1085700003460020D3F8B822002A02D01268184619
:10858000104770472DE9F04104460F460025334E51
:10859000B9783170012906D939462046FFF70FFB1B
:1085A0000320BDE8F08194F89C024FF002080228F5
:1085B0000DD0032825D039462046FFF700FB31783F
:1085C0002046FFF7CBFA03252846BDE8F081A1B18C
:1085D00061602046FFF7CCFF0546280006D03946EB
:1085E0002046FFF7ECFA84F89C82EDE72046FFF77F
:1085F00019FB032084F89C02E6E72046FFF712FBF4
:10860000E2E7C9B16068884224D0C1B22046FFF7D2
:10861000A5FA317861602046FFF7AAFF05462800D9
:1086200014D039462046FFF7CAFA21792046FFF7D1
:1086300095FA84F89C82C7E784F89C8261602046A2
:10864000FFF78CFA2046FFF7EDFABDE72046FFF76B
:10865000E9FAB9E72046FFF7E5FAB5E72805002073
:108660004A88012A03D0022A06D0FFF7A8BA0121BE
:10867000C0F8A412FFF7D6BA8988090A80F8A012B8
:10868000FFF7D0BAFFF7F1BE10B500240A7812F058
:10869000600211D0202A05D0402A03D0FFF78FFABC
:1086A000204610BDD0F8D42200EB8202D2F8B822C6
:1086B000926890470446F3E74A780A2A1CD2DFE81A
:1086C00002F012181B151B08051B0F0BFFF74AFBC6
:1086D000E6E7FFF721FFE3E7FFF754FF0446DFE794
:1086E000FFF726FBDCE7FFF748FCD9E7FFF7B8FF09
:1086F000D6E7FFF73DFAD3E7FFF761FAD0E72DE9B8
:10870000F04105460E4600273479307810F06000BD
:108710001ED0202808D0402806D031462846FFF732
:108720004EFA3846BDE8F08121462846FFF733FA75
:10873000FF28F6D00028F4D1C5F8D402D5F8B80245
:108740008268002AEDD03146284690470746E8E780
:108750007078002872D0012831D0032804D0314627
:108760002846FFF72CFADCE795F89C02022806D091
:10877000032815D031462846FFF721FAD1E754B136
:10878000802C08D021462846FFF766FE8021284627
:10879000FFF762FEC5E731462846FFF710FAC0E74B
:1087A000708840B93CB1802C05D0F08818B92146BA
:1087B0002846FFF751FE2846FFF734FAB1E795F84F
:1087C0009C02022806D0032815D031462846FFF720
:1087D000F6F9A6E754B1802C08D021462846FFF7C9
:1087E0003BFE80212846FFF737FE9AE731462846B0
:1087F000FFF7E5F995E77088002892D114F07F0F14
:1088000003D021462846FFF725FC2846FFF70AFA41
:1088100021462846FFF7BFF9FF2882D0002880D1E3
:10882000C5F8D402D5F8B8028268002A3FF479AFBF
:10883000314628469047074673E7FFE795F89C02C4
:108840004FF00008022806D0032827D031462846DA
:10885000FFF7B5F965E734B1802C04D031462846DE
:10886000FFF7ADF95DE714F0800F08D004F07F004A
:1088700000EB800005EB800000F1140107E004F03C
:108880007F0000EB800005EB800000F5AA71C1F8C5
:10889000008002222846FFF7B8F942E714F0800F63
:1088A0000CD004F00F0000EB800005EB8000808C02
:1088B00068B931462846FFF782F932E704F00F0025
:1088C00000EB800005EB8000B0F8640158B114F0B3
:1088D000800F0DD004F07F0000EB800005EB8000DE
:1088E00000F114060CE031462846FFF768F918E756
:1088F00004F07F0000EB800005EB800000F5AA7615
:108900004CB1802C07D021462846FFF7D1FC28B176
:108910000120306004E0C6F8008001E0C6F8008065
:10892000022231462846FFF770F9FAE670B505468F
:108930000E460024307810F0600009D0202807D0BF
:10894000402805D031462846FFF739F9204670BD4A
:1089500095F89C02012808D0022806D0032804D0EC
:1089600031462846FFF72BF9F0E7B088C1B201295C
:108970001ED8C1B22846FFF710F9FF2800D048B131
:108980000324F0880028E1D1002CDFD12846FFF72E
:1089900049F9DBE7D5F8B8128A683AB1C5F8D402CC
:1089A0008A683146284690470446EAE70324E8E708
:1089B00031462846FFF703F9C8E77047004870477B
:1089C0009C36002070B50A784E78012302F00F041F
:1089D0001C4DA340012E19D0D0F81C4844EA034393
:1089E000C0F81C3800EB4210D0F8002B12040BD456
:1089F000D0F8002B0B890979C3F30A031A4345EA1F
:108A000081410A43C0F8002B002070BDD0F81C48FB
:108A10009BB21C43C0F81C4800EB4210D0F8003950
:108A20001B04F1D4D0F800390C890979C4F30A0485
:108A30008904234341EA82510B432B43C0F8003998
:108A4000E2E7000000800010D0F800196FF30A017F
:108A5000C0F80019D0F8041841F48071C0F8041867
:108A6000002070470FB410B504469DF8110001288E
:108A70001CD0E06840F04000E060204600F036F88E
:108A80009DF8151051B3A16B21F48031A1639DF8BD
:108A90000E10012907D1A16841F00601A160A1686B
:108AA00041F02001A16010BC5DF814FBA06B20F424
:108AB0008030A063E0680C490840E060E06820F482
:108AC0004010E0609DF81800012803D1E06840F4F0
:108AD0008010E060204600F009F8D8E7A16B41F46F
:108AE0008031A163D3E70000BFFFBDFF08B50023BD
:108AF00000934FF070620099491C009100999142D7
:108B000001D9032008BD01690029F4DA0093016945
:108B100041F0010101610099491C009100999142C5
:108B200001D9032008BD0169C907F4D1002008BD9F
:108B300070B54B780A78012500EB4212012B2BD03F
:108B4000D2F8003B002B0BDAD2F8003B43F0006375
:108B5000C2F8003BD2F8003B43F08043C2F8003B30
:108B600000F61C00046A0B7803F00F0605FA06F302
:108B700024EA034404620468097801F00F0105FA4D
:108B800001F324EA03410160D2F8000B18490840C0
:108B9000C2F8000B002070BDD2F80039002B0BDAB0
:108BA000D2F8003943F00063C2F80039D2F8003936
:108BB00043F08043C2F8003900F61C00046A0B78C9
:108BC00003F00F0605FA06F39EB2B443046204688C
:108BD000097801F00F0105FA01F399B28C430460A2
:108BE000D2F8000903490840C2F80009D2E70000A2
:108BF0000078F3EF007833ECD0F8001E21F0030189
:108C0000C0F8001ED0F8041821F00201C0F80418C2
:108C100000207047D0F8001E21F00301C0F8001EAC
:108C2000D0F8041841F00201C0F804180020704781
:108C30000FB42DE9F043044600250020002704EB83
:108C40008001C1F80471401C0F28F8D39DF82A60F8
:108C500066B3A06B20F40011A163A06B40F4002167
:108C6000A163C4F8007E9DF82500012831D00321BE
:108C7000204600F081FB1021204600F0BDFA00B133
:108C80000125204600F098FA00B10125C4F81078BB
:108C9000C4F81478C4F81C7800204FF000634FF03B
:108CA000904C4FF67F389DF8202034E0D4F804082B
:108CB00040F00201C4F80418A06B40F40011A16355
:108CC000A06B20F40021A163A06B20F48021A1639C
:108CD000C7E79DF8230020B10121204600F04CFB9E
:108CE000C9E70021204600F047FBC4E704EB401130
:108CF000D1F80099B9F1000F06DA10B1C1F800C936
:108D000004E0C4F8003901E0C1F80079C1F8107935
:108D1000C1F80889401C8242E8D8002014E004EB26
:108D20004011D1F8009BB9F1000F06DA10B1C1F87B
:108D300000CB04E0C4F8003B01E0C1F8007BC1F8BF
:108D4000107BC1F8088B401C8242E8D8D4F8100888
:108D500020F48071C4F81018A7616FF08040606142
:108D60009DF8220018B9A06940F01000A061A06928
:108D70000A490843A0619DF8260018B1A06940F097
:108D80000800A061012E03D1A06905490843A06134
:108D90002846BDE8F0035DF814FB000000383C8075
:108DA00004000040816821F00101816000207047CB
:108DB00010B5036C124CA34205D9D0F8003B002B30
:108DC00001DA002010BD00F5316000230360036864
:108DD00043F400230360036843F01803036003684F
:108DE00043F0C0430360A0F53160012906D100F5CE
:108DF00030604261016841F080210160002010BDB7
:108E00000A30544F4A780B78012A00EB43100BD0FC
:108E1000D0F8002B22F40012C0F8002B09790329A6
:108E200014D0022912D017E0D0F8002922F4001241
:108E3000C0F800290979032901D002290CD1D0F802
:108E4000001941F08051C0F8001905E0D0F8001B6E
:108E500041F08051C0F8001B002070470A784B7821
:108E60000978012B00EB411012D0D0F8001B00292B
:108E700006DB2AB1D0F8001B21F08041C0F8001BAE
:108E8000D0F8001B41F40011C0F8001B002070470F
:108E9000D0F80019002906DB2AB1D0F8001921F01A
:108EA0008041C0F80019D0F8001941F40011C0F851
:108EB0000019EBE7F8B50C784F780B78914D6FF00F
:108EC000604600EB4313012F29D0D3F8107B6FF3DA
:108ED0001207C3F8107BD3F8107B2F40C3F8107B28
:108EE000002C7DD00D69002D7BD08C6825446D1E33
:108EF000B5FBF4F5ADB26C430C62D3F8104B06EA47
:108F0000C5452C43C3F8104BD3F8104B0D6AC5F37D
:108F100012052C43C3F8104B012A6FD0D6E00F691D
:108F2000EFB1D3F810796FF31207C3F81079D3F8C3
:108F300010792F40C3F81079FCB10F698D682F4468
:108F40007F1EB7FBF5F5ADB2D3F8107906EAC5463A
:108F50003743C3F810790E79012E1AD028E003F5B3
:108F600011631E682E401E601D6845F400251D60BB
:108F70001D686FF312051D6022E00E698D68AE4218
:108F800000D90D61D0F8105945F40026C0F81069D9
:108F90000EE0D3F8106926F0C046C3F81069D3F884
:108FA00010694FF0C04707EA45752E43C3F81069B2
:108FB000D3F810590E69C6F312063543C3F8105999
:108FC000012A1CD000EB4413D3F8004944F00444B8
:108FD000C3F800490C79012C38D00A69002A01E055
:108FE0004DE060E009D0D0F83428097801F00F0393
:108FF000012199400A43C0F8342881E062E0CA693F
:109000001AB100EB4413C3F814290979012914D1CA
:10901000D0F80818C90508D400EB4411D1F800298C
:1090200042F00052C1F8002907E000EB4411D1F8EA
:10903000002942F08052C1F8002900EB4410D0F81A
:10904000001941F00441C0F8001959E0D0F808486F
:10905000E40506D4D3F8004944F00054C3F80049AD
:1090600005E0D3F8004944F08054C3F80049009269
:109070000A8A93B20A78C96800F000FA40E00C69E5
:109080000CB18C680C618C680C62D0F8105BC4F376
:1090900012042543C0F8105BD0F8104B44F40024B0
:1090A000C0F8104B38E7D3F8104B8D68C5F31205A4
:1090B0002C43C3F8104BD3F8104B44F40024C3F8EE
:1090C000104B29E7CA680AB1C3F8142B09790129A2
:1090D00010D1D0F80808C00506D4D3F8000B40F032
:1090E0000050C3F8000B05E0D3F8000B40F08050AF
:1090F000C3F8000BD3F8000B40F00440C3F8000B9A
:109100000020F8BDFFFF07E038B5002200920B7881
:109110004D7800EB431442F21073012D1AD0D4F8AD
:10912000005B002D40DAD4F8005B45F00065C4F820
:10913000005B0C7800EB4414D4F8005B45F08045EC
:10914000C4F8005B009C641C0094009C9C4224D9E1
:10915000012229E0D4F80059002D25DAD4F800596D
:1091600045F00065C4F800590C7800EB4414D4F8BD
:10917000005945F08045C4F80059009C641C0094D7
:10918000009C9C4201D901220EE00C7800EB4414B3
:10919000D4F80049002CF0DB06E00C7800EB441416
:1091A000D4F8004B002CCDDB104638BD816841F06F
:1091B000010181600020704708B5002300934FF043
:1091C00070620099491C00910099914201D90320D5
:1091D00008BD01690029F4DA0093102101610099AA
:1091E000491C00910099914201D9032008BD0169F1
:1091F000C906F4D4002008BD18B5002400944FF02F
:109200007063009A521C0092009A9A4201D903207E
:1092100018BD0269002AF4DA0094202242EA811182
:1092200001610099491C00910099994201D90320DC
:1092300018BD01698906F4D4002018BDD0F80808CB
:1092400000F00600002805D0022805D0062803D02B
:109250000F2070470020704702207047406900F0DF
:1092600001007047D0F81818D0F81C08084080B2E8
:109270007047D0F81818D0F81C080840000C704748
:1092800010B5D0F81038D0F8342801F00F04E240BF
:1092900002F0010243EAC21200EB4110D0F80809C3
:1092A000104010BD00EB4111D1F8081BD0F8140894
:1092B00008407047416980690840704730B50346EF
:1092C0000846940802F00301002203F5805303E0EE
:1092D0001D6840F8045B521CA242F9D300290BD050
:1092E00000221C68D50024FA05F300F8013B521C4B
:1092F000491E89B20029F5D130BD70B5054600245C
:10930000E86820F0C040E860012902D089B101205E
:1093100070BDE86840F00050E8600A20F9F704F8F2
:109320000A342846FFF79AFF012810D0C82CF4D33E
:109330000DE0E86840F08040E8600A20F8F7F4FFAC
:109340000A342846FFF78AFF08B1C82CF5D3C82C89
:1093500001D0002070BD012070BD00F500600268E2
:1093600022F4FE62026002684FF4FE6303EA011118
:109370000A43026000207047D0F800280A43C0F872
:109380000028002070470000022A0ED082B3092175
:10939000C26822F47052C260C2684FF4705303EA8C
:1093A00081210A43C26000207047224A224B0A44AE
:1093B0009A4201D20F21EBE7204A214B0A449A42FC
:1093C00001D20E21E4E71F4A1F4B0A449A4201D200
:1093D0000D21DDE71D4A1E4B0A449A4201D20C21A1
:1093E000D6E71C4A1C4B0A449A4202D20B21CFE713
:1093F0001DE01A4A1A4B0A449A4201D20A21C7E7D1
:10940000184A194B0A449A4201D20921C0E7174A67
:10941000174B0A449A4201D20821B9E7154A114470
:10942000154A914201D20721B2E70621B0E709218E
:10943000AEE70000405327FF00350C00401E1BFF25
:1094400040420F0000DC0BFF804F1200808CF9FEC1
:1094500020D6130060B6E5FE60E3160000D3CEFE12
:1094600040771B00C05BB3FEC091210000CA91FE93
:1094700020753800E05459FEE09C410010B5029C74
:10948000002C0DD1DB1C9C08002300EB023000F502
:10949000805003E051F8042B02605B1CA342F9D317
:1094A000002010BDFEE7000030B505460C46002D3B
:1094B00001D0022C01D8002030BD0A48A11E4288EC
:1094C0002846F8F77FF82919C2B211F8023C9A42EF
:1094D00006D111F8011CB1EB102F01D1012030BDD4
:1094E000002030BD8800002030B505460C46002D18
:1094F00001D0022C01D8002030BD0748611E02783F
:109500002846F8F78FF8291911F8011C814201D17A
:10951000012030BD002030BD880000201CB504F0C3
:1095200047FD0190094C0A4D208800EE100AB8EE64
:10953000400A8DED000A2A4601216846FBF76AFCC5
:109540000A2101A803F0E0FFEEE70000901E0020D2
:109550000014014003B401984100009850EAC12072
:1095600018BF04204A0D18BF40F0010040F2FF72FE
:10957000B2EB515F08BF40F00200012808BF052090
:1095800002B070470907090E002804DB00F1E02053
:1095900080F80014704700F00F0000F1E02080F820
:1095A000141D70470000000070B59B482DED020BA4
:1095B0002DED068B079D25F00044A04218DC97484E
:1095C000844202DC0AD1069840B19DED060BBDEC49
:1095D000068B02B0BDE8704001F08EBD002DCCBFFF
:1095E0009FED8F0B9FED900BBDEC068B02B070BD15
:1095F0008F48A04215DD8F48A042D8BF4FF0FF34FE
:1096000058DD9DED060B51EC100BFFF7A3FF04286E
:1096100008BF01F0A5FD9DED060BBDEC068B02B069
:1096200070BD9DED060B51EC100B02F03DFBCDE93A
:10963000060181489FED828BA0423CDD8248A0421A
:109640001FDD00249FED82AB9DED060B53EC1A2B22
:1096500051EC100B04F0B0FE9DED060B41EC190B24
:1096600053EC1A2B51EC100B05F0BAF953EC182BF4
:1096700005F0C2FB53EC192B04F05AFFCDE90601AB
:1096800049E09DED060B012453EC182B51EC100B17
:1096900004F092FE9DED060B41EC190B53EC182BD8
:1096A00051EC100B05F0A8FB53EC192B04F040FF14
:1096B000CDE906012FE06848A0421FDD02249FED9E
:1096C000689B9DED060B53EC192B51EC100B05F02C
:1096D00087F953EC182B04F06FFE9DED060B41EC5F
:1096E000180B53EC192B51EC100B05F085FB53ECC8
:1096F000182B04F01DFFCDE906010CE09DED060BD3
:10970000032453EC102B9FED580B51EC100B04F07D
:109710000FFFCDE906019DED060B53EC102B51EC2C
:10972000100B05F05DF941EC180B53EC182B05F00C
:1097300057F941EC190B4E480621B0EE490AF0EEFC
:10974000690A784401F0ACFB53EC182B51EC100B78
:1097500005F046F941EC180B4648B0EE490AF0EE28
:10976000690A0521784401F09BFB53EC192B51EC5D
:10977000100B05F035F941EC100B51EC180B53ECC4
:10978000102B002C0EDA04F017FE9DED061B53EC97
:10979000112B05F025F99DED061B53EC112B05F05F
:1097A00053FA35E004F008FE9DED061B53EC112B37
:1097B00005F016F941EC100B2F48784400EBC4007B
:1097C00090ED001B51EC100B53EC112B05F014FB2A
:1097D0009DED061B53EC112B05F00EFB41EC100B1D
:1097E0002648784400EBC40090ED001B51EC100BB0
:1097F00053EC112B05F028FA41EC100B002DA2BF01
:10980000BDEC068B02B070BD51EC100B04F096FD60
:1098100041EC100B01E70000000010440000F07F55
:10982000182D4454FB21F93F182D4454FB21F9BF56
:109830000000DC3F0000203E0000F33F000000007D
:10984000000000000000F03F0000E63F00000000C4
:109850000000000000000040008003400000000005
:10986000000000000000F83F000000000000F0BF12
:10987000EA610000A06100002A610000E2600000CF
:1098800070B56F4E2DED040B2DED048B82B0DDF81D
:1098900024C0DDE907235C422CF000411C4341EA6F
:1098A000D474069D22F00040B44205D86C422C438B
:1098B00040EAD474B4420BD99DED081B9DED060B14
:1098C00002B0BDEC048B04B0BDE8704001F01EBCDA
:1098D000ACF14054A4F17F641C430BD0022404EA91
:1098E000AC7444EAD27405439FED578B9FED582B1F
:1098F00007D015E09DED060B51EC100B01F073FC49
:1099000042E0002C11BF012C9DED060B02B0BDEC16
:10991000048B04BF04B070BD022C38D0032C3BD0A4
:109920000B439FED4D1B9FED4E0B0AD0B14218D15A
:10993000B04209D121F0804120F080400991079088
:109940000FE0002A15DA10E0474B7B44002C08BFDB
:1099500093ED000B0DD0012C10D0022C17D0032C4E
:109960001AD0B0421DD1002A03DAB0EE410AF0EE5F
:10997000610A02B0BDEC048B04B070BD93ED000B26
:1099800051EC100B04F0DAFC41EC100BF1E7B0EEF7
:10999000480AF0EE680AECE7B0EE420AF0EE620A1E
:1099A000E7E7401A00159FED329B3C28C8BF8DEDBC
:1099B000000B17DCBCF1000FBCBF10F13C0F8DEDAC
:1099C000009B0FDB9DED080B53EC102B9DED060B60
:1099D00051EC100B04F0ACFD02F066F901F003FC51
:1099E000CDE90001B4B1012C10D0022C9FED220B67
:1099F00053EC102B9DED000B51EC100B19D005F022
:109A0000FBF953EC182B05F0F7F9BDE7019880F04E
:109A1000004001909DED000B53EC192B51EC100B05
:109A200004F0DEFE04BF0220F6F7DDFD9DED000B25
:109A30009FE705F0E1F953EC182B05F005F9A3E7D2
:109A40000000F07F00000000182D4454FB21094065
:109A5000182D4454FB2109C0182D4454FB21F9BF93
:109A6000182D4454FB21F93F426000000000000023
:109A70000000000000000000075C143326A6A13C93
:109A800010B52F499FED2C1B2DED020B84B00598CE
:109A900020F000408842D8BF9DED040B2DDD294900
:109AA000884209D1049840B94FF00100F6F79BFDB8
:109AB00001F036FB06B010BD05DB9DED040B01F097
:109AC0001BFB06B010BD68469DED040B00F014FFB3
:109AD00010F0030004BF9DED021B9DED000B0CD0A8
:109AE00001280ED09DED021B9DED000B022817D022
:109AF000012001F051FA06B010BD01F019F906B0CD
:109B000010BD9DED021B9DED000B012001F044FAFC
:109B100051EC100B04F012FC06B041EC100B10BD20
:109B200001F006F951EC100B04F008FC06B041EC12
:109B3000100B10BD0000000000000000000000003D
:109B4000FB21E93F0000F07F2DED020B019820F092
:109B5000004001909DED000B02B070470000000036
:109B60002DE9F04D2DED040B2DED0E8B96B0DDE9BA
:109B70002550279CDDF890A025F0004624F00048F1
:109B8000BAF1000F14BF0121002101EB4502FC498D
:109B900053184A1093422AD3002814BF01230023EC
:109BA00003EB44030B44F7498B4220D358EA0001EE
:109BB0009FEDF59B76D0DFF8D8B35D4503D1BAF1C0
:109BC000000F05D188E0BAF1000F08BF002100D0D6
:109BD000012101EB450111F5001F08D8002814BF31
:109BE0000121002101EB440111F5001F0BD99DED6E
:109BF000261B9DED240B16B0BDEC0E8B04B0BDE80A
:109C0000F04D01F083BA0027002DBCBFE149884523
:109C100021DAE1498845A8BF02271CDAC3451ADCCE
:109C2000DE4901EB2851142908DDC1F1340220FA84
:109C300002F101FA02F282420DD108E058B9C1F1F5
:109C4000140228FA02F101FA02F2424503D101F0AE
:109C50000101C1F1020756EA0A0124D1002C22DADF
:109C6000002D18BF022F01D0012F0AD00220F6F7D5
:109C7000BAFC16B0BDEC0E8B04B0BDE8F04D01F09F
:109C800023BA0220F6F7AFFC01F01EFA51EC100BDC
:109C900004F054FB41EC100B16B0BDEC0E8B04B07D
:109CA000BDE8F08D18E09FEDBEAB9FEDBF8B0028A7
:109CB00071D1B848804522D105F1804010F580105F
:109CC00008BFBAF1000F07D0B3450ADC002CA8BFCB
:109CD0009DED260BE0DA0DE0B0EE490AF0EE690AE0
:109CE000DAE7002C06DA9DED260B51EC100B04F0A0
:109CF00025FB6FE0AE48784490ED000BCCE7D845EB
:109D00004DD1002C48DA2EB186423AD1BAF1000F7B
:109D100042D126E0BAF1000F13D00220F6F763FC1F
:109D200001F00EFA8DED020B9DED240B8DED000B75
:109D300010EE900A039961F31E0003909DED020B53
:109D4000AAE78DED02AB9DED240B1AEE901A10EEF2
:109D5000900A8DED000B61F31E0003909DED020B48
:109D60009AE78DED028B9DED240B18EE901A10EE04
:109D7000900A8DED000B61F31E0003909DED020B28
:109D80008AE709DA9DED240B51EC190B53EC102BEB
:109D900004F0CEFB1EE020E09DED240B7CE7864224
:109DA0001BDAB4F1804F0DD0A4F10050B0F1FF5098
:109DB00013D1002D11DB9DED240B51EC100B03F0A2
:109DC00055F907E09DED240B53EC102B51EC100BD3
:109DD00000F0C2BC41EC100B5EE79DED240B51EC92
:109DE000100B01F061FFBAF1000FCDE90E0142D175
:109DF0009FED710B46B3A6F1E040B0F17F600CD04F
:109E00005E4538D1002D00DAA7B3022F0CBF012028
:109E10004FF0FF3004F07DFDDCE7002D01DD002C6C
:109E20000DDA002D01DD002C1FDB002D16DA002CD1
:109E300014DB012F08BF9FED620B3FF42DAFB0EE96
:109E40004A0AF0EE6A0A27E7022F18BF002D0CD04D
:109E5000012F0AD1002DFFF61FAF06E0002DB8BF7D
:109E6000002C08DA012F3FF417AFB0EE480AF0EEED
:109E7000680A11E71BE0012000EBE57050EA0701DA
:109E800015D0791EB0EE498AF0EE698A084308BF02
:109E90009FED4D8B4E480025804570DD4D494E4865
:109EA000884514DDB0420DDB002C19DB2FE00120CA
:109EB000F6F799FB16B0BDEC0E8B04B0BDE8F04D83
:109EC00001F02EB9B34502DC002C09DC1FE086420C
:109ED00002DA002C1BDA03E05E452BDD002C16DDD8
:109EE0000220F6F780FB01F02BF98DED020B53EC0D
:109EF0001A2B51EC180B04F073FDCDE90001039906
:109F0000019861F31E0003909DED020BC4E6022050
:109F1000F6F769FB01F024F910EE901A18EE900A9A
:109F20008DED020B8DED008B61F31E0003909DED16
:109F3000020BB1E69DED0E0B53EC192B51EC100BFF
:109F400004F05AFF9FED260BCDE9080153EC102BCE
:109F50009DED080B51EC100B04F042FD9FED221B10
:109F600053EC112B04F070FE9DED081B53EC112BEC
:109F700004F036FD9FED1E1B53EC112B3CE08CE0F2
:109F8000FFFF1F00FFFF0F00000000000000F03F78
:109F90000000F03F0000F07F0000404301FCFFFFA5
:109FA000000000000000F07F000000000000000042
:109FB000965C00000000000000000000000000802F
:109FC000000000000000F0FF000000000000F0BFF3
:109FD0000000E0410000F043FFFFEF3F0000000001
:109FE000000000000000D03F555555555555D53F50
:109FF000000000000000E03F04F026FE9DED080B8D
:10A0000041EC1A0B53EC102B51EC100B04F0E8FC54
:10A0100053EC1A2B04F0E4FC41EC1A0B9FEDFE0B01
:10A0200053EC102B9DED080B51EC100B04F0D8FCF9
:10A0300041EC1B0B9FEDFA0B51EC1A0B53EC102B60
:10A0400004F0CEFC41EC1A0B9FEDF70B53EC102BF8
:10A050009DED080B51EC100B04F0C2FC53EC1A2BD5
:10A0600004F0CAFE41EC1A0B51EC1B0B53EC1A2BFB
:10A0700004F0A2F90690CDE906519DED060B53ECD4
:10A080001B2B51EC100B04F0B7FE53EC1A2B04F011
:10A09000DBFD41EC100B00F0A1B90020B6F5801FEC
:10A0A0000EDA9FEDE30B53EC102B9DED0E0B51ECF4
:10A0B000100B04F095FCCDE90E016FF034000E4654
:10A0C00000EB2650A0F2FF37C6F31300DA4940F048
:10A0D0007F6646F040568842D8BF002408DDD74945
:10A0E0008142C8BF012403DC0024A6F580167F1C32
:10A0F000D348784400EBC4000F9690ED00CB9DED63
:10A100000E0B53EC1C2B51EC100B04F075FE9DED67
:10A110000E0B41EC1B0B53EC1C2B51EC100B04F001
:10A120004BF941EC100B51EC190B53EC102B04F0D4
:10A13000FFF941EC1D0B51EC1B0B53EC1D2B04F0F4
:10A140004FFC41EC1A0BBF488DED10AB78441095D5
:10A1500090ED000B4FF0005040EA660000EB8440A9
:10A160008DED080B00F5002009909DED080B53ECD8
:10A170001C2B51EC100B04F03FFE9DED0E1B53EC1D
:10A18000112B04F061FD41EC100B53EC102B9DEDF5
:10A19000100B51EC100B04F023FC9DED080B41EC6F
:10A1A0001C0B53EC102B9DED100B51EC100B04F01D
:10A1B00017FC53EC1B2B04F047FD53EC1C2B04F055
:10A1C0001BFE53EC1D2B04F00BFC41EC1C0B53EC61
:10A1D0001A2B51EC1A0B04F003FC41EC1B0B9A48B0
:10A1E0000621B0EE4B0AF0EE6B0A784400F058FE00
:10A1F000B0EE401AF0EE601AB0EE41DAF0EE61DA3D
:10A2000053EC1B2B51EC1B0B04F0EAFB53EC1D2B06
:10A2100004F0E6FB9DED100B41EC1B0B53EC1A2BED
:10A2200051EC100B04F0C8F853EC1C2B04F0D8FBD5
:10A2300053EC1B2B04F0C0F89DED100B41EC1B0BF5
:10A2400053EC102B51EC100B04F0CAFB41EC1D0B2E
:10A250009FED7FEB53EC1E2B04F0AEF853EC1B2B61
:10A2600004F0AAF80890CDE908519DED080B53ECD5
:10A270001E2B51EC100B04F0BFFD53EC1D2B04F012
:10A28000BBFD53EC1B2B04F0DFFC9DED080B41ECF8
:10A290001D0B53EC102B9DED100B51EC100B04F02B
:10A2A0009FFB41EC1B0B53EC1A2B51EC1D0B04F0E4
:10A2B00097FB9DED080B41EC1A0B53EC102B51EC66
:10A2C0001C0B04F08DFB53EC1A2B04F075F841ECD9
:10A2D0001A0B51EC1B0B53EC1A2B04F06DF80C907D
:10A2E000CDE90C519DED0C0B53EC1B2B51EC100BDD
:10A2F00004F082FD53EC1A2B04F0A6FC41EC1B0B7E
:10A300009FED550B53EC102B9DED0C0B51EC100BEE
:10A3100004F066FB41EC1A0B9FED510B51EC1B0B4B
:10A3200053EC102B04F05CFB41EC1B0B9FED4E0B30
:10A3300053EC102B9DED0C0B51EC100B04F050FB6B
:10A3400053EC1B2B04F038F841EC100B48487844D0
:10A3500000EBC40090ED001B51EC100B53EC112BE3
:10A3600004F02AF841EC1B0B384604F0D2FACDE990
:10A37000080153EC1B2B51EC1A0B04F01DF841ECB7
:10A38000100B3C48784400EBC40090ED00CB51EC3E
:10A39000100B53EC1C2B04F00FF89DED081B53EC35
:10A3A000112B04F009F80690CDE906519DED080B3C
:10A3B00053EC102B9DED060B51EC100B04F01CFD23
:10A3C00053EC1C2B04F018FD53EC1A2B04F014FD75
:10A3D00053EC1B2B04F038FC41EC100B9DED261BBD
:10A3E00053EC102B8DED001B00959DED260B51ECD1
:10A3F000100B04F0F5FA9DED000B41EC1A0B53EC39
:10A40000102B9DED260B51EC100B04F0F5FC9DED8F
:10A41000061B53EC112B2FE0000000604715F73F9F
:10A42000FE822B654715F73F44DF5DF80BAE543EC7
:10A4300000000000000040438E9803007AB60B0035
:10A440004A570000405800008256000000000000FB
:10A450000000000000000840000000E009C7EE3FD7
:10A46000FD033ADC09C7EE3FF5015B14E02F3EBE69
:10A470000E550000C854000004F0B2FA53EC1A2B39
:10A4800003F09AFF9DED060B41EC1A0B53EC102BD9
:10A490009DED000B51EC100B04F0A2FACDE90C017C
:10A4A0009DED0C0B51EC1A0B53EC102B03F084FFB9
:10A4B000CDE902010C46AA498C422FDB611A084300
:10A4C00018D19DED0C0B53EC102B9DED020B51ECB4
:10A4D000100B04F091FC41EC1B0B9FEDA30B51EC16
:10A4E0001A0B53EC102B03F067FF53EC1B2B04F0FB
:10A4F00075FB2DD20220F6F776F800F021FE10EE63
:10A50000901A18EE900A8DED020B8DED008B61F321
:10A510001E0003909DED020BFFF7BEBB944A24F092
:10A520000041914214D39349214408437FF4EFAC96
:10A530009DED0C0B53EC102B9DED020B51EC100B11
:10A5400004F05AFC53EC1A2B04F048FB7FF6DFAC06
:10A5500024F000408849894A002601EB20518242BC
:10A560002BDA481C4FF4801121FA00F02044844A71
:10A57000C0F30A517A44A1F2FF3192ED000B814AF7
:10A580008DED080BCA4020EA0202C0F3130040F42C
:10A590008010C1F1140120FA01F60992002CB8BF15
:10A5A00076429DED080B53EC102B9DED0C0B51ECFE
:10A5B000100B04F021FCCDE90C019DED0C0B51ECCE
:10A5C0001A0B53EC102B03F0F7FE9FED6F0B089066
:10A5D000CDE9085153EC102B9DED080B51EC100BFD
:10A5E00004F0FEF941EC1B0B9FED690B53EC102BB3
:10A5F0009DED080B51EC100B04F0F2F99DED0C0BE6
:10A6000041EC1C0B53EC102B9DED080B51EC100B87
:10A6100004F0F2FB53EC1A2B04F016FB9FED5E1BCB
:10A6200053EC112B04F0DCF953EC1C2B03F0C4FEAB
:10A6300041EC1A0B51EC1B0B53EC1A2B03F0BCFE34
:10A64000CDE902019DED020B53EC1B2B51EC100BDD
:10A6500004F0D2FB53EC1A2B04F0F6FA9DED020B3A
:10A6600041EC1A0B53EC102B51EC100B04F0B8F921
:10A67000CDE908014A489DED080B0521784400F01A
:10A680000FFC9DED081B51EC100B53EC112B04F04B
:10A69000A7F99DED021B53EC112B04F0D5FACDE97F
:10A6A00006019DED020B53EC1A2B51EC100B04F03C
:10A6B00097F953EC1A2B03F07FFE9FED3B0B41EC17
:10A6C0001A0B53EC102B9DED060B51EC100B04F004
:10A6D00093FB9DED060B41EC1B0B53EC102B9DEDFA
:10A6E000020B51EC100B04F07BF953EC1B2B03F025
:10A6F0001FFF53EC1A2B04F07FFB9DED021B53EC64
:10A70000112B04F079FB53EC192B04F09DFACDE9E1
:10A71000020101EB065001150029C8BF039015DCAA
:10A720009DED020B324651EC100B04F0FCFCFEF7E1
:10A7300011FF042808BF00F013FD32469DED020B07
:10A7400051EC100B04F0EFFCCDE902019DED020B82
:10A7500051EC180B53EC102B04F042F9FFF73ABB05
:10A760000000904000000000FE822B654715973CDA
:10A7700000CC904000346F3F01FCFFFF0000E03F41
:10A7800018540000FFFF0F0000000000432EE63FBA
:10A79000396CA80C615C20BEEF39FAFE422EE63F10
:10A7A00020520000000000000000000000000040F7
:10A7B00010B52F499FED2C1B2DED020B84B0059891
:10A7C00020F000408842DCBF00209DED040B32DD0C
:10A7D0002849884209D1049840B94FF00100F5F7A3
:10A7E00002FF00F09DFC06B010BD05DB9DED040BE3
:10A7F00000F082FC06B010BD68469DED040B00F031
:10A800007BF810F0030011D0012818D09DED021B39
:10A810009DED000B02281AD000F08AFA51EC100BC3
:10A8200003F08CFD06B041EC100B10BD9DED021B3A
:10A830009DED000B012000F0AFFB06B010BD9DEDBB
:10A84000021B9DED000B00F073FA06B010BD012055
:10A8500000F0A2FB51EC100B03F070FD06B041ECD0
:10A86000100B10BD00000000000000000000000000
:10A87000FB21E93F0000F07F00B52DED048BB0EE29
:10A88000409AF0EE609A83B051EC190B04F0E8F9AD
:10A8900041EC180B18EE100A18EE901A8DED008B93
:10A8A000002818BF0120084320F00040C0F17F605D
:10A8B00000F1E040C00F14D019EE101A19EE900A02
:10A8C0008DED009B002918BF0121084320F00040B6
:10A8D000C0F17F6000F1E040C00F04BF0120F5F738
:10A8E00082FEB0EE480A03B0F0EE680ABDEC048BBD
:10A8F00000BD0000000000002DE9F14F04462DEDE1
:10A90000020B2DED088B8AB09FEDE70B80ED020B5B
:10A91000139EE74826F0004585420ADC9DED120BA8
:10A92000002084ED000B0AB0BDEC088B03B0BDE83D
:10A93000F08FE0489FEDE0AB9FEDE1BBA84247DD23
:10A94000E14F9FEDE39B9FEDE48B9DED120B53ECEC
:10A950001A2B51EC100B002E1CDD04F04DFA41ECCB
:10A96000100BBD4208D053EC1B2B51EC100B04F024
:10A9700043FAC4E900010BE053EC192B51EC100B26
:10A9800004F03AFA53EC182B04F036FAC4E900014B
:10A990000120C8E703F010FD41EC100BBD4208D0C8
:10A9A00053EC1B2B51EC100B03F006FDC4E9000126
:10A9B0000BE053EC192B51EC100B03F0FDFC53ECA6
:10A9C000182B03F0F9FCC4E900014FF0FF30AAE7AF
:10A9D000C348A84279DB9DED120B51EC100B01F03E
:10A9E00063F941EC180B9FEDC00B53EC102B03F0F7
:10A9F000F7FF9FEDBF1B53EC112B03F0DDFC03F0C1
:10AA00002BFF074603F085FF41EC190B53EC1A2B83
:10AA100003F0E6FF53EC182B04F016F941EC180B89
:10AA200053EC1B2B51EC190B03F0DAFFDFF8C8A233
:10AA300041EC100B4FEA15580125FA4453EC102B4A
:10AA400051EC180B04F0D8F9032DC4E900013DD0F6
:10AA5000C1F30A5005EB4511A8EB00001139814202
:10AA600034DA0AEB051BB0EE48AA9BED000BF0EEC2
:10AA700068AA53EC102B51EC190B03F0B1FF41EC19
:10AA80001B0B51EC1A0B53EC1B2B04F0B5F941ECEA
:10AA9000180B51EC1A0B53EC182B04F0ADF953ECD6
:10AAA0001B2B04F0A9F99BED020B41EC1A0B53ECA4
:10AAB000102B51EC190B03F093FF53EC1A2B04F0FD
:10AAC0009BF941EC100B6D1CB8E70EE0002EA8BFFF
:10AAD0003846BFF628AF94ED000B51EC100B03F095
:10AAE0002DFCC4E9000178421DE7C6F3130040F4D1
:10AAF000801EC6F30A50A0F2F530471100F01F0582
:10AB0000C5F12000DDF848B00890002006900790BD
:10AB10000520EC467949002D07EB0002794408BF77
:10AB200051F8221009D051F8223001EB8201AB40DC
:10AB30004A68089922FA01F11943A1FB0E26A1FBEC
:10AB40000B131A449A4234BF0123002303EB060877
:10AB50000CEB8003D3E901A60E448E4234BF0121E1
:10AB6000002192448A4411B1924502D903E09245F2
:10AB700001D2012100E00021C3E901A641444CF8C3
:10AB80002010011EA0F10100C4DC029800F1005069
:10AB9000850F0298DDE903678000DDF8148003F07B
:10ABA000B8FE41EC1A0B304603F0CAFE9FED541B71
:10ABB00053EC112B03F014FF41EC1B0B384603F050
:10ABC000BFFE9FED511B53EC112B03F009FF41EC2D
:10ABD000180B404603F0B4FE9FED4D1B53EC112BB8
:10ABE00003F0FEFE41EC190B51EC180B53EC192B42
:10ABF00003F0E2FB53EC1B2B03F0DEFB53EC1A2BB0
:10AC000003F0DAFBCDE90801002008909DED080B68
:10AC100053EC1A2B51EC100B04F0EEF853EC1B2BF9
:10AC200004F0EAF853EC182B04F0E6F853EC192B77
:10AC300004F00AF89FED381B53EC112B03F0D0FE03
:10AC40009FED370B41EC180B53EC102B9DED080BCF
:10AC500051EC100B03F0C4FE53EC182B03F0ACFBCB
:10AC60009FED310B41EC180B53EC102B9DED080BB5
:10AC700051EC100B03F0B4FE53EC182B03F09CFBCB
:10AC800041EC100B139810F0004F06D06D4251ECC0
:10AC9000100B03F053FB41EC100B284684ED000B26
:10ACA00041E600000000000000000000000000007D
:10ACB000FB21E93F7CD9024000004054FB21F93FD1
:10ACC0003163621A61B4D03DFB21F93F00000000FE
:10ACD0000000601A61B4D03D7370032E8A19A33B43
:10ACE000FB2139410000000083C8C96D305FE43F9B
:10ACF000000000000000E03F5A4F0000A84E000096
:10AD0000000000000000103E000000000000103CA9
:10AD1000000000000000103A182D4454FB21F93DBA
:10AD20003326A611460B113C00000054FB21F93DCF
:10AD300010B52DED040B2DED088B82B0B0EE419ACD
:10AD4000F0EE619A0B9820F000449FED4BABB4F10C
:10AD5000795F11DA9DED0A0B51EC100B03F07CFDCD
:10AD6000002801BFB0EE4A0AF0EE6A0A02B0BDEC5C
:10AD7000088B04BF04B010BD9DED0A0B53EC102BE3
:10AD800051EC100B03F02CFE41EC180B3C48062153
:10AD9000B0EE480AF0EE680A784400F081F853EC0F
:10ADA000182B51EC100B03F01BFE9DED0A0B41EC30
:10ADB0001B0B53EC192B51EC100B03F011FE41EC63
:10ADC000190B53EC1B2B51EC180B03F009FE53EC41
:10ADD000192B04F011F89FED2C0B41EC190B53ECDF
:10ADE000102B51EC180B03F0FBFD41EC100B284825
:10ADF000844210DA53EC192B51EC100B03F0FCFFDA
:10AE000053EC1A2B03F020FF41EC100B02B0BDEC09
:10AE1000088B04B010BD1F48A042BCBF9FED1E1B95
:10AE20008DED001B06DBA4F50010019000200090C2
:10AE30009DED001B51EC100B53EC112B03F0DCFFCC
:10AE40009DED000B41EC180B53EC102B51EC1A0B41
:10AE500003F0D2FF41EC1A0B53EC192B51EC180BF9
:10AE600003F0CAFF53EC1A2B03F0EEFE41EC100B7B
:10AE7000CCE7000000000000000000000000F03FF0
:10AE8000C44B000000000000000000000000E03F94
:10AE90003333D33F0000E93F000000000000D23F01
:10AEA00070B504462DED028B4D1E00EBC500B0EED3
:10AEB000408AF0EE608A90ED000B35F0060017D066
:10AEC00053EC182B51EC100B03F08AFD41EC100BE6
:10AED0006D1E04EBC50090ED001B51EC100B53EC04
:10AEE000112B03F069FA41EC100B35F00600E7D1A5
:10AEF000022D36D0042D1CD0062D1CBFBDEC028BBC
:10AF000070BD53EC182B51EC100B03F069FD94ED60
:10AF10000A1B53EC112B03F04FFA53EC182B03F0E0
:10AF20005FFD94ED081B53EC112B03F045FA41EC47
:10AF3000100B53EC182B51EC100B03F051FD94ED5A
:10AF4000061B53EC112B03F037FA53EC182B03F0CC
:10AF500047FD94ED040B53EC102B03F02DFA41EC5C
:10AF6000100B53EC182B51EC100B03F039FD94ED42
:10AF7000021B53EC112B03F01FFA53EC182B03F0B8
:10AF80002FFD94ED001B53EC112B03F015FABDECD3
:10AF9000028B41EC100B70BD31B504462DED040B56
:10AFA0002DED0A8BB0EE41BAF0EE61BA0B989DED33
:10AFB0000A0B20F00040B0F1795F0DDA51EC100B74
:10AFC000FEF7C8FA042808BF00F0CAF89DED0A0B86
:10AFD000BDEC0A8B05B030BD53EC102B51EC100BBF
:10AFE00003F0FEFC41EC180B9DED0A0B53EC182B03
:10AFF00051EC100B03F0F4FC41EC190B2C48B0EEB3
:10B00000480AF0EE680A05217844FFF749FF9FEDF2
:10B010002ACBB0EE40AAF0EE60AA9CB353EC1C2BF6
:10B0200051EC190B03F0DCFC41EC1C0B53EC1A2B1C
:10B0300051EC190B03F0D4FC9FED210B41EC190BE3
:10B0400053EC102B51EC1B0B03F0CAFC53EC192BE7
:10B0500003F0D2FE53EC182B03F0C2FC53EC1B2B75
:10B0600003F0CAFE53EC1C2B03F0C6FE9DED0A1B39
:10B0700053EC112B03F0E8FDBDEC0A8B05B041EC5D
:10B08000100B30BDFFE753EC1A2B51EC180B03F0FB
:10B09000A7FC53EC1C2B03F08FF953EC192B03F096
:10B0A0009FFC9DED0A1B53EC112B03F085F9E3E7A0
:10B0B000544A000000000000495555555555C5BF7C
:10B0C000000000000000E03F9FED070B10B553ECBF
:10B0D000102B9FED070B51EC100B03F029FA41ECFC
:10B0E000100B10BD00000000000000000000000078
:10B0F000000000000000F03F10B553EC102B51ECA5
:10B10000100B03F059F941EC100B10BD10B553ECC6
:10B11000112B51EC100B03F04FF941EC100B10BD4B
:10B120009FED050B10B553EC102B51EC100B03F0F9
:10B13000FFF941EC100B10BD000000000000000002
:10B140009FED050B10B553EC102B51EC100B03F0D9
:10B1500047FC41EC100B10BD000000000000007027
:10B160009FED050B10B553EC102B51EC100B03F0B9
:10B1700037FC41EC100B10BD000000000000001077
:10B1800010B50C4C010E2170C0F3074212FB01F206
:10B190006280C0F3072313FB01F3A380C0B210FB4E
:10B1A00001F0E08004490C68606308688363086804
:10B1B000C26310BD0C040020A80D0020D0ED000AD1
:10B1C000F4EEC00AF1EE10FA01DD80ED000AD0EDD8
:10B1D000000AB1EE400AF4EEC00AF1EE10FA01D214
:10B1E00080ED000A704710B541EC100BFEF7DCF95A
:10B1F00051EC100B10BD000010B52DED028BB0EE20
:10B20000408A002823D018EE100A03F0DFFE41EC3C
:10B21000100BFEF799FC9FED0F1B51EC100B53EC3C
:10B22000112B03F0A1FB12D3B0EE480ADFED0B0A9D
:10B230000B48FAF7F5FC9FED0B1A0948C0EE010A1E
:10B24000A03890ED050A30EE800A80ED050ABDECCD
:10B25000028B10BD00000000000024400000000030
:10B26000702100200000484210B52DED0A8B40F2FD
:10B270000121A048F9F756FE9E4840F20221C8304D
:10B28000F9F750FE40F203219B48F9F74BFE9A482C
:10B290004FF40171C830F9F745FE40F20521974897
:10B2A000F9F740FE954840F20621C830F9F73AFE1A
:10B2B00040F207219248F9F735FE91484FF40271A8
:10B2C000C830F9F72FFEDFED8F9AB0EE693ADFED67
:10B2D0008E8AF0EE682A9FED8D9AB0EE492A9FED96
:10B2E0008C8AF0EE481AB0EE481A9FED8AAA81487F
:10B2F000B2EE040AF0EE4A0A2830FAF7EBFC7E4878
:10B30000B0EE693AF0EE682AB0EE492AF0EE481A3B
:10B31000B0EE481AF0EE4A0AB2EE040AA038FAF784
:10B32000D9FC7548B0EE693AF0EE682AB0EE492AC9
:10B33000F0EE481AB0EE481AF0EE4A0AB2EE040AED
:10B340002830FAF7C7FC6D48B0EE693AF0EE682A8B
:10B35000B0EE492AF0EE481AB0EE481AF0EE4A0A6A
:10B36000B2EE040AA038FAF7B5FCB0EE693AF0EE96
:10B37000682A9FED69AAF0EE481AB0EE081AB0EEFE
:10B380004A2A9FED669A5D48B2EE000AF0EE490A3D
:10B390002830FAF79FFC5A48B0EE693AF0EE682A76
:10B3A000B0EE4A2AF0EE481AB0EE081AF0EE490A5A
:10B3B000B2EE000AA038FAF78DFC5148B0EE693AB7
:10B3C000F0EE682AB0EE4A2AF0EE481AB0EE081AFB
:10B3D000F0EE490AB2EE000A2830FAF77BFC484842
:10B3E000B0EE693AF0EE682AB0EE4A2AF0EE481A5A
:10B3F000B0EE081AF0EE490AB2EE000AF030FAF7A1
:10B4000069FC9FED479AB0EE493ADFED46AAB0EEEF
:10B410004A2AF0EE481AF0EE6A2A9FED43BAB0EEDF
:10B420004B1ADFED42BAF0EE6B0A9FED41CA33488A
:10B43000B0EE4C0A7830FAF74DFC3148B0EE493A9C
:10B44000F0EE6A2AB0EE4A2AF0EE481AB0EE4B1A35
:10B45000F0EE6B0AB0EE4C0A5038FAF73BFC284885
:10B46000B0EE493AF0EE6A2AB0EE4A2AF0EE481AF7
:10B47000B0EE4B1AF0EE6B0AB0EE4C0A7830FAF7E9
:10B4800029FCB0EE493AF0EE6A2AB0EE4A2AF0EE14
:10B49000481AB0EE4B1AF0EE6B0AB0EE4C0A254893
:10B4A000FAF718FCB0EE693AF0EE492AB0EE682AD5
:10B4B000F0EE481AB1EE001ADFED1F0AB2EE080AEC
:10B4C0001E48FAF707FC0B4800214181A0F8D21072
:10B4D000A0F89A11A0F8621280EDCF8A00F5806082
:10B4E00080ED018A80ED338A80ED658ABDEC0A8BA0
:10B4F00010BD000050180020E0190020701B002033
:10B50000001D00200080BB450060EA460050C34695
:10B5100000000000AE47613E000080468FC2F53D4E
:10B5200000401C460000FA448FC2F53C17B7D138E2
:10B5300023DBF93D401E00206F12833A702100206A
:10B5400010B53D4C94ED060A02F046F93B4894EDE7
:10B55000060A0078FFF750FE00F06AFF00F092F84C
:10B56000374994ED0C2A81EDCF2A94ED0D0A01F5AF
:10B57000806080ED010AD4ED0E0AC0ED330A94ED2F
:10B580000F1A80ED651AB5EEC02AF7EE001AF1EE3B
:10B5900010FA4FF07E5204D232EE212A81EDCF2AEA
:10B5A00007E012EE103A934203DD32EE612A81ED9C
:10B5B000CF2AB5EEC00AF1EE10FA04D230EE210A1D
:10B5C00080ED010A07E010EE103A934203DD30EE01
:10B5D000610A80ED010AF5EEC00AF1EE10FA04D21C
:10B5E00030EEA10A80ED330A07E010EE903A934264
:10B5F00003DD30EEE10A80ED330AB5EEC01AF1EE5C
:10B6000010FA04D231EE210A80ED650A07E011EE4E
:10B61000103A934203DD31EE610A80ED650A208D18
:10B620004881608DA1F8D200A08DA1F89A01E08D2B
:10B63000A1F8620210BD0000D020002060040020AC
:10B6400050180020DFED040A20EE200ABDEEC00AEB
:10B6500010EE100A70470000000000460648074937
:10B660000068B0FBF1F206490A704FF47A72B0FB41
:10B67000F2F04860704700001805002040420F00BB
:10B68000040400202DE9F0472DED108B82B0FA4F15
:10B69000D7ED000A9FEDF9EB9FEDFAFB9FEDFBABB9
:10B6A0009FEDFC8B07F140069FEDFC9B3846F5EEC5
:10B6B000C00A90ED050AFB4CF1EE10FA4FF0FF3A8C
:10B6C0004FF0010906F1400806F120050BD1D7ED36
:10B6D000010AF5EEC00AF1EE10FA04D1B5EEC00A87
:10B6E000F1EE10FA7ED0D7ED030ADFEDEFCA20EEBF
:10B6F0002CDA9FEDEECA4DEE4C0A10EE900A03F0E4
:10B7000065FC97ED040A41EC1B0B0DEE0C0A10EEE4
:10B71000100A03F05BFC41EC100BB0EE4B1AF0EE9C
:10B720006B1AFEF7ADF853EC192B51EC100B03F02C
:10B7300057F99FEDDFBB53EC1B2B02F0F9FEC8E974
:10B74000000197ED050AD7ED030A20EE2C0A8DEDD6
:10B75000010A40EE4C0A10EE900A03F037FCD7EDD8
:10B76000040A9DED010A41EC1D0B40EE4C0A10EE5F
:10B77000900A03F02BFC41EC100BB0EE4D1AF0EEEA
:10B780006D1AFEF77DF853EC192B51EC100B03F0FA
:10B7900027F953EC1B2B02F0CBFEC8E9020197ED11
:10B7A000050AD7ED030A20EE2C0A8DED000A40EEC3
:10B7B0000C0A10EE900A03F009FCD7ED040A9DED87
:10B7C000000A41EC1D0B40EE4C0A10EE900A03F00B
:10B7D000FDFB41EC100BB0EE4D1AF0EE6D1AFEF7CA
:10B7E0004FF800E0F4E153EC192B51EC100B03F08F
:10B7F000F7F853EC1B2B02F09BFEC8E90401D7EDD0
:10B80000050A97ED030A60EEACCA0CEE8C0A10EE46
:10B81000100A03F0DBFB97ED040A41EC1D0B0CEE64
:10B820008C0A10EE100A03F0D1FB41EC100BB0EEC5
:10B830004D1AF0EE6D1AFEF723F853EC192B51EC6C
:10B84000100B03F0CDF853EC1B2B02F071FE41EC12
:10B850001B0B88ED06BB98ED000B53EC1E2B51EC37
:10B86000100B02F0A9FD41EC1C0B85ED00CB98ED0F
:10B87000020B53EC1F2B51EC100B02F09DFD41EC21
:10B880001D0B85ED02DB98ED040B9FED8B1B51EC3E
:10B89000100B53EC112B02F08FFD41EC1E0B85EDCC
:10B8A00004EB9FED870B51EC1B0B53EC102B02F0BC
:10B8B00083FD41EC1B0B85ED06BBDFF80C82B8F86D
:10B8C0000C0000EE100AB8EE400A9FED80FA60EE20
:10B8D0000F0ADFED7FFA80EEAF0A10EE100A03F0D8
:10B8E00075FB53EC1C2B03F0AFF941EC1C0B86ED00
:10B8F00000CBB8F8340000EE100AB8EE400A60EE53
:10B900000F0A80EEAF0A10EE100A03F05FFB53EC53
:10B910001D2B03F099F9C6E90201B8F85C0000EEAE
:10B92000100AB8EE400A60EE0F0A80EEAF0A10EE81
:10B93000100A03F04BFB53EC1E2B03F085F9C6E90C
:10B940000401B8F8840000EE100AB8EE400A60EE78
:10B950000F0A80EEAF0A10EE100A03F037FB53EC2B
:10B960001B2B03F071F9C6E9060153EC192B51ECBE
:10B970001C0B03F033F90AD296ED000B53EC182B95
:10B9800051EC100B03F038FAC6E9000112E096ED15
:10B99000000B53EC1A2B51EC100B02F0E5FF09D20F
:10B9A00096ED000B53EC182B51EC100B02F004FD3C
:10B9B000C6E9000196ED020B53EC192B51EC100B6C
:10B9C00003F00CF90AD296ED020B53EC182B51EC54
:10B9D000100B03F011FAC6E9020112E096ED020B1A
:10B9E00053EC1A2B51EC100B02F0BEFF09D296ED6E
:10B9F000020B53EC182B51EC100B02F0DDFCC6E9E6
:10BA0000020196ED040B53EC192B51EC100B03F0D3
:10BA1000E5F80AD296ED040B53EC182B51EC100B01
:10BA200003F0EAF9C6E9040112E096ED040B53ECC9
:10BA30001A2B51EC100B02F097FF09D296ED040B74
:10BA400053EC182B51EC100B02F0B6FCC6E90401C4
:10BA500096ED060B53EC192B51EC100B03F0BEF8CE
:10BA600038D296ED060B53EC182B51EC100B03F06B
:10BA7000C3F9C6E9060140E0D0200020000000C064
:10BA8000C5B24540000000A035AC73400000000086
:10BA9000008066C0000000000080764000000000CA
:10BAA000008066406104002000007042F704353FCA
:10BAB00000000000FA210940000000E0EBE65F40D2
:10BAC000000000807C744C40B01700200000B4439C
:10BAD00000FF7F4796ED060B53EC1A2B51EC100B31
:10BAE00002F042FF09D296ED060B53EC182B51ECF5
:10BAF000100B02F061FCC6E9060196ED000BFEF7A3
:10BB000023F89FED64AB51EC100B53EC1A2B03F0B0
:10BB100065F80CD284F800A095ED000B53EC192BBE
:10BB200051EC100B03F068F9C5E9000101E084F85D
:10BB3000009096ED020BFEF707F853EC1A2B51EC30
:10BB4000100B03F04BF80CD284F801A095ED020B1A
:10BB500053EC192B51EC100B03F04EF9C5E902011F
:10BB600001E084F8019096ED040BFDF7EDFF53EC36
:10BB70001A2B51EC100B03F031F80CD284F802A010
:10BB800095ED040B53EC192B51EC100B03F034F929
:10BB9000C5E9040101E084F8029096ED060BFDF77B
:10BBA000D3FF53EC1A2B51EC100B03F017F80CD207
:10BBB00084F803A095ED060B53EC192B51EC100BF8
:10BBC00003F01AF9C5E906011CE084F8039019E0B6
:10BBD0009FED320B88ED000B88ED020B88ED040B16
:10BBE00088ED060B2F48B0F82203E0B385ED00EB9B
:10BBF00085ED02FB1FED500B85ED040B1FED500B87
:10BC000085ED060B95ED000B53EC182B51EC100B4A
:10BC100002F08EFC02F09EFB386395ED020B53ECB4
:10BC2000182B51EC100B02F083FC02F093FB7863AD
:10BC300095ED040B53EC182B51EC100B02F078FC33
:10BC400002F088FBB86395ED060B53EC182B51EC12
:10BC5000100B02F06DFC02F07DFBF86302B0BDEC4E
:10BC6000108BBDE8F087FFE7B0EE401AF0EE601AE7
:10BC700085ED001BB0EE401AF0EE601A85ED021B58
:10BC8000B0EE401AF0EE601A85ED041B85ED060B50
:10BC9000B8E70000000000000080564000000000EF
:10BCA000000000005018002082B0CDE9000121F012
:10BCB000004001909DED000B02B051EC100B70475D
:10BCC00018B58DED000A0021009CCB0024FA03F288
:10BCD0004254491CC9B20429F7D318BD2DED0A8B73
:10BCE000404E9FED41AA4FF47A7779E056F825004F
:10BCF000020E00EE102AB8EE408AC0F3074100EEB3
:10BD0000101AF8EE408AC0F3072300EE103AB8EE9E
:10BD1000409AC4B200EE104AF8EE409A6D1C56F8F4
:10BD200025004FEA106C00EE10CAF8EE400A00EE53
:10BD3000102AB8EE400A70EEC01AC0F3074200EEB7
:10BD4000102AF8EE400A00EE101AB8EE400A30EE63
:10BD5000C01AC0F3072100EE101AF8EE400A00EEF8
:10BD6000103AB8EE400A70EEC00AC0B200EE100AF7
:10BD7000B8EE402A00EE104AB8EE400A32EE400A11
:10BD8000C1EE8AAA81EE0ABAC0EE8ABA80EE0ACA69
:10BD9000002438EE2A8A78EE8B8A39EE2B9A79EED7
:10BDA0008C9ABCEEC80A10EE100ABCEEE80A010636
:10BDB00010EE100ABCEEC90A41EA004110EE100A6A
:10BDC000BCEEE90A41EA002010EE101A0843FFF722
:10BDD000D7F9641CA4B2BC42DBD3ADB2062D85D327
:10BDE000002583E76804002000007A44F6F7BAFBD8
:10BDF000FAF790FEF9F738FBF9F770FAF9F72AFA33
:10BE0000F9F7B0FCF9F72EFCF9F746FAF9F7C6FC9A
:10BE1000F9F7E4FCF9F7C0FBF9F7FEFBF9F77EFC54
:10BE2000FFF71CFC4FF4FA70F6F77EFAF9F794FA74
:10BE300000F06CFCFEE701460020842900D0C81CFD
:10BE40007047000070B504462DED048B0D46F0EEF2
:10BE5000408AB0EE609A2188A1F201219FED418ACB
:10BE600004F1780608293FD2DFE801F00404040455
:10BE700041414141012D19D1B0EE490AFFF7E2FBE2
:10BE800000EE100AF8EEC01AB0EE680AFFF7DAFB0F
:10BE900000EE100AF0EE610A3046B8EEC00AF9F77B
:10BEA000BFFEBDEEC00A10EE100A6081042D1BD14A
:10BEB000B0EE490AFFF7C6FB00EE100AF8EEC01A12
:10BEC000B0EE680AFFF7BEFB00EE100AB0EE481AAB
:10BED000F0EE610AB8EEC00A3046F4F78FFCBDEE12
:10BEE000C00A10EE100A6081BDEC048B70BD012DFC
:10BEF00019D1B0EE490AFFF7A5FB00EE100AF8EEE3
:10BF0000C01AB0EE680AFFF79DFB00EE100AF0EED3
:10BF1000610A3046B8EEC00AF9F782FEBDEEC00AEB
:10BF200010EE100A6081042DDED1B0EE490AFFF751
:10BF300089FB00EE100AF8EEC01AB0EE680AFFF7AF
:10BF400081FB00EE100AB0EE481AF0EE610AB8EE7E
:10BF5000C00A3046F4F752FCBDEEC00A10EE100ADB
:10BF60006081C1E700F8FF452DE9F04704462DED5B
:10BF7000028B0D469246B0EE408AFD4804F1280936
:10BF8000824527D12088FB4EA0F20120FA4FDFF82E
:10BF9000EC830B281ED2DFE800F0061E364E667ECC
:10BFA00096AEC6E0FB00012D0FD1B4F9040000EEFF
:10BFB000100A4846F8EEC00AB0EE480AF9F730FE1B
:10BFC000BDEEC00A10EE100A6083608B000A30706C
:10BFD000A07E7070F5E0012D0FD1B4F9040000EEE1
:10BFE000100A4846F8EEC00AB0EE480AF9F718FE03
:10BFF000BDEEC00A10EE100A6083608B000AB070BC
:10C00000A07EF070DDE0012D0FD1B4F9040000EE48
:10C01000100A4846F8EEC00AB0EE480AF9F700FEEA
:10C02000BDEEC00A10EE100A6083608B000A30710A
:10C03000A07E7071C5E0012D0FD1B4F9040000EEAF
:10C04000100A4846F8EEC00AB0EE480AF9F7E8FDD3
:10C05000BDEEC00A10EE100A6083608B000AB0715A
:10C06000A07EF071ADE0012D0FD1B4F9040000EE17
:10C07000100A4846F8EEC00AB0EE480AF9F7D0FDBB
:10C08000BDEEC00A10EE100A6083608B000A3870A3
:10C09000A07E787095E0012D0FD1B4F9040000EE78
:10C0A000100A4846F8EEC00AB0EE480AF9F7B8FDA3
:10C0B000BDEEC00A10EE100A6083608B000AB870F3
:10C0C000A07EF8707DE0012D0FD1B4F9040000EEE0
:10C0D000100A4846F8EEC00AB0EE480AF9F7A0FD8B
:10C0E000BDEEC00A10EE100A6083608B000A387142
:10C0F000A07E787165E0012D0FD1B4F9040000EE47
:10C10000100A4846F8EEC00AB0EE480AF9F788FD72
:10C11000BDEEC00A10EE100A6083608B000AB87191
:10C12000A07EF8714DE0012D0FD1B4F9040000EEAE
:10C13000100A4846F8EEC00AB0EE480AF9F770FD5A
:10C14000BDEEC00A10EE100A6083608B000A88F80A
:10C150000000A07E88F8010033E0012D0FD1B4F972
:10C16000040000EE100A4846F8EEC00AB0EE480A95
:10C17000F9F756FDBDEEC00A10EE100A6083608B21
:10C18000000A88F80200A07E88F8030019E0FFE7A3
:10C19000012D0FD1B4F9040000EE100A4846F8EE64
:10C1A000C00AB0EE480AF9F73BFDBDEEC00A10EE3A
:10C1B000100A6083608B000A88F80400A07E88F86B
:10C1C00005006F48824527D120886E4EA0F20120DD
:10C1D0006D4FDFF8B8810B281ED2DFE800F0062192
:10C1E0003951698199B1D9F5F300012D0FD1B4F915
:10C1F000040000EE100A4846F8EEC00AB0EE480A05
:10C20000F9F70EFDBDEEC00A10EE100A6083608BD8
:10C21000000A3070A07E7070BDEC028BBDE8F08724
:10C22000012D0FD1B4F9040000EE100A4846F8EED3
:10C23000C00AB0EE480AF9F7F3FCBDEEC00A10EEF2
:10C24000100A6083608B000AB070A07EF070E3E794
:10C25000012D0FD1B4F9040000EE100A4846F8EEA3
:10C26000C00AB0EE480AF9F7DBFCBDEEC00A10EEDA
:10C27000100A6083608B000A3071A07E7071CBE77A
:10C28000012D0FD1B4F9040000EE100A4846F8EE73
:10C29000C00AB0EE480AF9F7C3FCBDEEC00A10EEC2
:10C2A000100A6083608B000AB071A07EF071B3E762
:10C2B000012D0FD1B4F9040000EE100A4846F8EE43
:10C2C000C00AB0EE480AF9F7ABFCBDEEC00A10EEAA
:10C2D000100A6083608B000A3870A07E78709BE73C
:10C2E000012D0FD1B4F9040000EE100A4846F8EE13
:10C2F000C00AB0EE480AF9F793FCBDEEC00A10EE92
:10C30000100A6083608B000AB870A07EF87083E723
:10C31000012D0FD1B4F9040000EE100A4846F8EEE2
:10C32000C00AB0EE480AF9F77BFCBDEEC00A10EE79
:10C33000100A6083608B000A3871A07E78716BE709
:10C34000012D0FD1B4F9040000EE100A4846F8EEB2
:10C35000C00AB0EE480AF9F763FCBDEEC00A10EE61
:10C36000100A6083608B000AB871A07EF87153E7F1
:10C37000E00C0020D8030020D0030020E0030020C0
:10C38000080D0020F0030020E8030020F80300203F
:10C39000012D0FD1B4F9040000EE100A4846F8EE62
:10C3A000C00AB0EE480AF9F73BFCBDEEC00A10EE39
:10C3B000100A6083608B000A88F80000A07E88F86D
:10C3C000010029E71AE0FFE7012D0FD1B4F90400BD
:10C3D00000EE100A4846F8EEC00AB0EE480AF9F737
:10C3E0001FFCBDEEC00A10EE100A6083608B000ACD
:10C3F00088F80200A07E88F803000DE7012D0FD118
:10C40000B4F9040000EE100A4846F8EEC00AB0EE97
:10C41000480AF9F705FCBDEEC00A10EE100A608369
:10C42000608B000A88F80400A07E88F80500F3E617
:10C4300070B52DED0A8B9FEDA78BA84C94ED030AE8
:10C44000D4ED050A9FEDA6AA60EE8A0ADFEDA5AA43
:10C4500000EEEA0A10EE100A02F0B8FD41EC100BF3
:10C460009FEDA1CBB0EE4C1AF0EE6C1AFDF778FB05
:10C47000F0EE609AD4ED050AB0EE409A94ED040A0D
:10C4800060EE8A0A00EEAA0A10EE100A02F09EFD83
:10C4900041EC100BB0EE4C1AF0EE6C1AFDF760FB9D
:10C4A000B0EE401AF0EE601A53EC192B51EC110B60
:10C4B00001F082FF41EC100BFEF7DEF98C4DB0EE7F
:10C4C00040BAF0EE60BA95F9000002F022FA9FED52
:10C4D000899B53EC192B02F083FA53EC1B2B02F0CF
:10C4E0007FFA53EC182B02F07BFA02F0B5F92085A5
:10C4F000D4ED050A94ED030A60EE8A0A00EEEA0A1A
:10C5000010EE100A02F062FD41EC100BB0EE4C1A76
:10C51000F0EE6C1AFDF724FBF0EE60BAD4ED050ADC
:10C52000B0EE40BA94ED040A60EE8A0A00EEEA0A20
:10C5300010EE100A02F04AFD41EC100BB0EE4C1A5E
:10C54000F0EE6C1AFDF70CFBB0EE401AF0EE601A3C
:10C5500053EC1B2B51EC110B01F02EFF41EC100B97
:10C56000FEF78AF9B0EE40BAF0EE60BA95F9010034
:10C5700002F0CFF953EC192B02F032FA53EC1B2BDB
:10C5800002F02EFA53EC182B02F02AFA02F064F9AA
:10C590006085D4ED050A94ED030A60EE8A0A00EE88
:10C5A000AA0A10EE100A02F011FD41EC100BB0EED9
:10C5B0004C1AF0EE6C1AFDF7D3FAF0EE60BAD4ED37
:10C5C000050AB0EE40BA94ED040A60EE8A0A00EE65
:10C5D000EA0A10EE100A02F0F9FC41EC100BB0EE82
:10C5E0004C1AF0EE6C1AFDF7BBFAB0EE401AF0EE02
:10C5F000601A53EC1B2B51EC110B01F0DDFE41ECEA
:10C60000100BFEF739F9B0EE40BAF0EE60BA95F9CA
:10C61000020002F07EF953EC192B02F0E1F953EC21
:10C620001B2B02F0DDF953EC182B02F0D9F902F0C4
:10C6300013F9A085D4ED050A94ED030A60EE8A0A89
:10C6400000EEAA0A10EE100A02F0C0FC41EC100B3A
:10C65000B0EE4C1AF0EE6C1AFDF782FAF0EE60BA0A
:10C66000D4ED050AB0EE40BA94ED040A60EE8A0AF1
:10C6700000EEAA0A10EE100A02F0A8FC41EC100B22
:10C68000B0EE4C1AF0EE6C1AFDF76AFA53EC1B2B65
:10C6900051EC100B01F090FE41EC100BFEF7ECF8A2
:10C6A000B0EE40AAF0EE60AA95F9030002F031F96D
:10C6B00053EC192B02F094F953EC1A2B02F090F979
:10C6C00053EC182B02F08CF902F0C6F8E085BDECB3
:10C6D0000A8B70BD0000004038310840D020002097
:10C6E00000007042F704353F0000000000000040E9
:10C6F00061040020000000000000F83F10B5002891
:10C7000000D1012000F0D8FE002010BD10B500F0CF
:10C71000E3FF002010BD7FB504460D466169B4F902
:10C720000800002910D0A16971B1FFF784FBD4E99A
:10C730000521CDE901210090D4E900102B462269A2
:10C7400001F0FAFB039010E0FFF775FB03A9CDE9B8
:10C750000001208A2B4682B2D4E9001001F0BAFB16
:10C76000012802D0002004B070BD0398FBE7000050
:10C770002DE9F04104460F46174EF5683068001D5C
:10C7800000F064FD38B9306890F82C100120884022
:10C79000316981433161601C07D137B13168BDE82F
:10C7A000F041091D0D4800F0A1BD2C4430684460E3
:10C7B000AC4206D23168B06B091DBDE8F04100F013
:10C7C0007DBD3168706B091D00F078FDB06A844250
:10C7D00000D2B462BDE8F081B8050020BC3E002064
:10C7E00070B5044600F08EFD1C4DA868401CA86082
:10C7F000286810B1686938B10CE02C60A86801287D
:10C8000008D100F089F905E02868E16AC06A884229
:10C8100000D82C60686A401C6862E06A01212A69BD
:10C820008140114329610E4900EB800001EB80003B
:10C83000211D00F05BFD00F085FD686900280CD02B
:10C840002868E16AC06A884207D206494FF08050E2
:10C850000860BFF34F8FBFF36F8F70BDB805002026
:10C86000E03D002004ED00E038B500F04BFD104C39
:10C870002068C8B90F4800F013FD0E48143000F0CE
:10C880000FFD0C48E060143020610A4B0020C03BD3
:10C89000009003F148020C210A2001F0B1F8206059
:10C8A00010B105A100F0D2FDBDE8384000F04ABD4E
:10C8B000F4050020903F0020546D725100000000EC
:10C8C00070B50C4D0C4E11E000F01CFDF068C46812
:10C8D000201D00F0BBFCA868401EA8606868401ED0
:10C8E000686000F02FFD204600F053F868680028CB
:10C8F000EAD170BDB8050020A83E002030B40B4638
:10C90000026C002A0CD0C1681144C1608468A14245
:10C9100001D30168C160C16830BC1846F3F79BBD04
:10C9200030BC70472DE9F041044617460026A56B40
:10C93000226C002A10D0C7B1E068F3F78CFDE168E3
:10C94000206C091AE1602268914202D2A168081A9B
:10C95000E060022F16D017E02068A8B9A06801F0A7
:10C9600095FB06460020A0600EE06068F3F773FDBB
:10C97000216C606808446060A168884204D3206824
:10C98000606001E005B16D1E6D1CA5633046BDE819
:10C99000F08110B5044694F8510000280BD001280E
:10C9A00011D0022814D0502080F31188BFF34F8F8C
:10C9B000BFF36F8FFEE7206B00F0DAFC2046BDE886
:10C9C000104000F0D5BC2046BDE8104000F0D0BCBF
:10C9D00010BD00000749CA681168002904D0002171
:10C9E000016019B1002070470121F9E7D0680068A3
:10C9F00070470000F40500204FF4F0410F48420753
:10CA000006D0C01D20F007000C49411AC1F5F041C5
:10CA10000B4A1060002353600144083921F00701DC
:10CA2000183A11604B600B600B1A4360016040685C
:10CA3000906050604FF0004050617047B83F002058
:10CA400020060020074E4FF08054074DFFF738FFB7
:10CA500030680128FAD92C60BFF34F8FBFF36F8F76
:10CA6000F4E70000E03D002004ED00E003460098FC
:10CA7000002905D00260C3630164012100F0F6BF04
:10CA80000060F8E72DE9F0478246DDE908580A9C86
:10CA90009946521E206B00EB820020F007067007BB
:10CAA00007D0502080F31188BFF34F8FBFF36F8FF3
:10CAB000FEE7002761B1002023180A5C83F83420C8
:10CAC0000A5C12B1401C1028F6D384F8437001E0D0
:10CAD00084F83470072D00D30625E5626564A764E9
:10CAE000201D00F0E8FB04F1180000F0E4FB2461D5
:10CAF000C5F10700A0616462E76484F850704A469B
:10CB00005146304600F0A0FA2060B8F1000F01D085
:10CB1000C8F80040BDE8F08770B50024124D04EB62
:10CB2000840005EB800000F0BBFB641C072CF6D3EF
:10CB30000D488C3000F0B4FB0B48A03000F0B0FB87
:10CB40000948B43000F0ACFB0748C83000F0A8FB3F
:10CB50000548DC3000F0A4FB034904488C314163F4
:10CB60001431816370BD0000E03D0020B805002055
:10CB700030B5134900E011460A688242FBD34B6886
:10CB80005C18844203D140681844486008460D6828
:10CB900044682318AB420DD1094B183B1B689A42DD
:10CBA00006D05268224442600A681268026002E0BD
:10CBB000036000E00260814200D0086030BD0000E8
:10CBC0002006002070B50024416000610C4D9142A8
:10CBD0000AD8D11A8269914201D301240EE0011DC5
:10CBE000286900F06BFB09E09A4203D2994201D315
:10CBF000012403E0011DE86800F060FB204670BDE1
:10CC0000F405002010B5044600F07CFBA06B20B1B9
:10CC1000002400F097FB204610BD0124F9E710B571
:10CC2000044600F06FFBA06BE16B884201D1012448
:10CC300000E0002400F086FB204610BDF8B5054654
:10CC40000E461748C068C068C468201D00F0FEFA90
:10CC500094F82400410718D5A0692B4641193246A3
:10CC60002046FFF7AFFFA0B1002003460146009029
:10CC70002A46204601F02EFB58B9502080F3118837
:10CC8000BFF34F8FBFF36F8FFEE720F0010084F8F2
:10CC90002400216A01B02046BDE8F04008470000AA
:10CCA000F405002030B585B0394D67E002980028C2
:10CCB00064DB049C606910B1201D00F0C7FA01A874
:10CCC00000F0B0F8024602980A2857D2DFE800F0D8
:10CCD0000505052D334A05052D3394F8240040F051
:10CCE000010084F824000398A1690346014420460A
:10CCF000FFF768FF68B3216A2046884794F824004C
:10CD000040073BD5002000900398A16900234218FA
:10CD10001946204601F0DEFAD8B9502080F3118878
:10CD2000BFF34F8FBFF36F8FFEE714F8240F20F08F
:10CD30000100207022E094F8240040F0010084F803
:10CD400024000398A06128B1811813462046FFF7FC
:10CD500039FF13E0502080F31188BFF34F8FBFF3EA
:10CD60006F8FFEE794F82400810703D4204600F07B
:10CD7000FFFA03E020F0010084F82400002202A959
:10CD8000286800F0CBFF002890D105B030BD00002E
:10CD9000F4050020F8B506460D4600F0E5FC6846AF
:10CDA00000F040F80446009810B101F0F9F9F8BD20
:10CDB00045B9A64206D801F0F3F921463046FFF7FF
:10CDC0003DFFF8BD0C481DB10169096891B100250E
:10CDD000311B2A46006800F04BFB01F0E1F9002806
:10CDE000EFD106494FF080500860BFF34F8FBFF37B
:10CDF0006F8FF8BD0125EBE7F405002004ED00E09E
:10CE00000748416B0968002905D0416BC968C968AA
:10CE10004968816270474FF0FF31816270470000BE
:10CE2000B805002070B5054601F0C2F80446074E6B
:10CE3000B068844204D200F00BF80120286001E0C1
:10CE400000202860B460204670BD0000F40500207A
:10CE5000F8B51A4E20E0C0680568C468201D00F0CF
:10CE6000F5F9216A2046884794F82400400713D535
:10CE7000A0692844A84206D960602461211DF06899
:10CE800000F01CFA08E000200346014600902A4604
:10CE9000204601F01FFA40B1F06801680029DAD19C
:10CEA000F0683169F1603061F8BD502080F311887D
:10CEB000BFF34F8FBFF36F8FFEE70000F405002034
:10CEC00009484068401C07D0502080F31188BFF308
:10CED0004F8FBFF36F8FFEE7502080F31188BFF3B1
:10CEE0004F8FBFF36F8FFEE72806002008B5684616
:10CEF000FFF770FD0099FFF74DFFFFF7D3FEF6E750
:10CF00002DE9F041044600F0FDF994F9455004F193
:10CF1000240609E0606A48B1304601F003F908B11F
:10CF200000F09CFB6D1E6DB2002DF3DC4FF0FF3660
:10CF300084F8456000F006FA00F0E4F994F94450F2
:10CF400004F1100709E0206948B1384601F0EAF819
:10CF500008B100F083FB6D1E6DB2002DF3DC84F888
:10CF60004460BDE8F04100F0EDB900002DE9F0416A
:10CF70000546002600F0F8FB324F386808B9FFF785
:10CF80003BFD786905424DD18DB1083568070ED05B
:10CF900005F00700C0F108000544680707D05020DD
:10CFA00080F31188BFF34F8FBFF36F8FFEE7CDB3D0
:10CFB0007868854236D8234918310846046801E06C
:10CFC000214604466068A84202D220680028F7D1B2
:10CFD0003868844226D00E68083620680860606889
:10CFE000411B10290ED96019420707D0502080F349
:10CFF0001188BFF34F8FBFF36F8FFEE7416065600D
:10D00000FFF7B6FD61687868401A7860BA689042A8
:10D0100000D2B86078690143616000202060F86840
:10D02000401CF86001F0BCF8700707D0502080F376
:10D030001188BFF34F8FBFF36F8FFEE73046BDE817
:10D04000F08100000806002024384FF0807303624E
:10D0500021F00101C1610449816142606FF0020168
:10D0600040F8201970470000C1CE000800B52DED32
:10D07000048B83B041EC190B01F0F2FD41EC180B6D
:10D0800018EE100A18EE901A8DED008B002818BFCC
:10D090000120084320F00040C0F17F6000F1E04033
:10D0A000C00F14D019EE101A19EE900A8DED009BE6
:10D0B000002918BF0121084320F00040C0F17F6023
:10D0C00000F1E040C00F04BF0120F3F78CFA51ECEF
:10D0D000180B03B0BDEC048B00BD00002DE9F84334
:10D0E000FEF72EFA4F4C4E4E04F5487094EDCF0AE1
:10D0F000D6ED040A04210746FEF7A4FE04F5806578
:10D1000004F57A70D6ED0E0A95ED010A04218046E9
:10D11000FEF798FE04F59660D6ED180A95ED330AF1
:10D1200004218146FEF78EFE95ED650A04F5AF6099
:10D13000D6ED220A04210546FEF784FEB4F90A0062
:10D14000394A00EE100A01212046B8EEC00AFEF767
:10D150000BFFB4F9D200344A00EE100A012104F1A9
:10D16000C800B8EEC00AFEF7FFFEB4F99A012E4AD5
:10D1700000EE100A012104F5C870B8EEC00AFEF7EF
:10D18000F3FEB4F96202284A00EE100A012104F508
:10D190001670B8EEC00AFEF7E7FEB4F92A03234A78
:10D1A00000EE100A01213846B8EEC00AFEF7DCFE98
:10D1B000B4F9F2031D4A00EE100A01214046B8EE10
:10D1C000C00AFEF7D1FEB4F9BA04184A00EE100AFC
:10D1D00001214846B8EEC00AFEF7C6FEB4F9820542
:10D1E000124A00EE100A01212846B8EEC00AFEF7E6
:10D1F000BBFE104E0E48104D009074684FF4007343
:10D20000002209492868A0470C480090746840F241
:10D21000FF13002205492868A047BDE8F8830000F5
:10D22000B017002050180020E00C0020080D00204E
:10D23000D8030020C803002008000020E8030020D5
:10D24000014880ED060A7047D02000200169D0E92E
:10D2500001329A60D0E901235A604A68824201D1C2
:10D2600082684A60002202610868401E08600868FF
:10D2700070470000034B036003F1540008608020F6
:10D280001060704738060020044B036003F154001F
:10D2900008604FF480701060704700008C08002018
:10D2A00000F1080141604FF0FF328260C16001610E
:10D2B00000210160704700210161704730B50C68A2
:10D2C000621C02D000F1080202E0026904E01A4682
:10D2D00053681D68A542FAD953684B6099608A600B
:10D2E000516008610168491C016030BD42684A60B4
:10D2F00093688B6093685960916008610168491C6C
:10D3000001607047502080F31188BFF34F8FBFF347
:10D310006F8F0A494868401C486001280CD10848B2
:10D32000006810F0FF0F07D0502080F31188BFF382
:10D330004F8FBFF36F8FFEE7704700002806002075
:10D3400004ED00E009494868002806D0401E486006
:10D35000002801D180F311887047502080F3118894
:10D36000BFF34F8FBFF36F8FFEE70000280600204A
:10D3700070B500282AD008380446154D60686969E0
:10D38000084207D1502080F31188BFF34F8FBFF3BD
:10D390006F8FFEE722683AB1502080F31188BFF307
:10D3A0004F8FBFF36F8FFEE78843606000F0DCF9BA
:10D3B00060686968084468602046FFF7D9FB2869FF
:10D3C000401C2861BDE8704000F0EABE70BD00005E
:10D3D000080600204FF0E02000210161816105492D
:10D3E0004FF47A720968B1FBF2F1491E41610721DD
:10D3F000016170471805002010B5F2F791FF11493F
:10D4000010280ED300F1E02090F8F0030A78904243
:10D4100007D2502080F31188BFF34F8FBFF36F8F77
:10D42000FEE709480068896800F4E060884207D98F
:10D43000502080F31188BFF34F8FBFF36F8FFEE74B
:10D4400010BD0000280600200CED00E010B5002201
:10D45000064B53F832401CB1521C082AF9D310BDB8
:10D4600043F8321003EBC201486010BDA03D00201C
:10D4700070B504460D461646FFF744FF94F9443054
:10D480004FF000005B1C01D184F8440094F9451072
:10D49000491C01D184F84500FFF754FFA06B28B95F
:10D4A0003246294604F1240000F0F8F82046BDE891
:10D4B0007040FFF725BD000010B502460020002A8D
:10D4C00012D00F48006B38B1502080F31188BFF3A1
:10D4D0004F8FBFF36F8FFEE700F046F90021104633
:10D4E000FFF746F900F05CFE002807D105494FF030
:10D4F00080500860BFF34F8FBFF36F8F10BD0000E7
:10D50000B805002004ED00E070B505460E46002386
:10D51000002D0BD096B1204A106BB8B1502080F38B
:10D520001188BFF34F8FBFF36F8FFEE7502080F35A
:10D530001188BFF34F8FBFF36F8FFEE7502080F34A
:10D540001188BFF34F8FBFF36F8FFEE700F00CF928
:10D55000D2682C68A119944205D98C4208D991420D
:10D5600006D9012304E08C4201D8914200D901235D
:10D5700029601BB1881A0021FFF7FAF800F010FEAD
:10D58000002807D105494FF080500860BFF34F8F46
:10D59000BFF36F8F70BD0000B805002004ED00E000
:10D5A00070B50446FFF7AEFE254D04B92C68201D6A
:10D5B000FFF74CFE58B9E06A224A00EB800152F8AE
:10D5C000211021B901218140286988432861A06A7E
:10D5D00018B104F11800FFF739FE686A401C686250
:10D5E0002868844208D11748211DC830FFF77EFE05
:10D5F0006868401C686007E0A868401EA860204674
:10D60000FFF7C7F9FFF7FCFBFFF79CFE68690028EE
:10D6100014D02868844211D1286B38B1502080F38F
:10D620001188BFF34F8FBFF36F8FFEE706494FF0AE
:10D6300080500860BFF34F8FBFF36F8F70BD000045
:10D64000B8050020E03D002004ED00E002490A6A30
:10D650000260C96841607047B80500200149012097
:10D66000C8617047B805002010B50C4600280AD0E4
:10D67000094909681831FFF721FE2046BDE810402E
:10D680000121FFF775B8502080F31188BFF34F8F49
:10D69000BFF36F8FFEE70000B805002070B50D46A0
:10D6A000144600280DD00B4909681831FFF71EFEFB
:10D6B0000CB14FF0FF3521462846BDE87040FFF71A
:10D6C00057B8502080F31188BFF34F8FBFF36F8F8F
:10D6D000FEE70000B805002030B587B000250695AC
:10D6E000059504AA05A906A8FFF7C4FDDDE9051004
:10D6F000CDE900510290002317A11948049A00F0C7
:10D700001BFC184CE06208B1012000E00020012859
:10D7100001D100F0ABFD012809D0401C19D15020E7
:10D7200080F31188BFF34F8FBFF36F8FFEE7502058
:10D7300080F31188BFF34F8FBFF36F8F4FF0FF302F
:10D74000A06201206061E56007B0BDE8304000F0F4
:10D75000BBB807B030BD000049444C450000000094
:10D7600045CA0008B80500200248016B491C016346
:10D7700070470000B8050020154A106B002802D041
:10D780000120D06170470020D0611069B0FA80F0AC
:10D79000C0F11F000F4900EB800051F8203073B139
:10D7A00001EB800041684968416000F1080399423B
:10D7B00001D1496841604068C068106070475020DE
:10D7C00080F31188BFF34F8FBFF36F8FFEE7000028
:10D7D000B8050020E03D002010B52DED068BDFEDF3
:10D7E000370A20EE200ADFED360A80EE208A18EE96
:10D7F000100A01F0EBFB41EC100BFCF7D9FF314CA8
:10D80000B0EE409AF0EE609A606801F0DFFB53ECF6
:10D81000192B01F0E5F841EC190B18EE100A01F094
:10D82000D5FB41EC100BFCF72BF9B0EE40AAF0EE63
:10D8300060AA206801F0CAFB53EC1A2B01F0D0F863
:10D8400053EC192B01F0D8FA00F084FDE06018EEDB
:10D85000100A01F0BBFB41EC100BFCF711F9B0EE24
:10D86000409AF0EE609A606801F0B0FB53EC192B1F
:10D8700001F0B6F841EC190B18EE100A01F0A6FB06
:10D8800041EC100BFCF794FFB0EE408AF0EE608A9A
:10D89000206801F09BFB53EC182B01F0A1F853EC2E
:10D8A000192B00F089FD00F055FD206194ED020A6E
:10D8B00084ED050ABDEC068B10BD0000D00F494079
:10D8C00000003443D02000201CB537480168374A97
:10D8D000914207D1502080F31188BFF34F8FBFF3DF
:10D8E0006F8FFEE700683149491E884207D15020FA
:10D8F00080F31188BFF34F8FBFF36F8FFEE72C4982
:10D9000008780190FF200870087800909DF80000CA
:10D910009DF8002000F0F000904207D0502080F3E6
:10D920001188BFF34F8FBFF36F8FFEE79DF80000A4
:10D93000204C00F0500020700720A06006E0A06896
:10D94000401EA0609DF80000400000909DF800007F
:10D950000006F4D4A068032807D0502080F3118873
:10D96000BFF34F8FBFF36F8FFEE74FF44070A0609F
:10D97000019808700C482030016841F47001016082
:10D98000016841F070410160FFF724FD00206060F4
:10D99000F2F78EFC0848016841F040410160F2F75F
:10D9A00073FC00201CBD000000ED00E071C20F41BF
:10D9B00000E400E02806002034EF00E0F8B505465A
:10D9C0000E461746002D13D005FB06F04830FFF732
:10D9D000CDFA044654B122464832002084F846006D
:10D9E0003B46314628460094FFF740F82046F8BDF4
:10D9F000502080F31188BFF34F8FBFF36F8FFEE786
:10DA000038B5049D002804D05BB102B189B1C2B120
:10DA100020E0502080F31188BFF34F8FBFF36F8F4A
:10DA2000FEE7502080F31188BFF34F8FBFF36F8F55
:10DA3000FEE7502080F31188BFF34F8FBFF36F8F45
:10DA4000FEE739B1502080F31188BFF34F8FBFF349
:10DA50006F8FFEE7482400941C46012384F846306B
:10DA60002B460094FFF702F8204638BD70B50446F7
:10DA70000D46002C25D0FFF745FCD4E90F20216886
:10DA800002FB0011A1600021A16321686160E06BCD
:10DA90002268216C401E00FB0121E1604FF0FF3045
:10DAA00084F8440084F8450004F110008DB1FFF7BC
:10DAB000F7FB04F12400FFF7F3FBFFF743FC012021
:10DAC00070BD502080F31188BFF34F8FBFF36F8F6D
:10DAD000FEE721690029F0D000F024FB0028ECD0FB
:10DAE00004494FF080500860BFF34F8FBFF36F8F32
:10DAF000E3E7000004ED00E02DE9FF4782B00446B3
:10DB00008A461E460025002C03D0BAF1000F08D02B
:10DB100011E0502080F31188BFF34F8FBFF36F8F58
:10DB2000FEE7206C38B1502080F31188BFF34F8F8F
:10DB3000BFF36F8FFEE7022E0AD1E06B012807D0FA
:10DB4000502080F31188BFF34F8FBFF36F8FFEE734
:10DB500000F020FA48B9049838B1502080F31188B9
:10DB6000BFF34F8FBFF36F8FFEE74FF000094FF009
:10DB70008057DFF8E480FFF7C5FBA06BE16B8842BC
:10DB800005D3022E03D0049808B325B327E032460C
:10DB900051462046FEF7C6FE616A59B104F12400E1
:10DBA00000F0C0FA68B1C8F80070BFF34F8FBFF340
:10DBB0006F8F06E028B1C8F80070BFF34F8FBFF336
:10DBC0006F8FFFF7BFFB012006B0BDE8F087FFF7BE
:10DBD000B9FB0020F8E76846FFF738FD0125FFF79D
:10DBE000B1FBFFF7C1FDFFF78DFB94F94400401C2A
:10DBF00001D184F8449094F94500401C01D184F887
:10DC00004590FFF79FFB04A9684600F025F930B165
:10DC10002046FFF775F900F0C3FA0020D4E720464C
:10DC2000FEF7FDFF90B104F110000499FFF71CFD11
:10DC30002046FFF765F900F0B3FA00289BD1C8F839
:10DC40000070BFF34F8FBFF36F8F94E72046FFF74D
:10DC500057F900F0A5FA8EE704ED00E02DE9F04752
:10DC60000446894690461F46002C03D0B9F1000FA8
:10DC700008D011E0502080F31188BFF34F8FBFF31D
:10DC80006F8FFEE7206C38B1502080F31188BFF30E
:10DC90004F8FBFF36F8FFEE7022F0AD1E06B012891
:10DCA00007D0502080F31188BFF34F8FBFF36F8FE1
:10DCB000FEE7FFF7A1FB5020EFF3118680F31188F8
:10DCC000BFF34F8FBFF36F8FA06BE16B884206D31A
:10DCD000022F04D0002086F31188BDE8F08794F964
:10DCE0004550A06B3A4649462046FEF71BFE681C8D
:10DCF00004D06D1C84F845500120ECE7606A0028D0
:10DD0000FAD004F1240000F00DFA0028F4D0B8F1A4
:10DD1000000FF1D00120C8F80000EDE72DE9F7472A
:10DD200083B004468A460026002C03D0BAF1000FC7
:10DD300008D011E0502080F31188BFF34F8FBFF35C
:10DD40006F8FFEE7206C38B1502080F31188BFF34D
:10DD50004F8FBFF36F8FFEE700F01CF948B90598AD
:10DD600038B1502080F31188BFF34F8FBFF36F8F0E
:10DD7000FEE700274FF08058DFF8D890FFF7C2FA8F
:10DD8000A56BC5B151462046FEF7B8FD6D1EA563D3
:10DD9000206950B104F1100000F0C4F928B1C9F8AD
:10DDA0000080BFF34F8FBFF36F8FFFF7CBFA0120D7
:10DDB00006B0BDE8F087059808B126B107E0FFF787
:10DDC000C1FA0020F4E701A8FFF740FC0126FFF7A5
:10DDD000B9FAFFF7C9FCFFF795FA94F94400401C23
:10DDE00001D184F8447094F94500401C01D184F8B5
:10DDF0004570FFF7A7FA05A901A800F02DF858B162
:10DE00002046FFF77DF800F0CBF92046FEF7FAFE3A
:10DE10000028B3D00020CBE72046FEF7F3FE90B1F8
:10DE200004F124000599FFF71FFC2046FFF768F86E
:10DE300000F0B6F90028A1D1C9F80080BFF34F8FD8
:10DE4000BFF36F8F9AE72046FFF75AF800F0A8F962
:10DE500094E7000004ED00E02DE9F04105460C4692
:10DE6000002D11D0C4B1FFF74DFA194EF0686B6860
:10DE7000C11A2268571C17D02F68366AB74215D0CE
:10DE8000834213D801241DE0502080F31188BFF392
:10DE90004F8FBFF36F8FFEE7502080F31188BFF3E1
:10DEA0004F8FBFF36F8FFEE700240BE08A4206D945
:10DEB000501A20602846FFF7C9FB002402E000202A
:10DEC00020600124FFF73EFA2046BDE8F081000003
:10DED000B80500202DE9FF5F8146DDE90E788A460E
:10DEE00016469B46B000FFF741F8054628000AD0C9
:10DEF0005420FFF73BF804460CB1256304E02846A4
:10DF0000FFF736FA00E000249CB1002084F85100AD
:10DF1000CDE90240CDE900785B463246514648469D
:10DF2000FEF7B0FD2046FEF75BFC012004B0BDE823
:10DF3000F09F4FF0FF30F9E7F0B585B00746DDE917
:10DF40000A600C9C002815D0E4B154250395206389
:10DF5000022084F85100002004ADCDE90240CDE953
:10DF600000653846FEF78EFD2046FEF739FC049822
:10DF700005B0F0BD502080F31188BFF34F8FBFF381
:10DF80006F8FFEE7502080F31188BFF34F8FBFF3F0
:10DF90006F8FFEE705484169002903D0006B18B177
:10DFA000002070470120704702207047B80500200C
:10DFB0000148C06870470000B80500202DE9F04115
:10DFC0000026304F386B002805D0B869401CB86176
:10DFD0003046BDE8F081FD686D1CFD609DB9786B31
:10DFE000006838B1502080F31188BFF34F8FBFF322
:10DFF0006F8FFEE7786BB96B7963B863386A401C42
:10E000003862FEF7FDFEB86ADFF87C8085420DD3EA
:10E01000786B006838B1786BC068C4686068854206
:10E0200012D2B86202E04FF0FF30B8623868C06ABE
:10E0300000EB800058F82000012800D90126F8697B
:10E040000028C5D00126C3E7201DFFF7FFF8A06A0E
:10E0500018B104F11800FFF7F9F8E06A01213A69F4
:10E0600081401143396100EB800008EB8000211DE5
:10E07000FFF73CF9E06A3968C96A8842C8D30126CB
:10E08000C6E70000B8050020E03D002070B504465A
:10E090000020002C41D0214D29688C4207D050200F
:10E0A00080F31188BFF34F8FBFF36F8FFEE7A16C32
:10E0B00071B1491EA164636CE26A9A422DD00029B5
:10E0C0002BD1201DFFF7C2F8154A012140B112E003
:10E0D000502080F31188BFF34F8FBFF36F8FFEE79F
:10E0E000E06A00EB800352F8233023B901FA00F311
:10E0F000286998432861606CE062C0F10700A06164
:10E10000E06A2B6981401943296100EB800002EB32
:10E110008000211DFFF7EAF8012070BDB80500203E
:10E12000E03D00202DE9F041C068C468002C15D006
:10E1300004F118000746FFF789F8174D2A6B0126EE
:10E14000A2B139461548FFF7D1F8E06A2968C96AD3
:10E1500088421ED90120EE61BDE8F081502080F395
:10E160001188BFF34F8FBFF36F8FFEE7201DFFF7BE
:10E170006DF8E06A2A6906FA00F11143296107493E
:10E1800000EB8000B43901EB8000211DFFF7AEF8F1
:10E19000DBE70020E0E70000B8050020943E002007
:10E1A0002DE9F041002400272D4D286B002807D0D1
:10E1B000FFF7A8F8286B401E2863286B40B14AE09F
:10E1C000502080F31188BFF34F8FBFF36F8FFEE7AE
:10E1D000A868E8B3DFF88C8001261EE0D8F80C00B0
:10E1E000C46804F11800FFF731F8201DFFF72EF87E
:10E1F000E06A2A6906FA00F111432961194900EB26
:10E200008000B43901EB8000211DFFF76FF8E06A50
:10E210002968C96A884200D3EE61D8F80000002856
:10E22000DCD10CB1FEF7ECFDAC6944B1FFF7C6FEE2
:10E2300000B1EE61641E002CF8D10020A861E869ED
:10E2400030B10127084938070860BFF34F8F00E05D
:10E2500001E0BFF36F8FFFF775F83846BDE8F08136
:10E26000B8050020943E002004ED00E030B587B0F2
:10E270000024FEF7F9FA134D2868B0B1002006908B
:10E28000059004AA05A906A8FEF7FEFFDDE9051022
:10E290000222CDE90021029000230BA10C48049A30
:10E2A000FFF74AFE686000B1012414B107B02046B0
:10E2B00030BD502080F31188BFF34F8FBFF36F8FB5
:10E2C000FEE70000F4050020546D722053766300D1
:10E2D000EDCE0008FEB50646089F9C460020002EA5
:10E2E00013D0154D2C68002C0ED00091019202968F
:10E2F000062919DAFFF74EFE02280ED000231A462F
:10E3000069462868FFF7F8FBFEBD502080F31188AE
:10E31000BFF34F8FBFF36F8FFEE700233A46694686
:10E320002868FFF7E9FBFEBD0023624669462046E8
:10E33000FFF794FCFEBD0000F405002081F00041D1
:10E34000704780F00040704721F00041704720F096
:10E350000040704721F00042A2F16052B2F5801FE8
:10E3600001F0004328BFD2F17F6C0BD95FEA001C9B
:10E3700043EAC20242EB507018BF704728BF20F03A
:10E3800001007047B2F5801FBCBF184670474FEAC6
:10E39000410C1CF5001F02D2084600F08DBE70B57E
:10E3A00000F0C8FB00000089FFF7F6BF4FF0004007
:10E3B000A0F580007047000010B591EA030F48BF38
:10E3C00083F0004300F12085841A71EB030C05D221
:10E3D000121943EB0C03001B61EB0C01DFF824E185
:10E3E0004FEA1154A4EB135C1EEA430F18BF9EEAD8
:10E3F000445F73D023EA0E03DCF1200E21EA0451BE
:10E4000043F4801332D322FA0CFE10EB0E0023FAF1
:10E410000CFE41EB0E01CCF1200E03FA0EFE10EBC8
:10E420000E0051F10001B1F5801FCCF1200E32D267
:10E4300001EB045112FA0EF2BDE8104058BF7047CC
:10E44000401C38BF5FEA420218BF7047002814BF63
:10E4500020F0010041F100014FEA410313F5001FD4
:10E4600038BF7047A1F1C04100F0B2BB012A43EBB5
:10E470000302ACF1200CDCF11F0E32BF4FF0000E96
:10E4800023FA0CF310EB030041EB0451B4EB115FE2
:10E49000D0D0A1EB045101F5801149085FEA3000AA
:10E4A00001EB04510ED350F1000038BF12FA0EFEFA
:10E4B00008D1BDE81040C9E7401C38BF5FEA4202FE
:10E4C000CAD1C3E7BDE810404FEA410313F5001F6E
:10E4D00038BF7047A1F1C04100F07ABB9EEA445FAB
:10E4E00008D011EA5E0FBDE8104004BF01F0004102
:10E4F00000207047BDE8104070B500F01BFB00BF66
:10E5000064FBBE3E0000E0FF02494FF0000000F057
:10E51000D8BD00BF0000F87F491058BFC1F140418D
:10E520005B1058BFC3F140438B42EFF3008070474C
:10E530002DE9C04130B4DFF8A0C23CEA111418BF85
:10E540003CEA131400F0EC8081EA03051CEA111484
:10E5500044EAD57418BF1CEA131500F0C780A4EB79
:10E5600005044FF0004545EAC12145EAC32341EACD
:10E57000505143EA525304F17F74994204F5003438
:10E580004FEAC0204FEAC22208BF904200F09C80B0
:10E590004FEA13650FF24016765D4FEA134506FB0E
:10E5A00005F7C7F1807706FB07F74FEAD737A7FBD8
:10E5B00003687642C8F58038A7FB06CE38BFA8F1BD
:10E5C000010807FB08E64FF0000EA6FB028CE6FBF5
:10E5D00003CEDCF1000CCEF1004E38BFAEF1010EDF
:10E5E000A6FB0C584FF000074FF00005E6FB0E8726
:10E5F000A1FB08C6A0FB07CE16EB0E0645F10005F1
:10E60000E1FB076515F1E04E7EBFA4F580345FEABB
:10E6100046066D4116F1800745F100054FEA1727C0
:10E620004FEA066647EA0567A6F1DE46B6F1805F67
:10E630004FEA15251FD9384624F0010C05EBC471AB
:10E64000BCF1FE6F01EB0C1102D8F0BCBDE80081FB
:10E6500024425CBF01F5801E9EEAC47F02D4F0BC58
:10E66000BDE80081244238D4F0BCA1F1C041BDE82E
:10E67000004100F0ADBA4FEAD22242EA43524FEADB
:10E68000D323A7FB02864FEAD02040EA415007FB84
:10E6900003661EEA0E0F4FEAD12105FB026658BF42
:10E6A000A6EB0056B6EB00564FEA520E4EEAC37E7A
:10E6B00018EB0E0E56EB530EBDD518EB02085E415B
:10E6C0007F1C55F10005B6E74FF480154FF00007A9
:10E6D0004FF000064FF00008ADE7F0BC4FF000002F
:10E6E00001F1C04101F00041BDE8008111EA0C1FB9
:10E6F0000CEA131500D00CE013EA0C1F00F0258083
:10E700004FF00000F0BC81EA030101F00041BDE8D8
:10E710000081F0BCBDE8004181EA030100F058BA75
:10E72000F0BCBDE8004170B500F004FA097EFC3E83
:10E7300000F007B881EA03014FF0000001F000414A
:10E74000704781EA030100F043BAF0BCBDE8004124
:10E750004FF0000021497047FFFDFBF9F7F5F4F297
:10E76000F0EEEDEBE9E8E6E4E3E1E0DEDDDBDAD86C
:10E77000D7D5D4D3D1D0CFCDCCCBCAC8C7C6C5C4CA
:10E78000C2C1C0BFBEBDBCBBBAB9B8B7B6B5B4B3E1
:10E79000B2B1B0AFAEADACABAAA9A8A8A7A6A5A4CC
:10E7A000A3A3A2A1A09F9F9E9D9C9C9B9A99999890
:10E7B0009797969595949393929191908F8F8E8E33
:10E7C0008D8C8C8B8B8A89898888878786858584C0
:10E7D00084838382828181800000FF070000F87FAC
:10E7E00051EA030C17D41CF5801F58BFBCF5801FDD
:10E7F00000F10680994218BF704708BF90427047E9
:10E8000007D711F5801F58BF13F5801F19D49942FF
:10E810007047894270471CF5801F08D5BCF5801FE2
:10E82000F7D58B4218BF704708BF824270474FF43C
:10E83000001C1CEB410F38BF1CEB430F01D28B4275
:10E84000704770B500F076F9922449004FF00051FE
:10E850004FF08053FFF760BE4FEA41034FEA535336
:10E86000A3F58063D3F11E03C8BFD3F1210C0CDDE7
:10E870004FF0004242EAC12242EA505232FA03FC0F
:10E880008CEAE17CACEBE1707047102BC4BF002038
:10E89000704703F5787CBCF1FF3F04D06FF0004275
:10E8A00082EA2100704770B500F044F94992248053
:10E8B00000207047F2E700004FEA1153A3F5806390
:10E8C000D3F11E03A8BFD3F1200C08DB4FF00042A8
:10E8D00042EAC12252EA505232FA03F0704709422A
:10E8E0000BD4102BC4BF0020704703F5787CBCF11B
:10E8F000FF3F05D04FF0FF3070474FF000007047EA
:10E9000070B500F017F900BF4992248000207047CD
:10E91000F0E710F0004248BF4042B0FA80F310FA2E
:10E9200003F10AD0C3F11D0303F580634FEA4150A0
:10E9300002EB035202EBD12170474FF00000704709
:10E94000B0FA80F310FA03F10AD0C3F11D0303F506
:10E9500080634FEA41504FEA035202EBD1217047E6
:10E960004FF000007047000051EA030C17D41CF56B
:10E97000801F58BFBCF5801F00F10680994218BF68
:10E98000704708BF9042704707D711F5801F58BFE6
:10E9900013F5801F19D499427047894270471CF5BE
:10E9A000801F08D5BCF5801FF7D58B4218BF704774
:10E9B00008BF824270474FF4001C1CEB410F38BF68
:10E9C0001CEB430F01D28B42704770B500F0B2F8D8
:10E9D000922449004FF000514FF08053FFF79CBD47
:10E9E000DFF848C170B51CEA111E1EBF1CEA1315E2
:10E9F0009EEA0C0F95EA0C0F00F06F8081EA030489
:10EA000023EA4C134EEAD47E21EA4C1141F48011E2
:10EA100043F48013AE44A1FB024CA0FB0365AEF1AE
:10EA20007F7E361955EB0C05A1FB034C4CF100031E
:10EA3000A0FB021C16EB0C06654153F100030942D2
:10EA400018BF46F0010613F4007F0BD14FEA0331E3
:10EA50004FEA0530340341EA155140EA16506FF091
:10EA600003020AE04FEAC3214FEAC520F40241EA5B
:10EA7000555140EA56506FF0020202EB2E4201EB74
:10EA8000025585EACE710AD05FEA440C18BF24F023
:10EA9000004450F1000041F1000120EAD47040F23E
:10EAA000FE7C624500D270BDA84214BF4FF0804486
:10EAB0004FF04044002E08BF0024BEF1806FA8BF75
:10EAC000A1F1C041BDE8704080F282804FF00000AB
:10EAD00001F1C04101F0004170479EEA0C0F0CEAC1
:10EAE000131518BF95EA0C0F06D04FF0000081EA0D
:10EAF000030E0EF0004170BD00F01CF88900013ECD
:10EB000000F007B800F009B84FEA430C5FEA5C5C1C
:10EB100008D081EA030100F05BB84FEA410C5FEADC
:10EB20005C5CF6D14FF00000014970470000FF0720
:10EB30000000F87F0EF1020E2EF0030E5EF8046B5B
:10EB4000364205D4012A43EB030515F5001F12D800
:10EB5000012841EB010C1CF5001F0CD80ED14FEA27
:10EB6000D17C15F5001F0CEB4C0C0CF1020C08BF0E
:10EB70004CEBD37C04E04FF0080C01E04FEAD37C6F
:10EB80000CEB4C0526FA05F606F00706B6F1040C68
:10EB900006D20EEB860CBDE870404CF0010C6047CD
:10EBA000DFE80CF0090B02024FF000414FF00000CB
:10EBB000A1F5002170BD19461046012851EB010452
:10EBC00018BFD4F5001484BF002001F0004170BDCF
:10EBD0000808A0F500114FEA3101704753EA010C13
:10EBE00017D41CF5801F58BFBCF5801F00F10680AC
:10EBF0008B4218BF704708BF8242704707D713F592
:10EC0000801F58BF11F5801F19D48B4270479B425B
:10EC100070471CF5801F08D5BCF5801FF7D59942B9
:10EC200018BF704708BF904270474FF4001C1CEBA0
:10EC3000430F38BF1CEB410F01D2994270470FB40C
:10EC40000CBC03BCFFF7C1BE91EA030F10B581F005
:10EC500000413FF5B9AB83F0004300F0D5B80000A8
:10EC60002DE9F04101F5801CBCF5001FC0F2A98020
:10EC70004FEA115C21EA0C510CF1FD0C41F48011BA
:10EC80005FEA5C0C0CF5C07C01D34000494130A424
:10EC9000890241EA905187028E0E0A0CA45D04FBA2
:10ECA00004F602FB06F6C6F14046A4FB0662F60D2A
:10ECB00046EA422606FB06F4A4FB01235242C3F1B6
:10ECC000404338BF5B1EA6FB02420024E6FB032440
:10ECD000D20B42EA4446A6FB0623A1FB02E2A3FBB9
:10ECE00007E4E3FB61426442C2F1404E38BFAEF13B
:10ECF000010EA6FB04234FF00002E6FB0E32A2FB3E
:10ED000003463400E2FB6264A1FB06E6A4FB07E8CD
:10ED1000E4FB61687642C8F1405838BFA8F10108A9
:10ED2000A2FB06E4A3FB08E5E2FB6854A1FB05E6B1
:10ED3000A7FB04E8E1FB648618F1200556F1000604
:10ED4000A809A8F11B08B10908F03F08B8F10A0F9B
:10ED500040EA86601CD901EB0C51BDE8F08100BF90
:10ED6000FCF5EEE8E2DDD8D3CFCBC7C3C0BDB9B662
:10ED7000B4B1AEACA9A7A5A3A19F9D9B9A98969567
:10ED80009392908F8D8C8B898887868584838281EE
:10ED9000A0FB006800FB01F208EB4208B8EB8728F3
:10EDA00007D5341858EB0104D5D5401C51F10001AA
:10EDB000D1E7341A78EB0104CDD4401E71F1000183
:10EDC000C9E75FEA4C0C5FEA9C5C0DD105D34FF0BC
:10EDD000000001F00041BDE8F081BDE8F04170B5F0
:10EDE000FFF7A8FE6DDBFFBEBDE8F0414FF000006D
:10EDF000004970470000F87F10B591EA030F48BF43
:10EE000083F000433FF5E0AA841A71EB030C07D2AC
:10EE100012198CF0004C43EB0C03001B61EB0C014E
:10EE2000DFF8A4E14FEA1154A4EB135C1EEA430F90
:10EE300018BF9EEA445F00F0B08023EA6E0352429E
:10EE400021EA0451C3EB6E0338BF5B1EDCF1200ED8
:10EE500025D322FA0CFE10EB0E0043FA0CFE41EB18
:10EE60000E01CCF1200E03FA0EFE10EB0E0051F154
:10EE70000001CCF1200E29D412FA0EF201EB04515C
:10EE8000BDE8104058BF7047401C1CBFB2F1004F96
:10EE9000704700280CBF491C20F00100704712EB9E
:10EEA000020E43EB030218BF4FF0010E4EEA42027E
:10EEB000ACF1200CDCF11E0E54D943FA0CFE10EB21
:10EEC0000E0051F1FF31CCF11E0ED5D50EF1010E21
:10EED00012FA0EFE404141EB010101EB445C5FEA96
:10EEE0005C5C10D910EBDE7001EB045138BFBEF151
:10EEF000004FBDE8104018BF704700280CBF491CE8
:10EF000020F00100704730D24FEAD42C11F50011E7
:10EF100024F400641BD0B1FA81F20B3AA41AA41EA7
:10EF2000D2F12003914030FA03F31943904001EBF2
:10EF3000CC71002C01EB0451BDE81040A8BF704714
:10EF400001F1C0414FF0000001F000417047B0FAFC
:10EF500080F310FA03F100D110BDE41A173C480504
:10EF6000C90AE4E701EB045110BD491001EB04515B
:10EF7000BDE810404FEA300002E04FF0000170475A
:10EF80004A0008BF0042F8D0B2F5001F28BF704702
:10EF900001F000414FF0000070479EEA445F07D047
:10EFA00011EA5E0FBDE8104004BF00210020704749
:10EFB000BDE8104070B5FFF7BDFD00BF40DFF63E75
:10EFC00083F00041104670470000E0FF43004FEA25
:10EFD000D30C4FEA3C0C43401FBF40070CF160517B
:10EFE00013F0FE4F70471CF0006F03D100200CF0AF
:10EFF000004170470CF0004343EA507010B540EAFE
:10F00000CC0000F00EF800BF000000924FEA0001B3
:10F01000FFF7DEBD4FF000414FF00000A1F50021E9
:10F0200070470EF1020E2EF0030E5EF8044B2442E0
:10F0300004D44FEA4102B2F17F4F11D84FEA4003A6
:10F04000B3F17F4F0CD80ED14FEAD07CB2F17F4F95
:10F050000CEB4C0C0CF1020C08BF4CEBD17C04E027
:10F060004FF0080C01E04FEAD17C0CEB4C0324FA82
:10F0700003F404F00704B4F1040C06D20EEB840C84
:10F08000BDE810404CF0010C6047DFE80CF00708C9
:10F0900002024FF00040A0F5800010BD084642007B
:10F0A00018BFD2F1807288BF00F0004010BD4FF051
:10F0B0004070E1EE100A7047FF2141EAD050C005D0
:10F0C00070470CF00F03092B08BF082000F059808F
:10F0D0000A2B0BD0082B18BF704708BF1CF0400F3D
:10F0E0000AD04FF000004FF0000170471CF0400FB5
:10F0F00018BF4FF0004070471CF0100F08D020F0F0
:10F10000704300F07F4242EAD3014FEA43707047F8
:10F1100000F0604021F07F4242EA000201F07F40AF
:10F1200040EA727070474FF0FF0C4CF4E06C1CEA40
:10F1300011531CBF9CEA030C9445C2BFDA4201EB99
:10F1400002517047002B0DD0BCF1000F0FD0002AE8
:10F1500001F00041A4BF41F0E04141F07F614FF078
:10F160000000704701F000414FF00000704750EA86
:10F1700001334FF09B0C18BF4CF0806C7FF4C4A996
:10F1800070471CF4801F11D01CF4E02F03D06FEAED
:10F19000CC31490070474FF04050EFF3008222F02D
:10F1A000704242EA000282F3008870474FF000008C
:10F1B0007047000018FB00087106000803000000FB
:10F1C00000000000800000000000000000000000BF
:10F1D000DCFA0008F90C0008030000000000000041
:10F1E00000020000000000000000000004FB000816
:10F1F0007D0D000803000000040000000002000074
:10F200000000000000000000CCFA0008D50700084C
:10F2100003000000000000000002000000000000E9
:10F220000000000088FA0008DDBC000800000000B3
:10F23000000000008000000000000000000000004E
:10F24000B8FA0008CD5F00080300000000000000CD
:10F25000000400000000000000000000A8FA000800
:10F260006D61000802000000000000008000000046
:10F2700000000000000000008CFA0008815900081E
:10F2800002000000000000008000000000000000FC
:10F2900000000000F0FA00089D680008030000006C
:10F2A000000000000001000000000000000000005D
:10F2B00024FB00081D95000800000000000000006D
:10F2C000800000000000000000000000000040403E
:10F2D0000000404000000040000000400000803F6F
:10F2E000000000000000000000004040000040401E
:10F2F000000000400000803F0000803F0000000050
:10F30000000080BF000000400000004000000040FE
:10F310000000803F00000000000080BF000080BFB0
:10F32000000000400000803F0000803F000000001F
:10F33000000080BF000000C0000000C00000803F4F
:10F340000000803F00000000000080BF000080BF80
:10F35000000000C0000000C00000803F000000006E
:10F36000000080BF000000C0000000C0000000C01E
:10F37000000040C00000000000000000000000C0CD
:10F38000000000C0000000C0000040C0000040C0FD
:10F39000000040C0000040C0000000C0000000C0ED
:10F3A000000080BF0000000000000000000040C01E
:10F3B000000040C0000000C0000080BF000080BF0F
:10F3C0000000000000000000000040C0000000C07D
:10F3D000000080BF000080BF000000000000803FF0
:10F3E0000000803F000000C0000080BF000080BF20
:10F3F000000000000000803F0000004000000040CE
:10F40000000080BF000080BF000000000000803FBF
:10F410000000803F0000004000004040000000006D
:10F42000000000000000803F0000803F000000401E
:10F4300000004040000040400000000000000000CC
:10F440000000803F000000400000004000004040FD
:10F45000000040400000803F000080BF000040C02E
:10F46000000040C0000040C0000000C00000803F1D
:10F470000000803F000080BF000040C0000000C0CE
:10F48000000000C0000080BF00000000000000007D
:10F49000000080BF000000C0000000C0000080BF6E
:10F4A000000080BF0000000000000000000080BFDE
:10F4B000000080BF000080BF000080BF000080BF50
:10F4C000000000000000000000000000000000003C
:10F4D000000000000000000000000000000000002C
:10F4E00000004040000080BF0000803F0000803FDF
:10F4F0000000803F0000803F00004040000040408E
:10F500000000004000000040000000400000803F7C
:10F510000000803F00004040005EBCE2613FDD83B0
:10F52000C29C7E20A3FD1F419DC3217FFCA2401EE3
:10F530005F01E3BD3E6082DC237D9FC1421CFEA0D3
:10F54000E1BF5D0380DE3C62BEE0025CDF81633DC3
:10F550007C22C09E1D43A1FF4618FAA427799BC5B3
:10F5600084DA3866E5BB5907DB856739BAE40658A3
:10F570001947A5FB7826C49A653BD987045AB8E693
:10F58000A7F91B45C6987A24F8A6441A99C7257B83
:10F590003A6486D85B05E7B98CD2306EEDB3510F73
:10F5A0004E10F2AC2F7193CD114FADF3702ECC9263
:10F5B000D38D6F31B2EC0E50AFF1134DCE90722C53
:10F5C0006D33D18F0C52B0EE326C8ED0530DEFB143
:10F5D000F0AE4C1291CF2D73CA947628ABF5174933
:10F5E0000856B4EA6937D58B5709EBB536688AD423
:10F5F00095CB2977F4AA4816E9B7550B88D6346A13
:10F600002B7597C94A14F6A8742AC896154BA9F702
:10F61000B6E80A54D7896B350000891112239B3252
:10F620002446AD573665BF74488CC19D5AAFD3BED2
:10F630006CCAE5DB7EE9F7F88110080193331A22E2
:10F64000A5562C47B7753E64C99C408DDBBF52AEB2
:10F65000EDDA64CBFFF976E802218B3010029913C2
:10F660002667AF763444BD554AADC3BC588ED19F92
:10F670006EEBE7FA7CC8F5D983310A2091121803A2
:10F68000A7772E66B5543C45CBBD42ACD99E508F72
:10F69000EFFB66EAFDD874C904428D5316619F7072
:10F6A0002004A9153227BB364CCEC5DF5EEDD7FC52
:10F6B0006888E1997AABF3BA85520C4397711E6062
:10F6C000A1142805B3373A26CDDE44CFDFFD56EC32
:10F6D000E9986089FBBB72AA06638F7214409D5142
:10F6E0002225AB343006B9174EEFC7FE5CCCD5DD12
:10F6F0006AA9E3B8788AF19B87730E6295501C4122
:10F70000A3352A24B1163807CFFF46EEDDDC54CDF1
:10F71000EBB962A8F99A708B088481951AA793B601
:10F720002CC2A5D33EE1B7F04008C919522BDB3AF1
:10F73000644EED5F766DFF7C899400859BB712A6C1
:10F74000ADD224C3BFF136E0C1184809D33B5A2AD1
:10F75000E55E6C4FF77D7E6C0AA583B418869197A1
:10F760002EE3A7F23CC0B5D14229CB38500AD91BB1
:10F77000666FEF7E744CFD5D8BB502A49996108781
:10F78000AFF326E2BDD034C1C3394A28D11A580B91
:10F79000E77F6E6EF55C7C4D0CC685D71EE597F451
:10F7A0002880A1913AA3B3B2444ACD5B5669DF7871
:10F7B000600CE91D722FFB3E8DD604C79FF516E441
:10F7C000A9902081BBB332A2C55A4C4BD7795E6851
:10F7D000E11C680DF33F7A2E0EE787F61CC495D521
:10F7E0002AA1A3B03882B193466BCF7A5448DD5931
:10F7F000622DEB3C700EF91F8FF706E69DD414C501
:10F80000ABB122A0B9923083C77B4E6AD5585C4910
:10F81000E33D6A2CF11E780F00000000000000009C
:10F8200001020304060708090000000001020304A6
:10F8300000061016000610160000807F0000000071
:10F84000000000000000F03F000000000000F83F52
:10F8500000000000000000000000004003B8E23F8C
:10F86000000000000000000006D0CF43EBFD4C3E3E
:10F87000033333333333E33FFFAB6FDBB66DDB3F33
:10F880004D268F515555D53F01411DA96074D13F7B
:10F8900065DBC9934A86CD3FEF4E454A287ECA3F75
:10F8A0003E5555555555C53F93BDBE166CC166BFF7
:10F8B0002CDE25AF6A56113FF16BD2C541BDBBBEF0
:10F8C000D0A4BE726937663E4FBB610567ACDD3FB1
:10F8D000182D4454FB21E93F9BF681D20B73EF3F77
:10F8E000182D4454FB21F93FE2652F227F2B7A3CEF
:10F8F000075C143326A6813CBDCBF07A8807703CA8
:10F90000075C143326A6913CC4EB98999999C9BF1A
:10F91000711623FEC671BCBF6D9A74AFF2B0B3BF4F
:10F920009AFDDE522DDEADBF2F6C6A2C44B4A2BF0F
:10F930000D5555555555D53FFF8300922449C23F7B
:10F940006E204CC5CD45B73F513DD0A0660DB13FAF
:10F95000EB0D76244B7BA93F11DA22E33AAD903FC1
:10F960004C5555555555A53F7751C1166CC156BFDD
:10F970009015CB19A001FA3EAD529C804F7E92BEED
:10F98000C4B1B4BD9EEE213ED43888BEE9FAA8BD0C
:10F99000000000000000000000004054FB21F93F7F
:10F9A0003163621A61B4D03D0000601A61B4D03D89
:10F9B0007370032E8A19A33B0000002E8A19A33B03
:10F9C000C14920259A837B39000000000000000017
:10F9D0006E83F9A22915444ED15727FCC0DD34F5BA
:10F9E000999562DB4190433CAB6351FE61C5BBDE40
:10F9F0003A6E24B7E0D24D42EA2E49061C92D10954
:10FA00001CEB1DFE3EA729B1F53582E88444BB2ED0
:10FA100026709CE9417E5FB439D69139F43953831D
:10FA20008B5F849C3B28F9BDFF97F81F0F9805DE7C
:10FA30008B112FEF1F6D0A5ACF7E366DB709CB277A
:10FA4000663F464F2DEA5F9EC7BA27757BF1E5EB0F
:10FA5000F739073DEA92528AB15FFB6B085D8D1F53
:10FA6000A6F810111111813FD561C119A0012ABF5B
:10FA70007DFEB157E31DC73EEB9C2B8AE6E55ABEDF
:10FA80007CD5CF5A3AD9E53D6C6564005461736BFF
:10FA90005F4F66664C696E65436865636B5F48617E
:10FAA0006E646C6500000000526F626F745F5549B0
:10FAB0005F5461736B000000526F626F745F436F3D
:10FAC0006E74726F6C5F5461736B000043616E5FA4
:10FAD00053656E645461736B0000000043616E31C6
:10FAE0005F526563656976655461736B0000000061
:10FAF000535049325F526563656976655461736B33
:10FB00000000000043616E325F526563656976658F
:10FB10005461736B0000000053746172745461731C
:10FB20006B000000566F66614173736973745461B2
:10FB3000736B000054FB0008000000203806000032
:10FB4000C4010008F0FF000838060020E0B70000FC
:10FB50002002000801461B48420422C2277041CD02
:10FB6000CC4C3E0B144040205AA018154040510A7E
:10FB70001B08F90413B909420812FF13FFFF00FF25
:10FB8000005EBCE2613FDD83C29C7E20A3FD1F417D
:10FB90009DC3217FFCA2401E5F01E3BD3E6082DC6D
:10FBA000237D9FC1421CFEA0E1BF5D0380DE3C625D
:10FBB000BEE0025CDF81633D7C22C09E1D43A1FF4D
:10FBC0004618FAA427799BC584DA3866E5BB59073D
:10FBD000DB856739BAE406581947A5FB7826C49A2D
:10FBE000653BD987045AB8E6A7F91B45C6987A241D
:10FBF000F8A6441A99C7257B3A6486D85B05E7B90D
:10FC00008CD2306EEDB3510F4E10F2AC2F7193CDFC
:10FC1000114FADF3702ECC92D38D6F31B2EC0E50EC
:10FC2000AFF1134DCE90722C6D33D18F0C52B0EEDC
:10FC3000326C8ED0530DEFB1F0AE4C1291CF2D73CC
:10FC4000CA947628ABF517490856B4EA6937D58BBC
:10FC50005709EBB536688AD495CB2977F4AA4816AC
:10FC6000E9B7550B88D6346A2B7597C94A14F6A89C
:10FC7000742AC896154BA9F7B6E80A54D7896B229F
:10FC80003500FF00891112239B322446AD5736659B
:10FC9000BF74488CC19D5AAFD3BE6CCAE5DB7EE908
:10FCA000F7F88110080193331A22A5562C47B7752F
:10FCB0003E64C99C408DDBBF52AEEDDA64CBFFF9E8
:10FCC00076E802218B30100299132667AF76344410
:10FCD000BD554AADC3BC588ED19F6EEBE7FA7CC8C8
:10FCE000F5D983310A2091121803A7772E66B554EF
:10FCF0003C45CBBD42ACD99E508FEFFB66EAFDD8A8
:10FD000074C904428D5316619F702004A9153227CF
:10FD1000BB364CCEC5DF5EEDD7FC6888E1997AAB87
:10FD2000F3BA85520C4397711E60A1142805B337AE
:10FD30003A26CDDE44CFDFFD56ECE9986089FBBB67
:10FD400072AA06638F7214409D512225AB3430068F
:10FD5000B9174EEFC7FE5CCCD5DD6AA9E3B8788A47
:10FD6000F19B87730E6295501C41A3352A24B1166E
:10FD70003807CFFF46EEDDDC54CDEBB962A8F99A27
:10FD8000708B1023088481951AA793B62CC2A5D333
:10FD90003EE1B7F04008C919522BDB3A644EED5FE3
:10FDA000766DFF7C899410E0859BB712A6ADD224B6
:10FDB000C3BFF136E0C1184809D33B5A2AE55E6C4F
:10FDC0004FF77D7E6C0AA583B4188691972EE3A722
:10FDD000F23CC0B5D14229CB38500AD91B666FEF2F
:10FDE0007E744CFD5D8BB502A499961087AFF32607
:10FDF000E2BDD034C1C3394A28D11A580BE77F6E0F
:10FE00006EF55C7C4D0CC685D71EE597F42880A165
:10FE1000913AA3B3B2444ACD5B5669DF78600CE9EE
:10FE20001D722FFB3E8DD604C79FF516E4A99020C6
:10FE300081BBB332A2C55A4C4BD7795E68E11C68CE
:10FE40000DF33F7A2E0EE787F61CC495D52AA1A3A1
:10FE5000B03882B193466BCF7A5448DD59622DEBAE
:10FE60003C700EF91F8FF706E69DD414C5ABB12286
:10FE7000A0B9923083C77B4E6AD5585C49E33D6A8E
:10FE80002CF11E780FF94A14084D751408D173141B
:10FE900008E9741B086D0813754E14084116140800
:10FEA000F51514088F0E14084F5F1408B9131B08BA
:10FEB000010C132109820813050C1B0839040148A1
:10FEC00013414F1B08D50413901E1420C9501B0862
:10FED00009041AC5041AF3144308051330401668C0
:10FEE00091C5310F1B08B5041B811024125C140846
:10FEF000715E1B082D04911A0101312AFF031905B7
:10FF000019074AFF0779132BFF2021311008576189
:10FF1000726E696E67501C53686F6F743A0A526F45
:10FF2000746174653A0A4175746F3A0A4374726C6D
:10FF30003A0A136D7C1B08AD041AB9041AE10413C4
:10FF40001D7D1B083D081A790417040309041201DA
:10FF5000140202021640830440571D02010203608E
:10FF6000031A1A03137D0C1B0877041A6F041AA1D5
:10FF7000041AC904111324F42997B21014810182C0
:10FF8000130A0632022A401C1C0902435F111DC0DD
:10FF9000320904E81A020B13052416100105240186
:10FFA0001009010424020205240617010705820333
:10FFB000081C1009049529BF2E0705010240072AD5
:10FFC00081071113FD7714086D761C08F9797431D7
:10FFD0001A011013B5751B082D14C11A81181A4582
:10FFE000041AC1041A390401741AAA01810000001C
:040000050800018965
:00000001FF
