:020000040800F2
:10000000606C002029030008A1490008433E000855
:10001000A9480008D90900081D7800080000000060
:10002000000000000000000000000000690200085D
:10003000A910000800000000C5020008D5550008FE
:100040004303000843030008430300084303000878
:100050004303000843030008430300084303000868
:100060004303000843030008430300084303000858
:10007000B90D0008430300084303000843030008C8
:10008000430300084303000843030008E90900088C
:10009000DD09000843030008430300084303000888
:1000A00043030008AD56000843030008430300085B
:1000B0004303000843030008430300084303000808
:1000C00043030008430300084303000843030008F8
:1000D0004303000843030008430300085D5B000876
:1000E00043030008430300084303000843030008D8
:1000F00043030008430300084303000843030008C8
:1001000043030008430300084303000843030008B7
:1001100043030008430300084303000843030008A7
:100120004303000843030008C50D0008430300080B
:10013000430300084303000843030008010A0008C2
:10014000F50900084303000843030008E14A0008DA
:100150004303000843030008D10D000843030008CF
:100160004303000843030008430300084303000857
:100170004303000843030008430300080000000095
:10018000430300084303000800F002F800F05CF8A5
:100190000AA090E8000C82448344AAF10107DA45E2
:1001A00001D100F051F8AFF2090EBAE80F0013F0D8
:1001B000010F18BFFB1A43F00103184768950000B0
:1001C000889500000A444FF0000C10F8013B13F032
:1001D000070408BF10F8014B1D1108BF10F8015BA0
:1001E000641E05D010F8016B641E01F8016BF9D193
:1001F00013F0080F1EBF10F8014BAD1C0C1B09D1EA
:100200006D1E58BF01F801CBFAD505E014F8016B5B
:1002100001F8016B6D1EF9D59142D6D370470000ED
:100220000023002400250026103A28BF78C1FBD8FF
:10023000520728BF30C148BF0B6070471FB508F098
:10024000A7FE1FBD10B510BD00F0A6F91146FFF7BF
:10025000F5FF07F067FB00F0C4F903B4FFF7F2FF06
:1002600003BC00F0CBF900002C4B19680868B0E81B
:10027000F04F80F30988BFF36F8F4FF0000080F3D9
:10028000118870470000000008480068006880F38B
:1002900008884FF0000080F3148862B661B6BFF39F
:1002A0004F8FBFF36F8F00DF00BF00BF08ED00E08E
:1002B000DFF80C00016841F470010160704700BF75
:1002C00088ED00E0EFF30980BFF36F8F134B1A68DE
:1002D0001EF0100F08BF20ED108A20E9F04F1060CB
:1002E00009B44FF0500080F31188BFF34F8FBFF374
:1002F0006F8F08F05BF84FF0000080F3118809BCA5
:1003000019680868B0E8F04F1EF0100F08BFB0EC95
:10031000108A80F30988BFF36F8F7047B400002004
:10032000EFF30580704700000948804709480047FF
:10033000FEE7FEE7FEE7FEE7FEE7FEE7FEE7FEE795
:10034000FEE7FEE704480549054A064B70470000F2
:100350009D5600088901000860660020606C00203E
:10036000606800206068002053EA020C00F0698099
:100370002DE9F04B4FF00006002B1FBFB3FA83F5B9
:1003800003FA05F424FA05F65E4012BF1643B2FAEA
:1003900082F502FA05F4C5F120051EBF22FA05FC1C
:1003A00044EA0C04203556EA044C4FEA144418BFC2
:1003B000641C4FF000084FF00009904271EB030CF1
:1003C00039D3002919BFB1FA81F701FA07F6B0FA5B
:1003D00080F700FA07F6C7F120071EBF20FA07FCD6
:1003E00046EA0C062037B6FBF4FCA7EB0507103FE6
:1003F00007F01F0BCBF120060CFA0BFB2CFA06F6CC
:1004000044BFB3460026202FA4BF5E464FF0000B2A
:100410005BEA060C08BF4FF0010B19EB0B09ABFBB5
:10042000027C48EB0608C01B06FB02CC0BFB03CC8E
:1004300071EB0C01C1E70B46024641464846BDE858
:10044000F08B13B54FF000004FF00001AFF30080C8
:10045000BDE81C407047032A40F2308010F0030CC6
:1004600000F0158011F8013BBCF1020F624498BF07
:1004700011F801CB00F8013B38BF11F8013BA2F1A4
:10048000040298BF00F801CB38BF00F8013B11F01F
:10049000030300F02580083AC0F0088051F8043BBF
:1004A000083A51F804CBA0E80810F5E7121D5CBF2C
:1004B00051F8043B40F8043BAFF30080D20724BF5F
:1004C00011F8013B11F801CB48BF11F8012B24BFF3
:1004D00000F8013B00F801CB48BF00F8012B704742
:1004E00010B5203AC0F00B80B1E81850203AA0E8CF
:1004F0001850B1E81850A0E81850BFF4F5AF5FEA03
:10050000027C24BFB1E81850A0E8185044BF18C9B5
:1005100018C0BDE810405FEA827C24BF51F8043B5C
:1005200040F8043B08BF7047D20728BF31F8023BB0
:1005300048BF11F8012B28BF20F8023B48BF00F844
:10054000012B70474FF0000200B5134694469646C3
:10055000203922BFA0E80C50A0E80C50B1F12001D6
:10056000BFF4F7AF090728BFA0E80C5048BF0CC084
:100570005DF804EB890028BF40F8042B08BF7047E2
:1005800048BF20F8022B11F0804F18BF00F8012B54
:100590007047704770477047754600F02BF8AE46BD
:1005A00005006946534620F00700854618B020B57F
:1005B000FFF7C8FEBDE820404FF000064FF00007EF
:1005C0004FF000084FF0000B21F00701AC46ACE8FB
:1005D000C009ACE8C009ACE8C009ACE8C0098D4668
:1005E000704710B50446AFF300802046BDE81040C8
:1005F000FFF733BE0048704700660020014918200D
:10060000ABBEFEE726000200704700002DED0E8B0A
:10061000534CDFED54BA9FED54CADFED54CA9FED41
:1006200054DA41F28836B500DFED52DA9FED52EA36
:10063000DFED529A9FED52AADFED52AA9FED52BA1A
:10064000524F4FF47A7842F2107900BF07F0E6FC7F
:10065000226801214E489047226802214D48904768
:10066000B0EE6B8AF0EE4C8AB0EE6C9AB2EE042AD1
:10067000F0EE481AB3EE091AF0EE680AB0EE490A35
:10068000454807F041F9B2EE042AF0EE481AB3EEFD
:10069000091AF0EE680AB0EE490A404807F034F94A
:1006A000F0EE4D8AB0EE082AF0EE681AB1EE041AA8
:1006B000FBEE0E0AB3EE0E0A394807F025F9B7EE45
:1006C000002AF0EE681AB0EE481AFAEE040AB2EE0A
:1006D000040A344807F018F9B0EE6D8AB0EE4E9A6D
:1006E00032462946B3EE0E1AF0EE480AB0EE490A39
:1006F0002D4803F0A7FB32462946B3EE0E1AF0EE62
:10070000480AB0EE490A294803F09CFBB0EE693A6A
:10071000F0EE4A2AB0EE6A2AF6EE001AB6EE001A99
:10072000F0EE680AB0EE4B0A214804F009FC42469C
:100730004946B0EE081AF6EE000AB2EE0E0A1D485F
:1007400003F080FB00F06CFA00F0A4FCB86B07F03B
:1007500073FD07F083FC012007F001F976E7000044
:1007600030010020CDCCCC3D0000C8C20000C84202
:100770000AD7233C000000000000204200002F4464
:100780000000FA4500409C4600004842000000205E
:10079000640500208C0500209C600020DC600020A7
:1007A0001C6100205C610020BC6400200C650020FE
:1007B0005C650020B06500208AB0084E6C464FF0A2
:1007C000FF3707AD3A466946306808F00DF809ABC7
:1007D0002A46211D009800F03FFEF3E708000020A4
:1007E00070B50C46050008D0022C06D9FF22611E08
:1007F00000F012FE291901F8010C70BDF0B585B0AA
:1008000000202D4C039004900190029020882B4DE5
:10081000010A8DF80C108DF80D006088294E010A30
:100820008DF80E108DF80F00A08840F20F13010A0A
:100830008DF810108DF811002089010A8DF8121022
:100840008DF8130003A800906F6800221C493068DF
:10085000B847608940F21F13010A8DF804108DF823
:100860000500E07D8DF80600617E9DF8070001F02F
:1008700001010843217B01F0010140EA4100217E92
:1008800001F0010140EA8100A17D01F0010140EA8F
:10089000C1008DF807000C488088010A8DF8081007
:1008A0008DF8090001A800906C68002204493068A6
:1008B000A04705B0F0BD00007C62002030010020A0
:1008C0008C05002008000020E8620020DDE903120A
:1008D00088B243BA0C48090C49BAC381018491B269
:1008E00049BA09B200EE101ADFED080A110CB8EE91
:1008F000C00A01F00102C1F3400180EE201A80ED30
:10090000041A8276418470477C62002000007A4499
:100910002DE9F0412B4D2D4EA5F130042DED028B2C
:100920004FF47A77296960689FED278A081AB0F535
:10093000C87F23D33069A268801A00D5404232288C
:1009400018DAE868B0B92078A0B901202070E16019
:10095000F780B6F902001E4900EE100A1D48F8EEB5
:10096000C00AB0EE480A04F01BFABDEEC00A10EE51
:10097000100AF082286960603069A0602078002841
:1009800008D02869E168401A962807D30020207013
:1009900030696861BDEC028BBDE8F081F780B6F983
:1009A00002000B4900EE100A0A48F8EEC00AB0EE49
:1009B000480A04F0F5F9BDEEC00A10EE100AF08204
:1009C000E8E700002C02002000007A44E8620020E2
:1009D0001C610020B0650020FEE70000014800F027
:1009E000A4BE000064050020014800F09EBE000087
:1009F00064050020014800F098BE00008C0500202E
:100A0000014800F092BE00008C05002010B504469D
:100A1000491EC8B200EB400101EB00100E49002254
:100A200001EB800101230A614A614A62C1E90623A0
:100A30000A604A608A600B622046CA6000F074FD5A
:100A400008B100F0C3FB204601F0EAF82046BDE8FB
:100A50001040022100F0EEBC9C61002010B58AB06D
:100A60000C9C009192B102930021CDE90321082250
:100A700005928DF81810216807916168002308918C
:100A80001A46694607F0A0FD0AB010BD0193EBE7D6
:100A9000002070470020704710B500220449054827
:100AA00005F05EFA0449034805F04DFA002010BD38
:100AB000A8140020CC070020A80C002038B504465C
:100AC00001460C4805F03FFA0A4805F015FA0A48B5
:100AD00000236A462146006807F026FE009838B1D8
:100AE00006494FF080500860BFF34F8FBFF36F8F00
:100AF000002038BDCC0700200C00002004ED00E0F1
:100B000000207047094A10B5D2F8BC22D2F814224E
:100B10000AB1012010BD0A460146044805F020FA3A
:100B2000BDE81040014805F095BA0000CC07002050
:100B30008EB0134E4FF0FF3709AD3A4605A9306825
:100B400007F052FE059CA4F20520012806D81422C5
:100B500029466846FFF7C4FC0A4809E0A4F500717D
:100B60000739EAD1142229466846FFF7B9FC06483E
:100B7000DDE90612D0F800C02046089BE047DCE71C
:100B8000000000206C010020640100208EB0174E90
:100B9000174D4FF0FF3940F20F170DF124084A4668
:100BA00005A9306807F020FE9DF83000059C00F094
:100BB0000F002880BC4208D1142241466846FFF746
:100BC0008FFC0C48D0F804C009E00128E7D11422BA
:100BD00041466846FFF784FC0748D0F80CC0DDE9C1
:100BE00006122046089BE047D9E7000004000020D9
:100BF0007A0200203C010020480100200748002123
:100C00000068B0F8442022B180F84610A0F84410E3
:100C10007047012280F84620F8E7000044010020D8
:100C20000F4810B590ED0B0A0E481049F2EE040A79
:100C300080ED030A80ED010A9FED0B0A81ED090AA0
:100C400080ED040AB1EE080A143003F04FFF0848A3
:100C5000002102220176C2754176C17610BD0000E6
:100C6000A06200207864002000000000C401002081
:100C70007C62002070B539483A4A3B4BB0F9061007
:100C8000057B374802EE101A384CD0ED041AB8EE46
:100C9000C22A90ED060AF2EE060ABAEE061A02EE33
:100CA000210A012D10EE101A80ED060A04D091429F
:100CB00018DDC0ED060A1BE0914202DDC0ED060A18
:100CC00005E010EE101A994201D980ED061A94ED54
:100CD000040AD0ED061A012130EE210A84ED030A40
:100CE00041610DE010EE101A994201D980ED061A0B
:100CF000416909B1012903D190ED060A84ED030A87
:100D0000E168914202DDC4ED030A03E0994201D992
:100D100084ED031A90ED020A154DBDEEC00A10EEE7
:100D2000101A05F8401F90ED030ABDEEC00A10EE40
:100D3000101A697090ED010A05ED040A90ED000AA1
:100D40000A4805ED030A94ED030A143003F0E6FEA9
:100D500094ED030A05ED050A70BD00007C620020D9
:100D6000C401002000003041000030C17864002040
:100D7000A0620020FFF77EBF90ED000A90ED011AFF
:100D8000F0EEC00AB0EEC11AF4EEC10AF1EE10FAAC
:100D900004D29FED070A80ED000A70479FED051A07
:100DA000F0EE400A40EE410AC0ED000A7047000034
:100DB00000000000CDCC4C3E014800F0BFBF000059
:100DC00024070020014800F0B9BF0000640600209D
:100DD000014800F0B3BF0000C406002001681823DA
:100DE000CAB2103AB2FBF3F2054B6FF30901032AC2
:100DF0009B5CC36500D9091D8165084670470000EA
:100E0000D090000810B5014600208B698A6A4FF027
:100E1000C07453B1B3F5005F15D072B1012A0CD084
:100E2000022A0AD0032A09D104E01AB1012A06D005
:100E3000022A03D1C96AC90100D5012010BDC96ABF
:100E4000A142FAD010BD002AF7D0012AF2D0022A1E
:100E5000F3D0032AF3D010BD30B50468256825F41B
:100E600080252560046863608368402B036803D095
:100E700099600068C26030BD9A600068C16030BD92
:100E800008B507F0EDFD009000F006F80521684672
:100E900007F08CF9F8E700002DE9F041DFF8C8C150
:100EA0002DED028B9CF80000012873D16F480026BD
:100EB0008CF800600188A0F11605C1F30A04A4F5BE
:100EC00080642C8041786434CA08817842EA4112F7
:100ED000C2F30A03A3F580636B80C278890941EAF3
:100EE0008202017942EA8122C2F30A02A2F58062FB
:100EF000AA8049084779C82C41EAC711C1F30A0101
:100F0000A1F58061E98000D82E805B1D0A2B00D8F6
:100F10006E80521D0A2A00D8AE80491D0A2900D8C9
:100F2000EE80B9092972C7F301176F72C2886A810E
:100F30000289AA814289EA81027B2A74427B6A740F
:100F4000C2896A82008AA0F5806000B2A88200F59A
:100F50002570B0F5A56F00D9AE82454C454A4FF0DB
:100F600001086773012F02D0032F06D006E0424B21
:100F700083F80C8082F8048000E016713F48032952
:100F800090ED000ABDEEC08A05D0022926D00129C5
:100F900054D055E05CE0EFB3E8882080A888404258
:100FA000608026736888E08028882081A88AA080D5
:100FB00018EE100A022F608104D0032F05D0012FF4
:100FC00008D045E00220A07500E0A6756676CCF852
:100FD00024603DE0A67584F8198039E038002FD0F0
:100FE000E8882080A88840426080B5F9020007F0B8
:100FF000BAFE9FED231B53EC112B07F0CBFE07F03D
:1010000083FEE08028882081404684F80C8018EE1A
:10101000101A00E014E061811B49022F91ED000AD3
:101020001A4981ED040A04D0012F02D0032F03D006
:101030000EE0A67560760BE0667609E0032F0ED011
:10104000267326806680A6802681E6800320607352
:101050000F480068BDEC028BBDE8F041004703F08B
:101060003BF903F0D7FFF3E774010020666400202A
:101070007C620020740200201C020020200100205D
:101080009A9999999999C93F240100207864002080
:101090003C01002012220249024802F060BC00001C
:1010A000666400201C06002070470000364810B51A
:1010B000017B364C012902D1407B01280AD0002057
:1010C000E080B4F9020000EE100AF8EEC00A9FEDCD
:1010D000300A4EE0A068401FA06094ED040AF8EECC
:1010E000C00A00EE100A2B48B8EEC00A03F0D3FE87
:1010F000BDEEC00A10EE100A00B2E080B4F9021092
:1011000000EE101A2449F8EEC00A00EE100A234837
:10111000B8EEC00A03F044FEBDEEC00A42F2107100
:1011200010EE100AE082B4F90400084444F621618C
:10113000884227D3A06800F57A70A06094ED040A75
:10114000F8EEC00A00EE100A1248B8EEC00A03F02A
:10115000A2FEBDEEC00A10EE100A00B2E080B4F9A3
:10116000021000EE101AF8EEC00A00EE100AB8EEF7
:10117000C00A0949094803F013FEBDEEC00A10EE8B
:10118000100AE08210BD00001C020020E86200206E
:10119000000000005C6500201C610020B06500209C
:1011A000094810B5017B012902D1407B012803D0F9
:1011B000BDE8104004F0EAB903F0F4FBFFF7A8FB28
:1011C000BDE8104003F0D8BC1C02002072B6FEE758
:1011D0007047000010B500F049F81E481E4C90ED15
:1011E000000AF1EE400ABDEEC00AFDEEE00A10EE84
:1011F000101A10EE900A00B2A4F88800A4F8A81003
:1012000034F9821F00EE101A1449F8EEC00A00EEFD
:10121000100A1348B8EEC00A03F0C2FDBDEEC00AC2
:10122000104910EE100AA082B4F9200000EE100A56
:10123000B4F92600F8EEC00A00EE100A0A48B8EE2B
:10124000C00A03F0ADFDBDEEC00A10EE100AA08684
:1012500010BD000068020020086300209C60002090
:10126000BC640020DC6000200C6500200848417E42
:10127000084811B1084AD26812B19FED080A03E08C
:10128000012903D19FED060A80ED000A7047000096
:101290007C620020680200202C0200200000000078
:1012A00000C0C145F0B50446002500F1200103F05F
:1012B0004DF894ED080A04F1300104F1280003F020
:1012C000F5FA94ED090A04F13C0104F1340003F04D
:1012D000EDFA94F93000434EC0EBC002D4ED0A1A87
:1012E000D4ED0D0A94F93C0006EB820303EB800178
:1012F00061EEA02A91ED000A01EE105A94F93D101A
:1013000094ED0B3A02EE801A94ED0E0A03EB810382
:1013100021EE802AD3ED001A94F93130C3EBC303D8
:1013200002EE211A06EB830663EE201A06EB800715
:1013300023EE003AD7ED000A06EB8106294F01EEB5
:10134000A01A96ED000AC43707EB820606EB800C64
:1013500006EB810603EE001ADCED000A00EE105ADF
:1013600002EEA00AD6ED000A07EB830606EB800723
:1013700006EB810602EE200AD7ED000A01EEA00A74
:10138000D6ED000A184E06EB820202EB800703EE50
:10139000200AD7ED003A00EE905A02EB810242EEAD
:1013A000A30AD2ED002A06EB830202EB800042EE94
:1013B000220A90ED002A02EB810041EE820AD0ED74
:1013C000001A43EE210AF0EE081A81EE212A80EE7F
:1013D000211A84ED002A80EEA10A84ED011A84ED21
:1013E000020AF0BDF090000878920008094A21B185
:1013F000012904D002290BD108E0D16800E09168EE
:10140000C14011F0010F03D0012070471169F7E7C7
:1014100000207047C863002010B5054C04E000BFF1
:1014200010F8013B5340E25C491EF9D2104610BD52
:101430003C93000890F82020012A07D0022A05D00A
:10144000416A41F48021416201207047006842698D
:101450000A43426100207047F0B590F820500468BC
:10146000A468012D05D0022D03D0416A41F48021EA
:1014700057E014F0406F01D1E5004FD5C4F301648B
:101480000125A5401D608D684FF4C0739DB1CE68E5
:1014900035434E6845EAC605066803EB0417F55167
:1014A0004FF4C275076805EB04150E697E51097D7E
:1014B000012905D009E00E88CD6845EA4655EBE7DD
:1014C00001684E5946F480764E511179D579567996
:1014D00041EA056195792D0445EA062529434FF433
:1014E000C676056806EB0416A9511178D57841EA4D
:1014F0000561957852782D0445EA022211434FF494
:10150000C475026805EB04155151006803EB041122
:10151000425842F0010242500020F0BD416A41F4BD
:10152000001141620120F0BD10B590F82020012A81
:1015300007D0022A05D0416A41F48021416201208E
:1015400010BD3B48D0F8002242F00102C0F8002252
:10155000D0F8002222F47C52C0F80022D0F80022F9
:101560004B6A42EA0322C0F800220A7D02F01F0300
:1015700001229A40D0F81C329343C0F81C32CB6948
:10158000B3B9D0F80C329343C0F80C328C894B6855
:1015900064F31F434C6900EBC404C4F840320C8967
:1015A0000B6864F31F434C6900EBC404C4F8443275
:1015B000CB69012B16D1D0F80C321343C0F80C3292
:1015C0000C884B6864F31F434C6900EBC404C4F8F7
:1015D00040320C89CB6864F31F434C6900EBC404B0
:1015E000C4F844328B69002BD0F804320ED0134378
:1015F000C0F804320B69002BD0F8143208D0134322
:10160000C0F81432096A012904D008E09343EFE7D7
:101610009343F5E7D0F81C121143C0F81C12D0F820
:10162000001221F00101C0F80012002010BD0000DE
:1016300000640040704770B590F82040012C05D040
:10164000022C03D0416A41F4802128E0046809B3E8
:101650002469A40720D04FF4D874056804EB011462
:101660002D5915F00405956005682D591AD0ED081F
:10167000556005682C5904F00204D4604FF4DA7404
:10168000056804EB01142E5906F00F06082E0CD342
:1016900008250DE0E468DCE7416A41F4001141628D
:1016A000012070BD6D0D1560E3E72D5905F00F05A4
:1016B000156105682D59C5F30725956105682C59F5
:1016C000240C54614FF4DC72046802EB0112A4583C
:1016D0001C700468A458240A5C700468A458240C84
:1016E0009C700468A258120EDA704FF4DE7204681F
:1016F00002EB0112A4581C710468A458240A5C71FE
:101700000468A458240C9C710468A258120EDA7163
:10171000006829B1016941F020010161002070BD1C
:10172000C16841F02001C160F8E72DE9F05F05468E
:10173000006800244669D0F804908768D0F80CB09F
:10174000D0F810A0D0F81880F10748D0F90714D0CD
:1017500001218160B80703D5284600F08EFA0CE01D
:10176000780702D54FF4006407E0380702D54FF43C
:10177000805402E0284600F07FFAF80516D5296863
:101780004FF480708860B80503D5284600F077FADA
:101790000CE0780502D544F4005407E0380502D582
:1017A00044F4804402E0284600F068FAF80316D5B5
:1017B00029684FF480308860B80303D5284600F0CC
:1017C00060FA0CE0780302D544F4004407E03803E3
:1017D00002D544F4803402E0284600F051FA300784
:1017E00007D55FEACB6004D52968102044F4007463
:1017F000C86070074FF0080707D55FEA0B7004D583
:101800002868C760284600F0A9F9B00706D52868FF
:10181000C068800702D0284600F0A2F9700607D5FC
:101820005FEACA6004D52968102044F48064086126
:10183000B00607D55FEA0A7004D528680761284614
:1018400000F0EAF9F00606D528680069800702D0A2
:10185000284600F0E2F9B00308D55FEAC96005D573
:10186000296810204860284600F0D8F9F00307D511
:101870005FEA097004D528684760284600F002FA3C
:10188000300446D55FEA497040D5F00504D55FEADB
:10189000C87001D044F00104B00504D55FEA887037
:1018A00001D544F00204700504D55FEA487001D503
:1018B00044F00404300529D518F0700F26D008F044
:1018C0007000402815D006DC102809D020280AD046
:1018D000302816D10AE050280ED0602811D10EE031
:1018E00044F008040DE044F010040AE044F0200441
:1018F00007E044F0400404E044F0800401E044F4D4
:1019000080742868816921F0700181612968042050
:101910004860002C05D0686A204368622846FFF7BB
:1019200089FEBDE8F09F70B5040003D094F8200054
:1019300010B104E0012070BD204600F081F820685D
:10194000016841F00101016000F074FC05460526C4
:1019500004E000F06FFC401B0A2811D820684068A2
:10196000C007F6D02068016821F00201016000F094
:1019700061FC05460BE000F05DFC401B0A2806D91F
:10198000606A40F40030606284F82060D2E720682A
:1019900040688007EFD4207E0128206801683DD090
:1019A00021F080010160607E01282068016838D044
:1019B00021F040010160A07E01282068016833D039
:1019C00021F020010160E07E0128206801682ED00E
:1019D00041F010010160207F01282068016829D0B2
:1019E00021F008010160607F01282068016824D08F
:1019F00021F004010160D4E902010843D4E9041292
:101A0000114308436168491E08432168C8610020EA
:101A10006062012084F82000002070BD41F0800148
:101A2000C0E741F04001C5E741F02001CAE721F0DD
:101A30001001CFE741F00801D4E741F00401D9E7F4
:101A4000F0B587B0044614216846FEF77BFD3E4B97
:101A50003E48DFF8F0E01968D4F800C03B4A03259F
:101A60000226092710300024491CF4452AD11960A8
:101A7000012907D1016841F000710160006800F0A0
:101A800000700590106840F0080010601068CDE903
:101A9000005600F00800CDE9047069462C48CDE9F5
:101AA000024500F0CFFA00220521132000F05AFC75
:101AB000132000F049FC00220521142000F052FC04
:101AC00014203AE0DFF88CE0F44538D1D0F800C0BB
:101AD0004CF0806CC0F800C0D0F800C001290CF0B8
:101AE000806CCDF814C0196007D1016841F0007115
:101AF0000160006800F000700590106840F002007E
:101B00001060106802AB00F0020005906020CDE983
:101B1000000683E8B00069460F4800F093FA0022FF
:101B200005213F2000F01EFC3F2000F00DFC0022AC
:101B30000521402000F016FC402000F005FC07B015
:101B4000F0BD0000006400403C000020303802403E
:101B5000000C024000680040000402407047000092
:101B6000F8B5274B02680021264C9A4200D001218B
:101B70002170C9B201EB4102234E02EB011106EBC9
:101B8000810202F1440300212832FFF754FD20783E
:101B900006F1980500EB400101EB001106EB810115
:101BA00000EBC00005EB80001C222831FEF798FCFA
:101BB000207800EB400202EB001206EB820300EB00
:101BC000C001D3E9112305EB8101C1E9072388B1E5
:101BD0000E4800236A46006806F0A6FD009800281B
:101BE00007D00B494FF080500860BFF34F8FBFF311
:101BF0006F8FF8BD294600236A460648EBE70000D0
:101C000000640040380100209C6100200400002096
:101C100004ED00E0000000207047704770470000AE
:101C200070B5044690F82000012804D0606A40F4A2
:101C30000020606218E0022084F82000206801681B
:101C400021F00101016000F0F5FA05460EE000BF49
:101C500000F0F0FA401B0A2808D9606A40F400300E
:101C60006062052084F82000012070BD2068406873
:101C7000C007EDD1606270BD704770477047704714
:101C80007047704770472DE9F0410446876D00F0BA
:101C9000D1FA064694F835000025022806D08020A7
:101CA000606584F834500120BDE8F0812068016847
:101CB00021F0160101602068416921F08001416135
:101CC000206C08B9A06C20B12068016821F00801DF
:101CD00001602068016821F0010101600CE000F062
:101CE000A9FA801B052807D920206065032084F805
:101CF000350084F83450D7E720680068C007EED17B
:101D000094F85C103F208840B860012084F83500CA
:101D100084F834500020C7E790F83510022903D02A
:101D20008021416501207047052180F83510006849
:101D3000016821F001010160002070472DE9F8439E
:101D400004464FF00009CDF8009063484FF4165157
:101D5000A56D0068B0FBF1F72E6894F85C100820C0
:101D600000FA01F131420FD021680A6852070BD501
:101D70000A6822F004020A6094F85C108840A860A7
:101D8000606D40F00100606594F85C104FF0010850
:101D900008FA01F0304208D021684969090604D5E3
:101DA000A860606D40F00200606594F85C1004204B
:101DB0008840304208D021680968890704D5A860A6
:101DC000606D40F00400606594F85C10102088405D
:101DD000304218D021680968090714D5A860206826
:101DE0000168490304D50068000308D5A16C07E029
:101DF0000168C90503D4016821F008010160216C64
:101E000009B12046884794F85C1020208840304271
:101E100031D021680968C9062DD5A86094F835002D
:101E200005282068016806D0490347D500680003EB
:101E30001DD4616C1CE021F016010160206841692D
:101E400021F080014161206C08B9A06C20B12068AC
:101E5000016821F00801016094F85C103F2088407F
:101E6000A86084F8358084F83490216D1FE0E16B20
:101E700009B120468847606D00282BD0606DC007EF
:101E800014D0052084F835002068016821F0010194
:101E900001600098401C0090B84203D82068006898
:101EA000C007F6D184F8358084F83490E16C0029BD
:101EB00010D001B02046BDE8F04308470168C905CD
:101EC000D5D4016821F01001016084F8358084F8D0
:101ED0003490CCE7BDE8F883B00000202DE9F04154
:101EE000044600F0A7F906465CB1022084F83500EC
:101EF000002584F834502068016821F00101016058
:101F00000DE00120BDE8F08100F094F9801B052868
:101F100005D920206065032084F83500F2E72068A9
:101F20000068C007F0D12268116820480140D4E958
:101F300001031843D4E90336334318436369184354
:101F4000A3691843E3691843236A18430843616A85
:101F5000042903D1D4E90B13194308431060206806
:101F60004069666A20F0070130460E4301270428C5
:101F70000CD1A06A0643E06A40B12046FEF742FF5A
:101F800020B14020606584F83570BAE7206846616A
:101F90002046FEF723FF94F85C203F2191408160AA
:101FA000656584F835700020ACE700003F8010F0D4
:101FB0002DE9F0410446866D90F834000025012893
:101FC0000DD0012084F8340094F835700020012FE2
:101FD00007D084F8340002252846BDE8F0810220AD
:101FE000FBE7022784F8357060652046FEF734FF72
:101FF00094F85C103F208840B0602068016841F090
:1020000016010160206C20B12068016841F00801D0
:1020100001602068016841F001010160DCE7000017
:1020200070B5044600F006F90546601C02D004486D
:102030000078044400F0FEF8401BA042FAD370BDC3
:10204000A40000202DE9F84FDFF8BCA100220125F3
:1020500003264FF00F090AF1040BAAF1040E00BF8A
:102060000B6805FA02F42340A34270D10F7907F000
:102070000307012F01D0022F16D187684FEA4208CB
:1020800006FA08FC27EA0C07D1F80CC00CFA08FC89
:102090004CEA070CC0F808C04768A7430C79C4F3A2
:1020A000001494403C4344600C79E443A4070AD0F4
:1020B000C4684FEA420C06FA0CF7BC438F6807FA73
:1020C0000CF72743C7600C7904F00304022C12D1EB
:1020D000D40800EB840CDCF820405707FF0E09FA07
:1020E00007F824EA0804D1F8108008FA07F848EA4B
:1020F0000408CCF8208004684FEA420C06FA0CF77A
:10210000BC430F7907F0030707FA0CF72743076072
:102110004C6814F4403F70D03C4C276847F480472B
:102120002760246822F0030704F480440094384CAC
:1021300007EB040CDCF8084897074FEA177809FA10
:1021400008F7BC43334FB84202D1002724E054E0E3
:10215000314FB84201D101271EE0304FB84201D1C2
:10216000022719E02E4FB84201D1032714E02D4F6A
:10217000B84201D104270FE02B4FB84201D1052707
:102180000AE02A4FB84201D1062705E0284FB8429D
:1021900001D1072700E0082707FA08F72743CCF802
:1021A0000878DAF800405746D1F804C09C435FEA4B
:1021B000CC2C00D51C433C60DBF800405F46D1F8D6
:1021C00004C09C435FEA8C2C00D51C433C60DEF8C5
:1021D00000407746D1F804C09C435FEA8C3C00D5B0
:1021E0001C433C60084F083F3C68D1F804C09C4346
:1021F0005FEACC3C00D51C433C60521C102AFFF423
:102200002FAFBDE8F88F0000083C01404438024081
:10221000003001400000024000040240000802407B
:10222000000C02400010024000140240001802405E
:10223000001C02400148806870470000A400002094
:10224000024881680278114481607047A400002030
:102250000B4810B5016841F400710160016841F458
:1022600080610160016841F480710160032000F029
:1022700099F80F2000F006F800F04AF8002010BD91
:10228000003C024030B505461C4887B00024016878
:1022900041F001010160006806A900F00100009012
:1022A00001A800F0E5FE00F019FF15494000B0FB61
:1022B000F1F11548134A491E026040F2E732C0E9C5
:1022C0000324C0E90114846101F034FA040012D13E
:1022D0000D4801F05DFA04000DD1192000F034F82A
:1022E000102D07D200222946192000F03BF807489C
:1022F000056000E0012407B0204630BD44380240AC
:1023000040420F000000014084070020A800002088
:102310000C4882B0016841F480410160006800F41B
:10232000804000900748001F016841F08051016023
:102330000068002200F0805000900F21901E02B033
:1023400000F010B844380240002809DB00F01F02FA
:10235000012191404009800000F1E020C0F8001107
:1023600070470000F0B40E4B1B680C46C3F3022309
:10237000C3F10705042D00D90425191D072901D231
:10238000002300E0DB1E012606FA05F1491E21406C
:1023900099409E40761E16403143F0BC05F06FBA5E
:1023A0000CED00E0064900F0070208684FF6FF0355
:1023B000184040EA0220034A1043086070470000BA
:1023C0000CED00E00000FA05704700684162002053
:1023D0007047F0B50368586A39B19C6A4FF4827649
:1023E00000EB144400204D1E0AE040EA02409862CF
:1023F0000FE006EB8007DF59401C04EB1744C0B226
:10240000A842F6D344EA02404FF4807202EB810105
:1024100058500020F0BDD0F8E00404F0B4B801EB4F
:10242000C10200EB8202D0F8E004126A04F005B8A1
:1024300001EBC10200EB8202D0F8E004D2F8602286
:1024400004F057B8D0F8E00404F09FB80A0601F091
:102450000F0101EBC10100EB810101D5143101E055
:1024600001F51571006804F085BF70B504460B06D0
:1024700001F00F0000EBC00104EB81014FF00102FD
:102480004FF0000502D54A75143103E081F855522A
:1024900001F51571087094F89404012808D084F8A7
:1024A0009424206804F080FC84F89454002070BDCB
:1024B000022070BD70B5044601F00F0022799042F1
:1024C00001D9012070BD0B0601F00F0101EBC10124
:1024D00004EB81014FF001024FF0000502D54A756F
:1024E000143103E081F8555201F515718D700870B3
:1024F00094F89404012808D084F89424206804F007
:10250000C5FD84F89454002070BD022070BD01F018
:102510000F0101EBC10100EB8100D0F868027047A8
:102520002DE9F04104460F0601F00F0000EBC00159
:1025300004EB81014FF001064FF0000502D54E7506
:10254000143103E081F8555201F51571C2F30A0206
:1025500008708A600B714A7802B14883022B00D15F
:102560004D7194F89404012809D084F8946420688B
:1025700004F068FB284684F89454BDE8F0810220FA
:10258000FBE710B501F00F0404EBC40100EB81017F
:10259000C1E998230023C1F8683281F8553281F8E7
:1025A0005442837901F51571012B00D1CA618279FA
:1025B000006804F0C3FD002010BD70B504460D4650
:1025C00001F00F002179884201D9012070BD290650
:1025D0004FF000064FF0010206D500EBC00104EBFE
:1025E00081014A75143107E005EBC50104EB810157
:1025F00081F8556201F515718A70087094F8940499
:10260000012807D084F89424206804F06BFD280783
:1026100002D007E0022070BDA17904F29C4220683C
:1026200004F008FD84F89464002070BD10B501F03A
:102630000F0404EBC40100EB8101C1E9082300236E
:102640008B6201234B7501F8144F8379012B00D164
:10265000CA618279006804F071FD002010BD00009D
:102660002DE9FC5F05680446284604F01FFF00289A
:102670007DD1206804F046FF002878D0D5F80808FE
:10268000C0F30D20C4F8D404206804F03BFF800799
:1026900004D52068416901F002014161206804F01D
:1026A00031FFC10604F29C40009034D52068816956
:1026B00021F0100181612F6A07F00F0000EBC000CC
:1026C00004EB8006C7F3434006F51576022802D0D6
:1026D000062811D01AE047F6F070074216D0C7F36B
:1026E0000A1217462846F16804F010FFF0683844D3
:1026F000F0607069384408E008222846009904F028
:1027000005FF7069C7F30A11084470612068816988
:1027100041F010018161206804F0F4FE00034FF0E5
:10272000080B4FF0000A4FF001097CD50026206805
:1027300004F0C7FE074674E0F80770D0F1B22068D5
:1027400004F0D8FE8046C00707D005EB4611C1F85B
:10275000089B3146204602F03FFA5FEA087024D514
:1027600005EB4611C1F808BB2068016C00E023E2CC
:1027700000EB46100191D0F8082BFB4B994205D98C
:10278000110403D54FF40041C0F8081B204600F0A7
:10279000F6FAF5490198884207D9A079012804D1B1
:1027A00020680121009A04F045FC5FEAC86004D566
:1027B00005EB46111020C1F8080B5FEA88701DD5A3
:1027C0006869000605D5D5F8040840F48061C5F8AD
:1027D000041806EBC60004EB800090F8571200F5D1
:1027E0001570012905D180F803A0F1B2204600F050
:1027F000E9F905EB46110220C1F8080B5FEA886091
:1028000004D505EB46102021C0F8081B5FEA88407C
:1028100005D505EB46104FF40051C0F8081B7F08A2
:10282000761C002F88D1206804F06CFE40036ED522
:10283000206804F03FFE0746002666E0F80762D0F5
:10284000F1B2206804F044FE8046C00723D006F0B1
:102850000F01D5F8342809FA01F18A43C5F8342864
:1028600005EB4611C1F80899A07901280FD106EBB4
:10287000C60004EB8000D0E907211144016236B99B
:10288000606A20B920680121009A04F0D3FBF1B2FC
:102890002046FFF7C4FD5FEA087003D505EB46113B
:1028A000C1F808B95FEAC86004D505EB46111020ED
:1028B000C1F808095FEA486004D505EB46104021DD
:1028C000C0F808195FEA887016D53146284604F02A
:1028D000C2FD06EBC60004EB8000C17D1430012967
:1028E00005D180F803A0F1B2204600F067F905EBAE
:1028F00046110220C1F808095FEA086003D5314695
:10290000204602F0CFF97F08761C002F96D1206870
:1029100004F0F8FD002811DAD5F8040820F00101D0
:10292000C5F8041894F8CC0401282BD0204600F0F8
:102930000BFA2068416901F000414161206804F010
:10294000E1FD00050BD5D5F80808C00702D02046E8
:1029500000F03EFA2068416901F40061416120689D
:1029600004F0D0FDC00467D5D5F8040820F00100BC
:10297000C5F804081021206804F06DFD00214FF611
:102980007F3220E084F8CCA400212046FFF71CFD14
:10299000CFE700BF05EB4110C0F80829D0F8003997
:1029A00023F40013C0F80039C0F8082BD0F8003B1E
:1029B00023F40013C0F8003BD0F8003B43F0006361
:1029C000C0F8003B491C20798842E3D8D5F81C08A0
:1029D00040F00111C5F81C18E07B002828460DD0F6
:1029E000D0F8840840F00B01C5F88418D5F84408E5
:1029F00040F00B012846C5F844180DE0D0F8140843
:102A000042F22B010843C5F81408D5F8100840F02D
:102A10000B012846C5F81018D0F8000820F4FE6114
:102A2000C5F80018A1792068009A04F003FB20681B
:102A3000416901F480514161206804F063FD800424
:102A400015D5206804F03EF9206804F022FDE071FD
:102A500000F02EFB0146E279206804F0B5FD204627
:102A600000F05CF92068416901F40051416120687F
:102A700004F048FD000707D5204600F069F92068FA
:102A8000416901F008014161206804F03BFD000646
:102A900016D5A86920F08001A96101260DE000BFCC
:102AA00006EBC60004EB800090F85702012803D122
:102AB000F1B22046FFF7CAFC761C2079B042EFD86D
:102AC000206804F01FFDC0021FD501264F4614E008
:102AD00005EB4610D0F8000906EBC60104EB8101B6
:102AE0000A7E012A08D1002806DACF75F0B240F03C
:102AF00080012046FFF7AAFC761C2079B042E7D877
:102B00002068416901F480114161206804F0FAFCF9
:102B1000800234D501204A4629E000BF05EB401170
:102B2000D1F8001B00EBC00304EB830393F8586259
:102B3000012E1BD1002919DA94F8D464C1F30041A5
:102B400006F001068E4211D183F85722A96941F09F
:102B50008003AB616969090608D4D5F8040840F41C
:102B60000070C5F8040805E00A30544F401C217974
:102B70008142D3D82068416901F400114161206885
:102B800004F0C0FC400007D52046FFF744FC206855
:102B9000416901F080414161206804F0B3FC4007C5
:102BA0000AD520684568680702D52046FFF74AFC29
:102BB0002068416829434160BDE8FC9FD0F8E004EB
:102BC00003F035BDD0F8E00403F045BDF8B50400CE
:102BD00005D094F895042668002510B106E0012080
:102BE000F8BD84F89454204600F056F8032084F889
:102BF0009504B6F1A04F00D1A571206804F014FA35
:102C0000207C8DF8000094E80F0004F069F802269B
:102C1000B8BB0021206804F098FC90BB002001277D
:102C20000DE000BF00EBC00104EB81014F7508759A
:102C3000C8850D76CD610D62401CC0B24D62217910
:102C40008142EFD8002011E000EBC00104EB8101CC
:102C500081F8555281F8540281F85852C1F85C52FB
:102C6000C1F86052401CC0B2C1F86452217981425F
:102C7000EAD8207C8DF8000094E80F0004F016F9E3
:102C800010B184F89564AAE7657484F89574206897
:102C900004F0FEF80020F8BD10B586B004461421FB
:102CA0006846FDF74FFC2068B0F1A04F2FD11948BE
:102CB0000021026842F001020260006800F0010099
:102CC00005904FF4C05000900220CDE9010103208F
:102CD00003900A20049069460F48FFF7B3F90D48A6
:102CE000001D016841F0800101600A48143001684C
:102CF00041F4804101600068002200F480400590AA
:102D000005214320FFF72EFB4320FFF71DFB06B0F4
:102D100010BD0000303802400000024070B504468B
:102D2000C079012570B1022801D0FEF74FFA29467B
:102D3000D4F8E00403F0FEFCD4F8E004BDE87040F1
:102D400003F0B2BC0025F2E7D0F8E00403F0DBBCEE
:102D5000D0F8E00403F0E1BC10B5044690F8940408
:102D600001280AD0012084F894046174206804F0DA
:102D70001AFC002084F8940410BD022010BDD0F885
:102D8000E02400F29C41104603F0E0BC10B504467C
:102D9000006894F89414012909D0012184F894144E
:102DA000C168490609D5617B012902D005E00220EE
:102DB00010BD816B41F480318163206804F029FBF0
:102DC000206804F057F8002084F8940410BD000037
:102DD00010B50446D0F8E00403F0FAFC2068D0F8FF
:102DE000001E41F00101C0F8001EE07A002804D066
:102DF0000248016841F00601016010BD10ED00E0DD
:102E00002DE9F843054600684FF00109C1074FF06E
:102E1000000601D1400727D5DFF80C81C8F86860AB
:102E2000FFF708FA0746414C05E000BFFFF702FA3A
:102E3000C01B022857D820680001F7D468688101B8
:102E4000287A41EA0070394984310860C8F86890EE
:102E5000FFF7F0F9074604E0FFF7ECF9C01B022882
:102E600041D820680001F7D52878800752D52F482F
:102E70004030016841F08051016000682C4C00F046
:102E800080500090206840F480702060FFF7D2F9F5
:102E9000074604E0FFF7CEF9C01B022823D82068BC
:102EA000C005F7D5214C7034206810F4407020D054
:102EB000A98901F4407181421BD020681D4920F48A
:102EC0004070C1F800900E6020602068C00710D0EC
:102ED000FFF7B0F9064641F2883707E0FFF7AAF995
:102EE000801BB84202D90320BDE8F8832068800720
:102EF000F4D5E9680D48C1F301220830032A0BD04C
:102F0000016821F4F81101602068A989C1F30B015F
:102F1000084320600020E7E70268074B22F4F8121C
:102F200019400A430260EFE70000474200380240C0
:102F300000700040400E4742FFFCFF0F2DE9F047B4
:102F40000E46050065D0DFF81481D8F80000F7B20E
:102F500000F00700B04207D288F80070D8F80000EF
:102F600000F00700B04254D128683D4C810712D5CB
:102F7000400703D5206840F4E0502060287800071F
:102F800003D5206840F4604020602068A96820F0E4
:102F9000F000084320602878C0072DD030496868C9
:102FA0000839012812D0022813D0032811D009684B
:102FB000890700292DDA216821F0030101432160EE
:102FC000FFF738F9814641F2883A0EE00968890333
:102FD000EFE709688901ECE7FFF72CF9A0EB09019D
:102FE000514502D90320BDE8F0872068696800F0E8
:102FF0000C00B0EB810FEFD1D8F80010404601F083
:103000000701B14207D90770006800F00700B0421D
:1030100001D00120E7E72878400705D52068E96856
:1030200020F4E050084320602878000706D5206887
:10303000296920F4604040EAC100206000F05EF899
:103040002168084AC1F30311515CC8400649086071
:1030500006480068FFF716F90020C4E7003C02406C
:1030600008380240D8900008B0000020A8000020D6
:103070000F2202600C4A136803F0030343601368D5
:1030800003F0F0038360136803F4E053C360126835
:103090004FF4E05303EAD20202610448006800F0F2
:1030A000070008607047000008380240003C0240FA
:1030B0000148006870470000B0000020044805493E
:1030C00000680968044AC1F38221515CC840704716
:1030D000B000002008380240E89000080448054984
:1030E00000680968044AC1F34231515CC840704726
:1030F000B000002008380240E8900008154810B5DC
:10310000006810F00C02144813D01449042A0FD0A0
:10311000082A0ED10F4C241F2268236802F03F02B8
:103120005B0207D52068C0F38810A0FB010106E010
:10313000084610BD2168C1F38811A1FB00010023DE
:10314000FDF712F92168C1F30141491C4900B0FBA8
:10315000F1F010BD083802400024F400001BB70055
:103160002DE9F84F04006ED02078DFF84C93C007AB
:10317000A9F104054AD009F104000168C1F38101F5
:10318000012908D00068C0F3810002280AD1D9F8CB
:103190000000400206D52868800337D56068002803
:1031A000E1D033E06068B0F5803F10D0B0F5A02FDB
:1031B000286810D020F480302860286820F480200F
:1031C00028606068A8B1FFF735F806460DE028686A
:1031D00040F48030F4E740F480202860F7E700BF37
:1031E000FFF728F8801B642873D828688003F7D578
:1031F0000CE0FFF71FF8064605E000BFFFF71AF8DE
:10320000801B6428F0D828688003F7D42078DFF882
:10321000AC8280074FF0000A3ED5A748001D016828
:1032200011F00C0F08D00068C0F3810002280BD108
:10323000D9F80000400207D42868800716D5E06856
:10324000012800D112E033E1E068B8B10120C8F8EC
:103250000000FEF7EFFF064605E000BFFEF7EAFFBD
:10326000801B0228C0D828688007F7D52868216904
:1032700020F0F80040EAC10028600DE0C8F800A086
:10328000FEF7D8FF064604E0FEF7D4FF801B0228B5
:103290001FD828688007F7D42078000722D5864FEA
:1032A00087486169703771B101210160FEF7C2FF83
:1032B000064604E0FEF7BEFF801B022809D83868E6
:1032C0008007F7D50EE0C0F800A0FEF7B3FF064672
:1032D00005E082E0FEF7AEFF801B02287DD838684B
:1032E0008007F7D42078400768D5DFF8CCB10027F5
:1032F0000BF13C0BDBF80000C0000BD4DBF8001036
:1033000041F08051CBF80010DBF80000012700F0FD
:10331000805000906B4E3068C00510D4306840F487
:1033200080703060FEF786FF009005E0FEF782FFB8
:103330000099401A022850D83068C005F6D55E4E74
:10334000A0686C3601280FD00528306810D020F016
:1033500001003060306820F004003060A068B8B12F
:10336000FEF768FF00900FE0306840F00100F4E7DE
:1033700040F004003060F7E7FEF75CFF0099411A67
:1033800041F28830814266D830688007F4D50EE07B
:10339000FEF750FF009007E0FEF74CFF0099411A3E
:1033A00041F28830814256D830688007F4D42FB17A
:1033B000DBF8001021F08051CBF80010A069C8B3F1
:1033C0003D49091D0968C1F3810102294AD002283B
:1033D000504607D0C8F8600000E03CE0FEF72AFF46
:1033E00004463BE04746C8F86000FEF723FF064668
:1033F00005E000BFFEF71EFF801B02282BD82868BF
:103400008001F7D4D4E907010843A16A2E4A49088C
:1034100002EB0141626A41EA8211084394F82C10E0
:1034200040EA0161C9F8001001203866FEF702FF8A
:10343000044606E03EE000BFFEF7FCFE001B02284B
:1034400009D828688001F7D534E000BFFEF7F2FE06
:10345000001B022802D90320BDE8F88F28688001EC
:10346000F4D427E00128F7D0D9F80000E26900F48D
:10347000800191421CD1226A00F03F01914217D194
:1034800047F6C071626A0140B1EB821F10D1A26A97
:103490004FF0FF3300F4403103EB5202B1EB024F27
:1034A00006D194F82C1000F07060B0EB016F01D0E1
:1034B0000120D1E70020CFE7043802400000474256
:1034C000800E4742007000400000FFFF10B504006E
:1034D00002D0607F10B106E0012010BD00202077EF
:1034E000204600F041F8022060772068C168C94397
:1034F000C90632D5CA21416221685320486220465C
:1035000001F04EFD20BB20688168164A11408160A1
:103510002168886862681043D4E904231A43104381
:1035200088602168E068086120680169228941EAB1
:1035300002410161204601F057FD48B921680A6C3B
:1035400022F480220A6421680A6CA3691A430A647F
:103550002268FF21516208B110BD0020012161776E
:1035600010BD0000BFFF8FFF1FB50021009101912A
:10357000029103910068084988420CD10220009012
:10358000000203906846FFF73BFC08B1FDF71EFE02
:103590000249012008601FBD002800403C0E474240
:1035A00070B50446007F0B46012819D00126267706
:1035B00002206077B2B19878D97840EA014558780E
:1035C0001978000240EA413005432168CA20486268
:1035D000216853204862204601F0E2FCD0B122E08D
:1035E000022070BD5878C10603D500F0EF000A3004
:1035F0005870D87801F0C9FC0204587801F0C5FC75
:1036000042EA0022987801F0C0FC0243187842EAAE
:103610004035DAE70748054020684560204601F05C
:10362000E3FC00B966772268FF215162002121770F
:1036300070BD00003FFFFF002DE9F0410446007F10
:103640000D46012823D04FF0010884F81C80022089
:1036500060772068002780684FEA4060D2B1002878
:1036600000DBEF70A878297840EA01466878E978AD
:10367000000240EA815006432168CA20486221685E
:1036800053204862204601F08BFCB8B12CE00220A8
:10369000BDE8F081002800DBEF70287801F075FCB0
:1036A0000204687801F071FC42EA0022A87801F077
:1036B0006CFC0243E87842EA8056DDE70D4806409C
:1036C000206806602068816821F480218160D5E946
:1036D0000301084321688A6810438860204601F08E
:1036E00083FC08B984F81D802268FF215162277786
:1036F000CEE700007F7F7F0070B504460B4821684D
:10370000C860FEF797FD05464FF47A7607E000BFE4
:10371000FEF790FD401BB04201D9032070BD206828
:10372000C0688006F4D5002070BD00005F7F0100F6
:103730007047704710B5040003D094F83D0010B1F5
:1037400007E0012010BD002084F83C00204600F076
:103750001EF8022084F83D00211D206801F0ACFF16
:10376000012084F8460084F83E0084F83F0084F885
:10377000400084F8410084F8420084F8430084F853
:10378000440084F8450084F83D00002010BD7047D7
:1037900090F83D10012901D001207047022180F8E6
:1037A0003D100168CA6842F00102CA600068114910
:1037B000884214D0B0F1804F11D00F4988420ED00A
:1037C0000E4988420BD00E49884208D00D498842E4
:1037D00005D00D49884202D00C49884204D1816845
:1037E00001F00701062903D0016841F001010160E1
:1037F0000020704700000140000400400008004025
:10380000000C00400004014000400140001800404E
:1038100070472DE9F04104460068C66805694FF01D
:103820000007A90713D5B10711D5F91E01610120C1
:103830002077206880698007204602D0FFF7E8FFE4
:1038400004E000F07EF8204600F07CF82777680757
:1038500016D5700714D521686FF0040008610220A6
:1038600020772068806910F4407F204602D0FFF75F
:10387000CFFF04E000F065F8204600F063F82777FA
:10388000280715D5300713D521686FF008000861A7
:10389000042020772068C0698007204602D0FFF707
:1038A000B7FF04E000F04DF8204600F04BF8277712
:1038B000E80616D5F00614D521686FF010000861EF
:1038C000082020772068C06910F4407F204602D08D
:1038D000FFF79EFF04E000F034F8204600F032F8D5
:1038E0002777E80708D0F00706D021686FF00100BD
:1038F0000861204600F028F8280608D5300606D5CD
:1039000021686FF0800008612046FFF711FF68060C
:1039100008D5700606D521686FF040000861204682
:1039200000F01CF8A8060AD5B00608D521686FF08B
:10393000200008612046BDE8F041FFF7FABEBDE86F
:10394000F08170477047000000680349884201D148
:10395000FEF776BC7047000000000140704738B5A4
:10396000044690F84200202801D0022038BD51B111
:103970004AB10120206300206063204602F09EF8D7
:10398000216B012901D0012038BD21680A684968EE
:10399000009121680C3151E8002F42F0100241E8FB
:1039A0000023002BF5D138BD00680349884202D1BD
:1039B000024901200870704700480040740100204F
:1039C00070470000F8B5016804460868CA684B698A
:1039D00010F00F0F4FF0000559D003F0010602F46C
:1039E0009077374365D0C10705D0D10503D5616C09
:1039F00041F001016164410705D5D90703D0616C2D
:103A000041F002016164810705D5D90703D0616CDB
:103A100041F004016164010707D502F02001314340
:103A200003D0616C41F008016164616C00293AD0F7
:103A3000800604D5900602D5204601F058FF206884
:103A40004069616CC0F38010090700D460B3204660
:103A500001F018FF20684069400621D52068143025
:103A600050E8001F21F0400140E80012002AF5D183
:103A7000E06BA8B172490165E06BFEF74DF90028D3
:103A800011D0E06B016D01B0BDE8F040084783063E
:103A90000FD593060DD52046BDE8F84001F027BFAD
:103AA0002046FFF78DFFF8BD2046FFF789FF6564CC
:103AB000F8BD266B2023012E7ED1C6067CD5D60606
:103AC0007AD508684868009048694FF002064006B9
:103AD0004DD5E26B106840684FF480770004000C0D
:103AE0003AD0A18D814237D9E085D069B8422DD036
:103AF00020680C3050E8001F21F4807140E800126B
:103B0000002AF5D12068143050E8001F21F001018F
:103B100040E80012002AF5D12068143050E8001F58
:103B200021F0400140E80012002AF5D184F842302B
:103B3000256320680C3050E8001F21F0100140E898
:103B40000012002AF5D1E06BFEF79DF86663A08DA8
:103B5000E18D401A81B206E0A18D8142A8D1D069E1
:103B6000B842A5D166632046FFF71EFFF8BDA08DC1
:103B7000E18D401A81B2E08D0028F7D00029F5D000
:103B800020680C3050E8002F22F4907240E80027A3
:103B9000002FF5D12068143050E8002F22F00102E8
:103BA00040E80027002FF5D184F8423025632068D3
:103BB0000C3050E8002F00E006E022F0100240E850
:103BC0000023002BF3D1CDE705062BD5150629D50B
:103BD00094F841002128C9D1A068B0F5805F01D1D7
:103BE0002069B0B1206A411C2162216800784860D8
:103BF000E08C401E0004000CE084B7D12068C1684E
:103C000021F08001C1602068C16841F04001C160BD
:103C1000F8BD206A0088C0F308004860206A801C54
:103C20002062E5E74006F3D55006F1D5CA68204684
:103C300022F04002CA6084F8413000F001F9F8BD7A
:103C40008957000870B5040004D094F8410000259D
:103C500010B106E0012070BD84F84050204600F00D
:103C600023F8242084F841002068C16821F4005121
:103C7000C160204601F09CFE2068016921F490415A
:103C800001612068416921F02A0141612068C16811
:103C900041F40051C1606564202084F8410084F83B
:103CA00042006563002070BD2DE9F04F87B00546E6
:103CB00014216846FCF746FC574B296857480226F2
:103CC0000327072200244FF000694FF4806A4FF465
:103CD000807B99425FD1514914310B6843F0100346
:103CE0000B60096801F010010591016841F00201C3
:103CF0000160016801F002010591016841F00101D4
:103D00000160006802AB00F0010005908020CDE961
:103D10000006904683E8900169464148FEF792F913
:103D20003002CDE9000602AB694683E890013D48C8
:103D3000FEF788F93D4F3C48D0463860C7E901940A
:103D4000C7E9034A7C61C7E9064B3C625E463846D8
:103D50007C62FEF7C3F808B1FDF738FAEF63BD6384
:103D6000324F314860377830E7E802094020A7E851
:103D700011012E4847F814496030C7E906463C62F5
:103D80007C62FEF7ABF808B1FDF720FAAF63BD63C4
:103D900007B0BDE8F08F264B9942F9D11F49103189
:103DA0000B6843F480230B60096801F480210591BE
:103DB000016841F0040101600068029400F0040011
:103DC00005904FF44060CDE90006CDE903726946E5
:103DD0001848FEF737F9154E1748C0363060C6E967
:103DE0000194C6E9034A7461C6E9064B4FF44030BA
:103DF000C6E908043046FEF771F808B1FDF7E6F9A8
:103E0000EE63002205212720B563FEF7ABFA2720D9
:103E1000FEF79AFABCE7000000100140303802407B
:103E2000000402400000024040640240640600209A
:103E30000048004000080240286002407047704778
:103E40007047FEE700F1200383EC030AC0E911127A
:103E50009FED0A0A80ED0C0A80ED0E0A80ED0D0A36
:103E600080ED020A80ED030A80ED040A80ED100A5D
:103E700080ED010A80ED000A70470000000000009C
:103E8000F0B500230A24302537261F4611E000BF75
:103E9000B4EB107F02D905EB107C01E006EB107C3F
:103EA00001F813C001EB430C00015B1C8CF801709E
:103EB000DBB29342ECD3F0BD10B58AB00120029082
:103EC000002008210490CDE905018DF81C00FF2099
:103ED0008DF820008DF821008DF824008DF8220047
:103EE0008DF825008DF823008DF82600FC208DF834
:103EF000270008A8009005480123002244680548CF
:103F000003490068A0470AB010BD0000300100203E
:103F10008C0500200800002090ED010AFCEEC00A8C
:103F200010EE901A018480ED0F0A0021018770477E
:103F300010B58AB001200290002008210490CDE93C
:103F400005018DF81C00FF208DF820008DF8210060
:103F50008DF824008DF822008DF825008DF82300BF
:103F60008DF82600FE208DF8270008A8009005484F
:103F7000012300224468054803490068A0470AB0AD
:103F800010BD0000300100208C050020080000203A
:103F90000FB4F2EE090A70B52DED028B9DF83400D6
:103FA000DFED668A069D664C6D1E000954F82510EB
:103FB000B1EE0C8A91ED010ABCEEC00A10EE102A97
:103FC0000A8454F825100880BDF8350040BA00EE88
:103FD000100A54F82500B8EE400A80ED060A9DF854
:103FE00037009DF83810000140EA111000EE100A69
:103FF00054F825001021B8EE400A80ED070A9DF81C
:10400000390000EE100A54F82500B8EE400A80EDA1
:10401000040A54F8250090ED060ABDEEC00A10EE21
:10402000100ABAEE090A03F095FF54F82500F6EEDF
:10403000000A80ED010A20EE200A54F82500DFED89
:10404000410A0C2120EE200ADFED3F0A20EE200A73
:10405000F0EE680A80ED010A54F8250090ED070A99
:10406000BDEEC00A10EE100A9FED380A03F072FF91
:1040700054F825000C21F0EE480A80ED020A54F8AD
:10408000250090ED040ABDEEC00A10EE100AB9EE4C
:104090000C0A03F05FFF54F8250080ED050A54F880
:1040A00025109DF83A00087354F825109DF83B0040
:1040B000487354F82500018CD0ED010A00EE101A67
:1040C0002349B8EE400A30EEC00A10EE102A8A42A8
:1040D00002D9028F521C028754F82500028CD0EDC1
:1040E000010A00EE102AB8EE400A30EE600A10EE27
:1040F000102A8A4202D9018F491E018754F82500EF
:10410000B0F93810D0ED010A490300EE101AB8EEEC
:10411000C00A30EE800A80ED0F0A54F8250030F80E
:10412000441F491C018054F82510012081F84200E9
:10413000BDEC028B70BC5DF814FB0000000048432E
:1041400044010020DB0F494000001042000048C33A
:104150000020CBC508B504F083FC0A4E0A4C0B4D79
:10416000CDF80000B4F844002988884201D1706875
:104170008047B4F8440028800121684604F016F80E
:10418000F0E7000048010020A0620020800200202B
:104190002DE9F04104462DED068BF0EE60AAF0EE1D
:1041A000419AB0EE42AADFED2C0AB0EE619A9FED83
:1041B0002C1A20EE200AF0EE000ADFED2A8AB1EE7A
:1041C0000C8A20EE200ADFED250A102020EE200ABE
:1041D000DFED250A03F078FB07460C20B0EE681AE5
:1041E000DFED220AB0EE6A0A03F06EFB06460C20F1
:1041F000B0EE481AF9EE0C0AB0EE4A0A03F064FB7E
:104200009FED1C8A80460C209FED191AF0EE480A9B
:10421000B0EE690A03F058FB05460C20B1EE041A13
:10422000F0EE480AB0EE490A03F04EFB390A21705D
:1042300067703109A170310141EA1521E1702571E2
:1042400001096171010141EA1820A07184F8078019
:10425000BDEC068BBDE8F08100000039DB0F494062
:10426000DC0F494000004843DC0F49C0000048C350
:104270000000FA4300000000816270472DE9F04120
:1042800015460E4680460024114F12E008EB8400CC
:1042900090ED000A0E4803F02BFB0020395C6960AA
:1042A00029684906FCD5401CC0B20428F6D3641C1A
:1042B000A4B2B442EAD3074900200A5C6A602A68C3
:1042C0005206FCD5401CC0B20428F6D3BDE8F081EC
:1042D000C00100203C96000870B51B480125017CF8
:1042E000427C090441EA4244408A174904430020C1
:1042F000B1F1880101EB000305FA00F21E7D2242B4
:104300000ED0761CF6B21E75032E02D98E681643A7
:104310008E601B7D3C2B13D90B6913430B610FE09F
:10432000361F382ECE6801D2164300E09643CE6089
:104330008E6896438E600E69964300220E611A7550
:10434000401C1228D6DB70BD5064002030EE601A8D
:10435000D0ED030AD0ED041A1B4A30EEE12AF0EE4C
:10436000081AF0EE000A20EE210A21EE211A20EEB2
:10437000200AC0EE020AC1ED000A90ED030A90ED9A
:10438000042A10EE900A30EE422A904281EE020A90
:10439000B1EE041A81ED010A01DB81ED001A0B4830
:1043A0000B68F9EE040A834201D3C1ED000A10EE56
:1043B000103A934201DB81ED011A4A68824201D32F
:1043C000C1ED010A704700000000A0400000A0C03D
:1043D00010B5174BA0F20720DDE9051203EB4010E2
:1043E000038883818BB25BBA090C038049BA418090
:1043F00091B249BA818099B282890E4B8C1A9C4243
:1044000002DA818A491C04E0511A994202DA818A4F
:10441000491E81820188B0F9142001EB423101610B
:1044200001888181818B491C81830121817610BDA6
:10443000E862002090E8FFFF30B5050A039C257074
:104440006070080AA070E170100A20716271180A89
:10445000A071E37130BD000010B5A0F20120DDE9CC
:10446000052193B25CBA144B120C03EB401052BA04
:10447000048042808AB252BA8280090C817182899A
:10448000A1B20E4B8C1A9C4202DA818A491C04E0CC
:10449000511A994202DA818A491E81820188B0F953
:1044A000142001EB4231016101888181418B491C5B
:1044B00041830121017610BD0863002090E8FFFFD1
:1044C00030B5050A039C25706070080AA070E17081
:1044D000100A20716271180AA071E37130BD0000EA
:1044E000104810B50E4901600321416000214FF4CE
:1044F00010228160C0E903124FF40012426101767C
:1045000041768176C176017701214177FDF70BFA7B
:10451000002803D0BDE81040FCF758BE10BD0000D5
:104520000064004064050020104810B50E49016089
:104530000321416000214FF410228160C0E9031281
:104540004FF400124261017641768176C17601779F
:1045500001214177FDF7E7F9002803D0BDE81040BD
:10456000FCF734BE10BD0000006800408C05002040
:10457000154808B5016841F400110160016801F4B3
:1045800000110091016841F480010160006800227F
:1045900000F48000009005210C20FDF7E3FE0C20C4
:1045A000FDF7D2FE002205213A20FDF7DBFE3A207E
:1045B000FDF7CAFE002205214620FDF7D3FEBDE827
:1045C00008404620FDF7C0BE3038024010B5CEB0DE
:1045D00000222421202003F091FF464C00222421B8
:1045E0002060202003F08AFF606000222421102038
:1045F00003F084FFA06000221921102003F07EFF49
:10460000E0601C223C496846FBF76AFF00216846CF
:1046100003F0B1F9384960631C221C3107A8FBF78D
:104620005FFF002107A803F0A6F93349A0631C220D
:1046300038310EA8FBF754FF00210EA803F09BF9B8
:104640002D4920611C22543115A8FBF749FF002198
:1046500015A803F090F9284960611C2270311CA84C
:10466000FBF73EFF00211CA803F085F92249A06159
:104670001C228C3123A8FBF733FF002123A803F071
:104680007AF91D49E0611C22A8312AA8FBF728FF0E
:1046900000212AA803F06FF9174960621C22C43177
:1046A00031A8FBF71DFF002131A803F064F912497E
:1046B00020621C22E03138A8FBF712FF002138A845
:1046C00003F059F90C49A0621C22FC313FA8FBF70A
:1046D00007FF00213FA803F04EF9E0621C220749C2
:1046E00046A8FBF7FDFE002146A803F044F920632D
:1046F0004EB010BD000000209C8F0008B490000850
:10470000154808B5016841F002010160016801F037
:1047100002010091016841F001010160016801F0AE
:1047200001010091016841F008010160016801F098
:1047300008010091016841F004010160016801F085
:1047400004010091016841F080010160006800F0FF
:104750008000009008BD00003038024010B586B0DF
:1047600014216846FBF7EEFE1B4800241949059406
:10477000C0E900147F218160FF21C0E90314446176
:104780008461FEF7A3FE08B1FCF720FD8DF8004020
:104790008DF801408DF802400394012269460E48CD
:1047A0000494FEF749FF08B1FCF710FD01208DF8D5
:1047B00014008DF815008DF8160002468DF817408C
:1047C00005A90548FEF7ECFE002801D0FCF7FEFC29
:1047D00006B010BD00280040B40500200C4810B5FC
:1047E0000A4901604FF4E1314160002181600C22EF
:1047F000C160C0E904128161C161FFF723FA00289A
:1048000003D0BDE81040FCF7E1BC10BD0010014032
:10481000D40500200D4810B50B4901600C494160DA
:104820004FF4805181604900C16000210C22C0E931
:1048300004128161C161FFF705FA002803D0BDE8C9
:104840001040FCF7C3BC10BD004800401C0600200F
:10485000A086010010B500220F49104801F0C8FDE4
:1048600008B1FCF7B3FC0E490C4801F0DDFF08B1BC
:10487000FCF7ACFC0B49094801F05AFB08B1FCF706
:10488000A5FC064802F054F8002803D0BDE810400B
:10489000FCF79CBC10BD000040000020CC070020AD
:1048A000D802002090000020FEE7000070B510EE56
:1048B000102A6FF040434FF4800513440122B0EEFC
:1048C000082AAB420BD2F8EE000A002370EEC00AB1
:1048D0000B704A70C0ED000A30EE020A16E010EECE
:1048E000103A2E4C4FF400061C440223B1EE401A3D
:1048F000F7EE000AF0EE001AB4420AD271EE600A36
:104900000A7030EE210A4B70C0ED000A80ED010AFA
:1049100070BD10EE104A032214F1814F0BD8B5EE92
:10492000C00AF1EE10FA06D20B704A7080ED001A40
:1049300030EE200AEAE7B5EEC00A0423F1EE10FAE1
:104940000BDB10EE104AB4F17E5F06DA70EEC00A9F
:104950000A704B70C0ED000AD8E710EE102A05244B
:10496000A2F17E52B24208D231EEC01A0B704C70E6
:1049700080ED001A30EE600AC8E710EE102AA2F1AE
:104980008042AA42C4D872EE400A0C7006224A70D5
:10499000C0ED000A30EE610AB8E70000FFFF7F407B
:1049A000FEE7000070B5FDF745FC444C444D206126
:1049B000606908B928696061E06910B9FDF73AFCDF
:1049C000E0612269111A3D4830388161E261D4ED1D
:1049D000000AF5EEC00AF1EE10FA3CDB236AB2EEF3
:1049E000041A5A18426194ED060AB8EEC00A20EE85
:1049F000010A9FED341AC0EE011A00EE102A94ED60
:104A0000021AB8EE400A21EE002A9FED2F0AC2EEEC
:104A1000002A71EEE21AC0ED041AF5EEC01AF1EEAA
:104A200010FA06D220EE800AC0EE010AC0ED070A95
:104A300005E000EE101AB8EE400A80ED070A00EE1D
:104A4000103AD0ED070AB8EE400A30EE200ABCEE6C
:104A5000C00A84ED080A0078E168014313D0002001
:104A6000E880B5F902001A4900EE100A1948F8EE7C
:104A7000C00A9FED160A00F093F9BDEEC00A10EED1
:104A8000100AE88270BD1448E880B5F902001049A8
:104A900000EE100A0F48F8EEC00A9FED100A00F071
:104AA0007FF9BDEEC00A10EE100AE882286961693C
:104AB000A269091A1144C4E9050170BD2C02002045
:104AC000E86200200000104700007A440000000067
:104AD0001C610020B06500203CF6FFFF00401CC5B3
:104AE0000148FDF7BDBD0000C81E00209FED0A1A59
:104AF000F7EE001A80ED001AC0ED031A80ED090AE6
:104B0000C0ED0A0AC0ED071A80ED081AC0ED0B1AB5
:104B100080ED011A7047000000000000D0ED071A78
:104B2000D0ED000A21EEA01A80ED011AD0ED090A9D
:104B300090ED032A41EE820AC0ED040AD0ED0A1A74
:104B400030EEA12AC0EE821A30EE412AB0EE410AC0
:104B5000B7EE001AC0ED061A31EE611A01EE820AB4
:104B600061EE200A80ED020AC0ED050AC0ED030ADD
:104B700080ED000A704700001448F2EE040A9FED31
:104B8000141A90ED060AB8EEC00A20EE200AC0EE14
:104B9000010A90ED080A90ED021AB8EE400A20EEE4
:104BA000010A9FED0C1AC0EE011A30EEE10A80ED09
:104BB000000AD0ED010AF8EEE00AB4EEE00AF1EEE8
:104BC00010FA01DB0121C160704700002C020020B7
:104BD0000000104700007A442DE9F04103680D46BB
:104BE00004461E6C03EB4511D1F8080B94F806E05F
:104BF0004FF400474FF0200C04F29C42BEF1010F2D
:104C000009D0DFF898E0764539D1020432D500BFEB
:104C1000C1F8087B3FE0224B5FEA007E04D59E424C
:104C200039D90004F4D436E05FEA806E02D5C1F8C9
:104C300008CB30E010F0280F2DD19E4201D900049E
:104C4000E6D405EBC50004EB8000D1F8101BD0F8CA
:104C50007432C1F31201591AC0F8681200F51570C8
:104C6000ADB903691BB1C2681144C1600FE00121F5
:104C700020680AE080060AD5C1F808CB07E035B9FC
:104C8000D4F8640218B90021184602F0D3F9E9B249
:104C90002046FDF7CDFB0020BDE8F0810A31544FDE
:104CA0000A30544F2DE9F84F0E4601EBC60100EBD8
:104CB000810481460568D4E909101434884202D978
:104CC0000120BDE8F88F081AA168814200D2084689
:104CD000C01C870805EB46181BE000BFA0EB010ACB
:104CE000A068504500D282460AF10300870899F86F
:104CF000060000901FFA8AF3F2B22846E16802F03B
:104D0000D7FCE16801EB0A00E060616901EB0A0091
:104D10006061D8F8180980B2B84205D3D4E904011B
:104D2000814201D20028D9D1D4E90401884208D8AF
:104D300006F00F0101208840D5F834188143C5F8EA
:104D400034180020BDE700004FF42F724FF4FA51E1
:104D50009FED041ADFED040A9FED040A0448FFF7F3
:104D600071B8000000000000295C0F3D3333534050
:104D7000BC6400204FF42F724FF4FA519FED041AD7
:104D8000DFED040A9FED040A0448FFF75BB800005A
:104D900000000000295C0F3D333353400C650020B8
:104DA00070B530EE601A2DED048B04460D4680EC94
:104DB000020A80ED021AD0ED050A30EE600A80ED9D
:104DC000060A90ED070AD0ED030A30EE010A80EDE5
:104DD000070AB0EE410A0846FCF764FA94ED080AA7
:104DE000D5ED000A95ED051AD4ED098A94ED0A8AED
:104DF00000EE810AD5ED010A95ED061A94ED0B9AA5
:104E000004F11C0040EE818AD5ED020A95ED071AE7
:104E100000EE818AD4ED020A20EE800A84ED0C0AAD
:104E200094ED120AB8EE400A02F039FD94ED070A3B
:104E300004F1400020EE280A84ED0D0AD4ED020AA8
:104E400094ED031A70EEC10A60EE880AC4ED0E0AF2
:104E500094ED061A21EE091A84ED0F1AD4ED0C1AFE
:104E600031EE800A30EE200A30EE010A84ED100A9D
:104E700094ED110AB8EE400A02F011FD94ED020A19
:104E800084ED030A94ED000A84ED050A94ED100AFE
:104E9000BDEC048B70BD10B5044680EC020A70EEC8
:104EA000600AC0ED020A90ED031A30EEC11A80EDDF
:104EB000041AD0ED051A30EE610A80ED060AD0ED35
:104EC000081A61EEA01AC0ED0C1AD0ED0D1A90ED83
:104ED000092A04F1340042EE201AC4ED0D1AD4ED73
:104EE0000A0A61EE200AC4ED0E0AD4ED0B0A20EE88
:104EF000800A84ED0F0A94ED130A02F0D0FC94EDC1
:104F00000C0AD4ED0D0A04F1400030EE200AD4ED75
:104F10000E0A30EE200AD4ED0F0A30EE200A84ED9E
:104F2000100A94ED110A02F0BAFC94ED020A84ED25
:104F3000030A94ED000A84ED050A94ED100A10BDF1
:104F400000F1200181EC040A9FED0B0A80ED0C0AB0
:104F500080ED0E0A80ED0D0A80ED020A80ED030A55
:104F600080ED040A80ED100A80ED010A80ED000A50
:104F7000443080EC032A704700000000008800B233
:104F800000EE100AB8EEC00A7047002102E00A38AD
:104F9000C0B2491C0A28FAD2090740EA11607047DA
:104FA0002DE9F041044600680025C168490618D47F
:104FB000C16841F08001C160FDF73CF906464FF43D
:104FC0007A78042707E000BFFDF734F9801B4045DD
:104FD00001D9677701252068C068400601D4002DFB
:104FE000F2D02846BDE8F08170B50446006800257F
:104FF000C16821F08001C16020688068800606D405
:105000002046FEF779FB10B1042060770125284681
:1050100070BD00002DE9F05FCA4DCB4C00262DED90
:10502000028B688C012801D040B112E001210820D8
:10503000FCF7DCF938B9288C28B10AE001210820F6
:10504000FCF7D4F928B1AE802662E6612661E660FD
:105050002E7601210020FCF7C9F99FEDBC8ABA4FDA
:10506000283710B194ED010A08E001210846FCF749
:10507000BDF940B16068404200EE100AB8EEC00AC7
:1050800087ED010A05E0B0482830FBF775FE87ED93
:10509000018AAD48283000F03FFA404228800121C3
:1050A0000220FCF7A3F9DFF8A08208F1340820B150
:1050B000A068404200EE100A06E001210320FCF740
:1050C00095F930B194ED020AB8EEC00A88ED010AF4
:1050D00005E09D483430FBF74FFE88ED018A9A4881
:1050E000343000F019FA4042688001210620FCF7B4
:1050F0007DF9012308B1E06828B101210620FCF701
:1051000075F910B109E0E36007E0E068012804D117
:10511000E069282801DBE661E660DFF82C92B5F94A
:10512000041009F14009B9F90A00814209DAE0687E
:10513000012806D1E069282803DA0A31A980401C39
:10514000E06101210720FCF751F908B1206928B17D
:1051500001210720FCF74AF910B109E0236107E0BB
:105160002069012804D1206A282801DB26622661F3
:10517000B5F90400B9F90810884209DD216901294F
:1051800006D1216A282903DA0A38A880491C21623D
:1051900000211120FCF72AF900286D496D4ADFF83B
:1051A000B8C1287B12D010B101280DD01BE02B73A1
:1051B00091ED000ABDEEC00A10EE100A688192ED72
:1051C000000A8CED040A03E02E730CE001280AD1DA
:1051D00091ED000ABDEEC00A10EE100A688192ED52
:1051E000000A8CED040A01211020FCF7FFF820B919
:1051F00002211020FCF7FAF810B1687E012876D061
:105200000320687301210D20FCF7F0F880B14FF402
:1052100016727A8150423881A8F80A20A8F808004E
:105220004FF44871A9F80A104FF6E041A9F80810A8
:1052300001210E20FCF7DAF84FF4966ACAF1000B50
:1052400060B14FF461727A8151423981A8F80A2025
:10525000A8F80810A9F80AA0A9F808B001210F20A1
:10526000FCF7C4F878B1A7F80AA0A7F808B0A8F826
:105270000AA0A8F808B04FF4C861A9F80A104FF6C0
:10528000C011A9F8081000210B20FCF7AFF8334F2C
:1052900058B1B7F90A0040F22621C84205DA00F5F4
:1052A00007707881E87D801EE87500210C20FCF7EE
:1052B0009DF858B1B7F90A0040F6B831C84205DD8B
:1052C000A0F507707881E87D801CE8752448418945
:1052D00001EB8101298180890121C000E88005203E
:1052E000FCF784F878B1A06918B10DE0FFE76B73A3
:1052F00088E7287E10B1012802D002E02B7600E07A
:105300002E76A36100E0A66101210920FCF76EF86A
:1053100058B1606950B9687E10B1012802D002E02E
:105320006B7600E06E76636100E0666101210A2021
:10533000FCF75CF820B1EB76BDEC028BBDE8F09F8A
:10534000EE76F9E77C620020740100200000000086
:105350002001002024010020786400201C0200208D
:105360005064002030B5124B12481A461D7E0024AE
:10537000B2F90420016A012D03D0511A9980046208
:1053800030BDC56955B1012DFAD1C91ED21E0162C9
:105390009A8011F5967FF3DCC46130BDC91CD21C24
:1053A00001629A80B1F5967FF7DB0121C16130BDC2
:1053B0007C620020C401002086B003F051FBDFF8BE
:1053C0009CA0274EDFF89C80274CDFF8A090DFF8E8
:1053D000A0B00390DAF80C00554680476868804713
:1053E00024480068804704AD0095234FB6F9163075
:1053F000B8F9B6107F681A46B8F99600B84794F91C
:10540000410094ED0D2A00EE100A94F94000D4ED0D
:105410000C0AF8EEC01A00EE100A1848B8EEC01ACE
:10542000016894ED0B0A01A888470095D9F804C0DB
:105430004D4640F2FF13002211495F46DBF80000A1
:10544000E04701A800906D68012300220D493868EB
:10545000A847022103A802F0A9FEBBE7EC01002047
:10546000E862002008630020A062002030010020D4
:1054700008000020700200206C010020480100207C
:10548000640500208C0500200178407841EA002066
:1054900070470000054810B50068804700F00AF822
:1054A00003484068BDE81040004700005802002053
:1054B0005002002030B51348017B012902D1124966
:1054C0000A698A601149002401250B7A4A7A104939
:1054D000032B097906D0022B0BD1002A09D0012910
:1054E0000AD005E0002A04D0012903D0002900D108
:1054F000447330BD457330BD064909780029F7D0A3
:10550000F8E700001C020020E86200205064002040
:10551000740200201C01002090EC020A30EE200AE8
:1055200080ED000AB0F9081000EE901AF8EEE00ADB
:10553000B4EEE00AF1EE10FA05D200EE101AB8EE61
:10554000C00A80ED000AB0F90A10F0EE400A00EE41
:10555000101AB8EEC00AF4EEC00AF1EE10FA02DC3E
:10556000B0EE600A05E000EE101AB8EEC00A80ED59
:10557000000ABDEEC00A10EE100A00B27047FFF735
:1055800069F9012002F0EBF9FBE7000010B50C4CC3
:105590000D49B4F9020000EE100A0C48F8EEC00AFA
:1055A0009FED080AFFF7FCFBBDEEC00A002110EEDC
:1055B000100AE0820648C1602169416110BD000007
:1055C000E8620020000000001C610020B06500209F
:1055D0002C02002010B5502080F31188BFF34F8FAC
:1055E000BFF36F8F03F042FA18B104494FF08050B7
:1055F0000860002080F3118810BD000004ED00E079
:1056000030B593B030216846FAF79CFF14210CA8FE
:10561000FAF798FF1F480025016841F080510160AA
:10562000006800F0805011901B48016841F48041EF
:1056300001600068022400F480401190092000906D
:105640004FF4803001900120CDE9050480050790DA
:1056500006200890A820CDE9090407200B90684691
:10566000FDF77EFD08B172B6FEE70CA90F2081E8B8
:1056700031004FF4A0500F904FF48050109005214E
:105680000CA8FDF75BFC002801D072B6FEE713B052
:1056900030BD000040380240007000400248016800
:1056A00041F470010160704788ED00E00148FEF7A9
:1056B000B0B8000084070020F0B50268274B284DE1
:1056C000284E294F294C4FF0804C984209D0604514
:1056D00007D0A84205D0B04203D0B84201D0A042C2
:1056E00004D122F0700E4A6842EA0E0298421BD0A2
:1056F000604519D0A84217D0B04215D0B84213D097
:10570000A04211D01A4DA8420ED01A4DA8420BD07B
:10571000194DA84208D0194DA84205D0184DA842ED
:1057200002D0184DA84203D122F44075CA682A431A
:105730004D6922F080022A438D68C5620D6885623A
:10574000984201D0A04201D109690163016841F08A
:1057500004010160012141610260F0BD00000140CF
:105760000004004000080040000C0040000401401C
:105770000040014000440140004801400018004042
:10578000001C00400020004010B5806B0021C18546
:10579000FEF716F910BD70B5846B2068406994F867
:1057A0004110C0F3C0100025212904D118B1E584AF
:1057B000204600F08EF82068406994F84210C0F34B
:1057C0008010222904D118B1E585204600F05AF84E
:1057D000606C40F0100060642046FEF7F1F870BD88
:1057E00010B50146806B096809684FF00002C905D1
:1057F0002ED4C28501680C3151E8003F23F4807338
:1058000041E80034002CF5D10168143151E8003F23
:1058100023F0010341E80034002CF5D10168143174
:1058200051E8003F23F0400341E80034002CF5D15B
:10583000202180F84210016B012909D101680C3147
:1058400051E8003F23F0100341E80034002CF5D16B
:105850004263016B012902D0FEF7F0FA10BD818D81
:10586000FEF7A2F810BD10B5806B01214163016BFA
:10587000012902D0FEF7E3FA10BD818D4908FEF739
:1058800093F810BD01680C3151E8002F22F490729A
:1058900041E80023002BF5D10168143151E8002FB5
:1058A00022F0010241E80023002BF5D1016B012910
:1058B00009D101680C3151E8002F22F0100241E8B3
:1058C0000023002BF5D1202180F842100021016334
:1058D000704701680C3151E8002F22F0C00241E806
:1058E0000023002BF5D1202180F84110704708B526
:1058F00090F84210222901D0022008BD82684FF49E
:1059000080539A4201D1016921B1816A9A421BD028
:105910004AB10AE00268816A5268C2F308020A804A
:10592000816A891C08E0026972B10268526802F05B
:105930007F020A70816A491C8162C18D491E090477
:10594000090CC18503D01BE002685268F1E70168C9
:10595000CA6822F02002CA600168CA6822F4807214
:10596000CA6001684A6922F001024A61202180F878
:10597000421000214163026B012A03D0FEF75EFA58
:10598000002008BD016301680C3151E8002F22F0AE
:10599000100241E80023002BF5D101680A68D20605
:1059A00002D50A6849680091818DFDF7FDFFE7E7A0
:1059B00070B5044600680169E26821F44051114362
:1059C00001612169A068E2690843616911430843E4
:1059D0002168CA6849F20C639A430243CA6020688E
:1059E0004169A26921F44071114341613149206844
:1059F000884202D03049884202D1FDF76FFB01E0B6
:105A0000FDF75CFBE2690023192164253226B2F51B
:105A1000004F626828D0A0FB0101930F9200FAF7B3
:105A2000A3FC0146B0FBF5F06FF01802504301EB08
:105A3000800006EB0010B0FBF5F000F0F002B1FBC7
:105A4000F5F002EB0012B1FBF5F06FF018035843CC
:105A500001EB800006EB0010B0FBF5F000F00F004A
:105A600021681044886070BDA0FB010192185B4161
:105A7000FAF77AFC0146B0FBF5F00201B1FBF5F054
:105A80006FF01803584301EB800006EBC000B0FB39
:105A9000F5F000F0F80002EB4002B1FBF5F05843DE
:105AA00001EB800006EBC000B0FBF5F000F0070052
:105AB000D6E70000001001400014014038B58162B3
:105AC00004468285002013466064222284F8422026
:105AD000E56B1F4AEA63E56B1E4A2A64E56B1E4AC2
:105AE000EA64E26B10650A462168E06B091DFCF769
:105AF0005FFA30B110206064202084F84200012059
:105B000038BD2068016840680090206948B120686D
:105B10000C3050E8001F41F4807140E80012002A68
:105B2000F5D12068143050E8001F41F0010140E831
:105B30000012002AF5D12068143050E8001F41F00F
:105B4000400140E80012002AF5D1002038BD0000D5
:105B5000E157000867580008975700080148FDF70B
:105B600031BF00001C060020064D88B04FF0FF3406
:105B700022466946286802F037FE684601F0ACFD0F
:105B8000F6E700000C000020CD2001F0F3FD02201C
:105B900002F0E6FAF8E72DE9F0410C46D0F8D4120D
:105BA000D0F8C82200EB8101D1F8C01229B304F06B
:105BB0000F0606EB860300EB830500276B694BB1EC
:105BC00006EBC60602EB8602D269B3FBF2F602FBD5
:105BD0001632A2B1C1F81472D0F8D42200EB8200C0
:105BE000D0F8C40203692BB1D1F80802224601F5AE
:105BF000047198470020BDE8F0810320FBE70023F3
:105C00001A4621466F6100F0F0FDF3E770B50546D6
:105C1000D0F8D40205EB8000D0F8C04294B12846F9
:105C200000F0C2FCC4F80C02D5F8D412D4F8040277
:105C300005EB8101D1F8C412CA6804F503719047DD
:105C4000002070BD032070BD70B5234D0446297837
:105C500000F0EAFB2878002600F00F0000EB80003F
:105C600004EB800080F823606978204600F0DCFBBC
:105C7000687800F00F0000EB800004EB800080F8F3
:105C80006361A978204600F0CFFBA87800F00F00F0
:105C900000EB800004EB800080F82360C661D4F83C
:105CA000D40204EB8000D0F8C01299B1D0F8C4023D
:105CB00040688047D4F8D40204EB8000D0F8C002DA
:105CC00000F0BAFFD4F8D40204EB8000C0F8C06240
:105CD000C4F8BC62002070BD8402002010B5D0F86A
:105CE000D41200EB8100D0F8C04284B1D0F8C412C5
:105CF00059B194F80002FF2807D08B6894F801226C
:105D000021469847FF2084F80002002010BD0320A0
:105D100010BD00000A210180004870478802002061
:105D200070B5064682210C4800F001FB05460121B2
:105D3000094800F0FCFA04468121074800F0F7FA10
:105D40000DB11021A971402104B1A18000B1818061
:105D500043203080004870BD9402002070B5064694
:105D600082210D4800F0E3FA054601210A4800F0BF
:105D7000DEFA04468121084800F0D9FA0DB110215D
:105D8000A9714FF4007104B1A18000B1818043205A
:105D90003080014870BD00009402002070B50646B6
:105DA00082210C4800F0C3FA05460121094800F0A1
:105DB000BEFA04468121074800F0B9FA0DB110215E
:105DC000A971402104B1A18000B1818043203080BD
:105DD000004870BD940200202DE9F04704464FF4BE
:105DE0000775284600F02AFF06004FF0000865D02E
:105DF0002946FAF7A7FBD4F8D4023E4D04EB800005
:105E00004FF01009C0F8C062C4F8BC62207C4FF4A7
:105E1000007A0127E8B3402302222978204600F0C7
:105E20002EFC2878402300F00F0000EB800004EBEC
:105E3000800080F8237002226978204600F01FFC61
:105E40006878082300F00F0000EB800004EB80006E
:105E5000032280F86371A978204601F00F0101EB5D
:105E6000810104EB8101C1F81C90A97800F007FCC6
:105E7000A87800F00F0000EB800004EB800080F8B1
:105E80002370C6F80482D4F8D402474604EB80009D
:105E900000E01BE0D0F8C40206F5017600688047F8
:105EA0003761776132687AB1207C00B3402369782A
:105EB000204600F0F0FB0020BDE8F087D4F8D412B3
:105EC00004EB8101C1F8C0820220F5E753460222AB
:105ED0002978204600F0D3FB2878534600F00F00C5
:105EE00000EB800004EB800080F82370A3E75346AA
:105EF000DDE700008402002010B5D0F8D41200EBDA
:105F00008101D1F8C01259B1027C084C002AD1F8A5
:105F1000042207D04023617800F0BDFB002010BDB3
:105F2000032010BD4FF40073F5E700008402002049
:105F300039B1D0F8D42200EB8200C0F8C41200209E
:105F4000704703207047D0F8D42200EB8200D0F8CD
:105F5000C00218B1C0F80412002070470320704737
:105F6000D0F8D43200EB8300D0F8C00228B1C0F8DA
:105F70001022C0F8081200207047032070472DE956
:105F8000FC410646D0F8D4020C4606EB8000002106
:105F9000D0F8C0728DF80010ADF804100D4637B17E
:105FA000217811F060022FD0202A4BD102E003208B
:105FB000BDE8FC81E288F2B109060DD5D0F8C40233
:105FC00063783946D0F808C01846E047E288072AC7
:105FD00000D9072239462DE0607887F80002E08872
:105FE000402800D34020C2B287F80122394630460B
:105FF00000F081F82BE0D0F8C402637800228668B4
:1060000021461846B04722E0607830B101281ED002
:106010000A2809D00B2815D110E096F89C02032815
:1060200010D1022201A905E096F89C02032809D1AB
:1060300001226946304600F07AF808E096F89C02A2
:10604000032804D02146304600F04AF803252846AC
:10605000AEE7000010B5D0F8D41200EB8101D1F802
:10606000C02201211AB1D2F8143213B116E0032074
:1060700010BD0121C2F814120949D2F81032097872
:1060800001F00F0404EB840400EB84046361D2F894
:106090001032D2F8082200F0A8FB0021084610BDFB
:1060A0008402002010B5D0F8B8220024526890472E
:1060B00000B10324204610BD002070470020704727
:1060C000134610B50A46002100F0E5FA002010BD85
:1060D000134610B50A46002100F087FB002010BDD2
:1060E00010B50446802100F061FB2046BDE8104059
:1060F000002100F05BBB10B50323C0F89432C0F858
:106100005421C0F858211346C0F864110A460021F2
:1061100000F0C1FA002010BD10B50521C0F894129E
:1061200000231A46194600F0B6FA002010BD10B53B
:106130000223C0F8943242618261134641620A46EA
:10614000002100F052FB002010BD10B50421C0F862
:10615000941200231A46194600F047FB002010BD98
:1061600010B50A46024903A000F00FF9004810BD1F
:10617000A80A002043444320436F6E66696700000D
:1061800012200880004870476000002010B50A46C1
:10619000024903A000F0F9F8004810BDA80A002049
:1061A00043444320496E7465726661636500000074
:1061B00004200880004870475C00002010B50A46A3
:1061C000024903A000F0E1F8004810BDA80A002031
:1061D00053544D6963726F656C656374726F6E6959
:1061E0006373000010B50A46024903A000F0CDF821
:1061F000004810BDA80A002053544D333220566980
:10620000727475616C20436F6D506F727400000082
:1062100010B51A2008800A480168001D0468001D96
:106220000068081809D008220649FDF729FE05492B
:10623000042210312046FDF723FE0248801E10BDC7
:10624000107AFF1F76000020F8B504460020ADF854
:10625000000048880D46010A08295FD2DFE801F0F6
:106260005E0409175E5E3C45D4F8B412207C0A68CF
:1062700019E0207C02260028D4F8B80205D0C16AB3
:10628000684688470146467039E0816AF8E7C0B23F
:10629000062843D2DFE800F0030A1014181CD4F8D3
:1062A000B402426805E0694690471CE0D4F8B402A5
:1062B000826892B3207CF6E7D4F8B402C268F8E7AB
:1062C000D4F8B4020269F4E7D4F8B4024269F0E702
:1062D000D4F8B4028269ECE7207CF0B9D4F8B802B3
:1062E000416B68468847014609E0207CA8B9D4F88C
:1062F000B802016B68468847014607204870EA8863
:106300008AB1BDF8000040B1824200D90246ADF822
:1063100000202046FFF70BFFF8BDFFE72946204687
:10632000FFF7DEFEF8E72046FFF70FFFF4E778B54A
:106330000E4642880178002504468A4212D9ADF8FB
:1063400000100AE0694600F019F84178052904D1E7
:1063500081780546B14205D000256188BDF800204E
:106360009142EFD8284678BD0146002002E0401C4B
:10637000C0B2491C0A78002AF9D170470A8803780C
:106380001A440A8001780844704770B516460D46D5
:10639000002820D00446FFF7E7FF022101EB40016F
:1063A0004FF40070814204D82046FFF7DDFF400023
:1063B000801C308030782870032068700220002212
:1063C00006E02954401CC0B22A54401CC0B2641CD0
:1063D00021780029F5D170BD01004FF0000004D0F4
:1063E000012901D0022901D0032070470120704704
:1063F00078B10023C0F8B832C0F8C432C0F8D03247
:1064000009B1C0F8B412012180F89C12027000F0AA
:10641000CFB80320704710B5D0F8C802FCF74AF88F
:10642000BDE81040FFF7D8BF10B5D0F8C802FCF7A0
:106430001CF8BDE81040FFF7CFBF70B5044600253B
:1064400021B194F89C02032846D050E0D4F894126D
:1064500004F11400022939D1818942688A420AD99B
:10646000511A4160828901691144016142682046E4
:10647000FFF72EFE0FE0914214D10068884211D33D
:10648000D4F8981288420DD2002211462046FFF718
:106490001FFEC4F8985200231A461946204600F001
:1064A000FAF813E094F89C02032808D1D4F8B80253
:1064B000C16821B1C4F8D452C16820468847802100
:1064C000204600F073F92046FFF726FE94F8A0025C
:1064D00068B184F8A0520AE0D4F8B802426932B137
:1064E000C4F8D452426920469047002800D10020C9
:1064F00070BD10B50446002221B194F89C02032817
:1065000034D03EE0D4F8941204F5AA70032938D1AF
:10651000818943688B420ED9591A41608289016989
:106520001144016142688089824200D802462046B7
:10653000FFF7C6FD25E094F8AA0210F01F0003D073
:10654000012802D0022800D0002294F89C020328DF
:1065500008D1D4F8B802016921B1C4F8D422016984
:10656000204688472046FFF7F0FD0AE0D4F8B8023D
:10657000836933B1C4F8D422826920469047002849
:1065800000D1002010BD0020704710B5002401216B
:1065900080F89C12D0F8B82222B152680179904755
:1065A00000B10324204610BDD0F8C802FBF7AFBFEE
:1065B00010B5017839BB15490222C1F8E004C0F8D2
:1065C000C8124FF0A040086004200871CA71002072
:1065D00088714A728872C87208738873C8730846D3
:1065E000FCF7F4FA08B1FAF7F1FD80210748FBF750
:1065F000ECFE402200210548FBF7EBFE8022012142
:106600000248FBF7E6FE002010BD0000C81E002077
:106610000A0601F07F01D0F8C80201EBC10100EBCE
:10662000810001D5807D704790F85602704710B503
:10663000D0F8D42200EB8202D2F8B82222B190F82E
:106640009C32032B02D004E0032010BD126A02B179
:106650009047002010BD10B5D0F8D42200EB820284
:10666000D2F8B82222B190F89C32032B02D004E079
:10667000032010BD526A02B19047002010BD10B532
:106680001C461346D0F8C8022246FBF749FFBDE876
:106690001040FFF7A1BE10B5D0F8C802FBF771FF9C
:1066A000BDE81040FFF798BE2DE9F0410026012516
:1066B000044680F89C52C4F894626660C4F8A462F0
:1066C00080F8A062D0F8B80230B1426822B100214F
:1066D0002046904700B10326002240231146204661
:1066E000FFF7CDFF402784F86351A4F860713B4663
:1066F000002280212046FFF7C2FF84F82350278420
:106700003046BDE8F08190F89C12042903D190F83E
:106710009D1280F89C120020704710B590F89C12D2
:10672000032905D1D0F8B81211B1C96901B1884760
:10673000002010BD01740020704710B5D0F8C802C9
:10674000FCF70AFBBDE81040FFF746BE70B50446F3
:1067500000F2AA20054600F051F80120C4F8940286
:10676000B4F8B002C4F8980294F8AA0210F01F011D
:106770000AD001290ED0022912D000F08001204653
:10678000BDE8704000F012B829462046BDE87040D0
:1067900000F0D0B829462046BDE8704000F013BA9A
:1067A00029462046BDE8704000F05AB910B5D0F82F
:1067B000C802FBF702FFBDE81040FFF70DBE10B5A1
:1067C000D0F8C802FCF7E2FABDE81040FFF704BEBB
:1067D00090F89C12042903D090F89C1280F89D1226
:1067E000042180F89C120020704710B5D0F8C80230
:1067F000FBF71CFFBDE81040FFF7EEBD70B5054686
:1068000011F8010B2870087868704C1C2046FEF7C0
:106810003BFE6880A41C2046FEF736FEA880A01C24
:10682000FEF732FEE88070BD38B504460020ADF8B2
:106830000000A1B1C4F8B812D4F8D40204EB80006F
:10684000D0F8B802C16A19B168468847C4F8D002C6
:10685000D4F8D802401CC4F8D802002038BD032068
:1068600038BD02460020D2F8B832002B02D01B6897
:1068700010461847704700002DE9F04188462B4E1E
:106880008978002504463170012906D94146204601
:10689000FFF726FC0320BDE8F08194F89C02022754
:1068A00002280CD003281DD041462046FFF718FCD3
:1068B00031782046FFF7F6FB03252846EBE789B33E
:1068C00020466160FFF7CDFF050004D04146204619
:1068D000FFF706FC1DE02046FFF737FC032084F895
:1068E0009C02EAE7C1B1606888421BD0C1B2204671
:1068F000FFF7D8FB317820466160FFF7B2FF050053
:1069000010D041462046FFF7EBFB21792046FFF7E8
:10691000C9FB84F89C72D0E784F89C7220466160C1
:10692000FFF7C0FB2046FFF710FCC6E782020020FD
:10693000FFF745BF2DE9F0410A78002512F060020B
:106940000CD0202A01D0402A7DD1D0F8D42200EBEF
:106950008202D2F8B8229268904731E04B78002248
:1069600001260A2B6FD2DFE803F041666E586E08ED
:10697000056E2D29FFF768FC67E004468888D8B9C2
:10698000C888C8B94888802816D200F07F0794F8D4
:106990009C02032810D084F89E7239462046FFF7E7
:1069A000CCFE2046FFF7D1FB1FB1022084F89C02E9
:1069B0004BE084F89C6248E0204644E0FFF75CFF2F
:1069C000054642E0CB88012B3DD190F89C32012B4B
:1069D00004D0022B02D0032B35D104E082600122C7
:1069E00000F1080116E00122011D13E090F89C223D
:1069F000012A03D0022A01D0032A24D1CA88022AFC
:106A000021D1C660D0F8A41209B10321C1600222CD
:106A100000F10C01FFF78BFB17E04A88012A02D036
:106A2000022A03D00FE0C0F8A46216E08988090AA0
:106A300080F8A01211E090F89C32012B08D0022BB4
:106A400006D0032B04D0FFF74BFB2846BDE8F081AE
:106A500049880129F9D1C0F8A422FFF776FBF4E7B1
:106A60002DE9F041054608780C790E464FF00008F4
:106A700010F060000BD0202801D040286BD12146B7
:106A80002846FFF719FBFF2800D0D8B398E07078AC
:106A9000C8B3012824D003285DD195F89C020228B0
:106AA00002D0032857D10CE0002C54D0802C52D0B7
:106AB00021462846FFF77AFE80212846FFF776FE1A
:106AC0007EE0708840B93CB1802C05D0C88818B9E8
:106AD00021462846FFF76AFE2846FFF736FB6FE09F
:106AE00095F89C020228DFD0032866D1708888BB05
:106AF000600603D021462846FFF78DFC2846FFF7A5
:106B000024FBBCE700E00AE0C5F8D402D5F8B802DF
:106B10008268FAB1314628469047804650E095F8A1
:106B20009C020027022802D0032846D114E00CB1B1
:106B3000802C42D1200604F07F0000EB800005EBA2
:106B4000800101D5143101E001F5AA71022201F89A
:106B50000E7F2EE034E030E0200604F00F0000EB62
:106B6000800005EB80000AD590F8230028B304F0DC
:106B70007F0000EB800005EB800614360AE090F8F9
:106B80006301D0B104F07F0000EB800005EB8006CC
:106B900006F5AA764CB1802C07D021462846FFF78F
:106BA00037FD10B10120B07300E0B773022206F187
:106BB0000E012846FFF7BBFA02E02846FFF790FADD
:106BC0004046BDE8F08170B50546087800240E46C1
:106BD00010F0600003D0202801D0402827D195F87C
:106BE0009C02012803D0022801D003281FD1B088BD
:106BF000C1B201291AD8C1B22846FFF75FFAFF28AF
:106C00000CD058B9D5F8B8128A683AB1C5F8D40290
:106C10008A68314628469047044600E00324F088FD
:106C2000204307D12846FFF790FA03E03146284673
:106C3000FFF756FA204670BD7047000000487047C5
:106C4000A81C002070B50A78012302F00F054E78C9
:106C5000AB401B4CD0F81C58012E17D045EA03431B
:106C6000C0F81C3800EB4210D0F8002B12040BD4F3
:106C7000D0F8002B0B890979C3F30A031A4344EABD
:106C800081410A43C0F8002B002070BD9BB21D4318
:106C9000C0F81C5800EB4210D0F800391B04F3D4A4
:106CA000D0F800390D890979C5F30A0589042B4309
:106CB00041EA82510B432343C0F80039E4E7000066
:106CC00000800010D0F800196FF30A01C0F8001915
:106CD000D0F8041841F48071C0F8041800207047FF
:106CE00070B50D460446C2F3072104981E460129DB
:106CF0001BD0E06840F04000E060204600F032F831
:106D0000C6F307210029A16B26D021F48031A163AD
:106D1000C5F30741012907D1A16841F00601A1602F
:106D2000A16841F02001A16070BDA16B21F4803108
:106D3000A163E1680A4A1140E160E16821F4401171
:106D4000E160C0B2012803D1E06840F48010E06047
:106D5000204600F007F8DBE741F48031D7E7000078
:106D6000BFFFBDFF08B5002100914FF07061009A90
:106D7000521C00928A4210D80269002AF7DA0A22CD
:106D80000092521E0092FCD1026942F0010202619F
:106D9000009A521C00928A4201D9032008BD026960
:106DA000D207F5D1002008BD30B54C780A78012310
:106DB00000EB4212012C2CD0D2F8004B002C0BDA45
:106DC000D2F8004B44F00064C2F8004BD2F8004BFC
:106DD00044F08044C2F8004BD0F83C580C7804F0E2
:106DE0000F0403FA04F425EA0444C0F83C48D0F840
:106DF0001C48097801F00F018B4024EA0341C0F8D8
:106E00001C18D2F8000B19490840C2F8000B0020EA
:106E100030BDD2F80049002C0BDAD2F8004944F01A
:106E20000064C2F80049D2F8004944F08044C2F836
:106E30000049D0F83C480D7805F00F0503FA05F538
:106E4000ADB2AC43C0F83C48D0F81C48097801F01A
:106E50000F018B4099B28C43C0F81C48D2F800094E
:106E600003490840C2F80009D1E700000078F3EFB9
:106E7000007833ECD0F8001E21F00301C0F8001EAA
:106E8000D0F8041821F00201C0F80418002070475F
:106E9000D0F8001E21F00301C0F8001ED0F804183D
:106EA00041F00201C0F80418002070472DE9F04FAE
:106EB00000250E46044617462846294604EB800264
:106EC000C2F80411401C0F28F8D3C3F307405FEA4F
:106ED0000009204616D0806B20F40012A263A06B3C
:106EE00040F40022A263084688462146C4F8000EFA
:106EF000C7F30720012817D00846D1F8001841F041
:106F0000030118E0D0F8040840F00202C4F8042895
:106F1000A06B40F40012A263A06B20F40022A263D5
:106F2000A06B20F48022DDE7300E0846D1F800186F
:106F300001D041F00101C0F80018102100F08BFAD7
:106F400000B10125204600F06AFA00B10125404653
:106F5000C4F81088C4F81488C4F81C8800214FF0C5
:106F6000006B4FF0904E4FF67F3AF2B215E000BF43
:106F700004EB4113D3F800C9BCF1000F06DA11B1DC
:106F8000C3F800E904E0C4F800B901E0C3F800095F
:106F9000C3F81009C3F808A9491C8A42E8D800219F
:106FA00015E000BF04EB4113D3F800CBBCF1000F98
:106FB00006DA11B1C3F800EB04E0C4F800BB01E04D
:106FC000C3F8000BC3F8100BC3F808AB491C8A4286
:106FD000E8D8D4F8101821F48072C4F81028A06101
:106FE0006FF080406061C6F3074018B9A06940F0B7
:106FF0001000A061A0690A490843A061C7F30740D7
:1070000018B1A06940F00800A061B9F1010F03D1E7
:10701000A06904490843A0612846BDE8F08F00003C
:1070200000383C8004000040816821F0010181604B
:107030000020704710B5036C134CA34203D9D0F85D
:10704000003B002B1EDB0023C0F8103BD0F8103BA8
:1070500043F40023C0F8103BD0F8103B43F0180372
:10706000C0F8103BD0F8103B43F0C043C0F8103BD1
:10707000012907D1C0F8142BD0F8001B41F0802162
:10708000C0F8001B002010BD0A30544F4A780B781E
:10709000012A00EB43100BD0D0F8002B22F4001291
:1070A000C0F8002B0979032914D0022912D017E067
:1070B000D0F8002922F40012C0F800290979032928
:1070C00001D002290CD1D0F8001941F08051C0F84C
:1070D000001905E0D0F8001B41F08051C0F8001BFA
:1070E000002070470A784B78D1B200EB4110012B99
:1070F00012D0D0F8001B002906DB2AB1D0F8001B03
:1071000021F08041C0F8001BD0F8001B41F40011B1
:10711000C0F8001B00207047D0F80019002906DBDA
:107120002AB1D0F8001921F08041C0F80019D0F838
:10713000001941F40011C0F80019EBE7F8B50C781C
:107140004F788B4DE3B26FF0604600EB4313012F95
:1071500029D0D3F8107B6FF31207C3F8107BD3F854
:10716000107B2F40C3F8107B002C7DD00D69002DC3
:107170007BD08C6825446D1EB5FBF4F5ADB26C4335
:107180000C62D3F8104B06EAC5452C43C3F8104BEC
:10719000D3F8104B0D6AC5F312052C43C3F8104BFE
:1071A000012A70D0CBE00F69EFB1D3F810796FF3FB
:1071B0001207C3F81079D3F810792F40C3F810796B
:1071C0000CB30F698D682F447F1EB7FBF5F5D3F81C
:1071D0001079ADB206EAC5463743C3F810790E7987
:1071E000012E1CD02AE0D3F810692E40C3F8106994
:1071F000D3F8105945F40025C3F81059D3F81059A5
:107200006FF3120520E00E698D68AE4200D90D6162
:10721000D0F8105945F40026C0F810690EE0D3F8F4
:10722000106926F0C046C3F81069D3F810694FF012
:10723000C04707EA45752E43C3F81069D3F81059C3
:107240000E69C6F312063543C3F81059012A1BD044
:1072500000EB4413D3F8004944F00444C3F8004958
:107260000C79012C31D001E044E057E00A695AB3AF
:10727000D0F83428097801F00F03012199400A431E
:10728000C0F8342871E056E0CA691AB100EB441323
:10729000C3F81429097901290ED1D0F80818C905B5
:1072A00000EB4411D1F8002902D442F0005201E071
:1072B00042F08052C1F8002900EB4410D0F80019C8
:1072C00041F00441C0F800194FE0D0F80848E40547
:1072D000D3F8004902D444F0005401E044F0805453
:1072E000C3F8004900920A8A93B20A78C96800F08C
:1072F000DFF93AE00C690CB18C680C618C680C62A7
:10730000D0F8105BC4F312042543C0F8105BD0F82A
:10731000104B44F40024C0F8104B41E7D3F8104B55
:107320008D68C5F312052C43C3F8104BD3F8104BEE
:1073300044F4002432E7CA680AB1C3F8142B09796F
:1073400001290CD1D0F80808C005D3F8000B02D4ED
:1073500040F0005001E040F08050C3F8000BD3F83B
:10736000000B40F00440C3F8000B0020F8BD000003
:10737000FFFF07E038B50022009213464D780A78E7
:1073800042F2107400EB4212012D19D0D2F8005BCA
:10739000002D3CDAD2F8005B45F00065C2F8005BD6
:1073A0000A7800EB4212D2F8005B45F08045C2F843
:1073B000005B009A521C0092A24221D9012326E0D0
:1073C000D2F80059002D22DAD2F8005945F00065B4
:1073D000C2F800590A7800EB4212D2F8005945F081
:1073E0008045C2F80059009A521C0092A242E5D88A
:1073F0000A7800EB4212D2F80029002AF3DB06E0FB
:107400000A7800EB4212D2F8002B002AD1DB184692
:1074100038BD816841F0010181600020704708B5E6
:1074200000214FF070620091009B5B1C009393421F
:107430000AD80369002BF7DA009110210161009945
:10744000491C0091914201D9032008BD0169C90678
:10745000F5D4002008BD18B500224FF070630092EB
:10746000009C641C00949C420CD80469002CF7DA40
:107470000092202242EA811101610099491C009189
:10748000994201D9032018BD01698906F5D400206D
:1074900018BDD0F8080810F0060004D0022803D068
:1074A000062801D00F20704702207047406900F085
:1074B00001007047D0F81818D0F81C08084080B2B6
:1074C0007047D0F81818D0F81C080840000C704716
:1074D00010B5D0F81038D0F8342801F00F0400EBC4
:1074E0004110E24002F00102D0F8080943EAC2125A
:1074F000104010BD00EB4111D1F8081BD0F8140862
:1075000008407047416980690840704730B50346BC
:107510000846940802F00301002203F5805303E0BB
:107520001D6840F8045B521CA242F9D300290BD01D
:107530001C680022D50024FA05F3491E521C0904D8
:1075400000F8013B090CF5D130BD70B50446C068A8
:10755000002520F0C040E060012901D079B120E091
:10756000E06840F00050E0600A20FAF759FD6069D9
:107570000A3510F0010F10D1C82DF5D30DE0E068E9
:1075800040F08040E0600A20FAF74AFD60690A3561
:1075900010F0010F01D0C82DF5D3C82D01D0002067
:1075A00070BD012070BDD0F8002822F4FE62C0F842
:1075B0000028D0F800284FF4FE6303EA01110A43C3
:1075C000C0F8002800207047022A3ED1264A274BE7
:1075D0000A449A4201D20F2138E0254A254B0A4439
:1075E0009A4201D20E2131E0234A244B0A449A42A6
:1075F00001D20D212AE0224A224B0A449A4201D2AA
:107600000C2123E0204A214B0A449A4201D20B214B
:107610001CE01F4A1F4B0A449A4201D20A2115E07E
:107620001D4A1E4B0A449A420FD31D4A1D4B0A4461
:107630009A4201D2082109E01B4A11441B4A914297
:1076400001D2072102E0062100E00921C26822F4EC
:107650007052C260C2684FF4705303EA81210A433A
:10766000C260002070470000405327FF00350C0027
:10767000401E1BFF40420F0000DC0BFF804F12003A
:10768000808CF9FE20D6130060B6E5FE60E316009C
:1076900000D3CEFE40771B00C05BB3FEC09121003B
:1076A00000CA91FE20753800E05459FEE09C41006C
:1076B00010B5029C74B9DB1C9C0800EB023000235F
:1076C00000F5805004E000BF51F8042B02605B1C01
:1076D000A342F9D3002010BD70B5044600784228BB
:1076E00017D16078522814D1A0781D4D18B1CD283B
:1076F00010D0FF280DD11B4890ED010A1A4885EDE6
:10770000020AB0F90E0000EE100AB8EEC00A85EDCC
:10771000010A70BDE1782046491D00F09DF800285F
:10772000F7D060689FED111A00EE100ADFED100A25
:1077300004F10800064640EE010AC5ED020AFDF715
:107740001DFC85ED010AA07A012800D000202870D8
:107750006068E8603046FDF711FC85ED040A70BDF5
:107760001C010020A06200207C6200209AF9A24443
:10777000A3EA853F00B52449244B89B00A69B3EEDA
:107780000B0A9A4201DB00EE102A214A9FED211AD2
:10779000D2ED010ACA89ADF81C2042228DF80020E2
:1077A000522270EEC10A8DF801208DF80200CD281A
:1077B0001FD1194A5088431C5380C82801D3002088
:1077C00050800F208DF803008DED010ACDED020AE7
:1077D000BDF81C00ADF80C005088ADF80E00887E96
:1077E0008DF810008888ADF8110014216846F8F76C
:1077F000F7FF19216846F9F785F91C216846F8F763
:10780000A1FE09B000BD00007C6200200000A04085
:10781000A0620020A3EA853F1C010020FEE70000D3
:1078200008B501F01DF9094E094C0A4DCDF80000CC
:1078300096ED010A2A4684ED000A01210448FCF76E
:107840001DFD0F21684600F0B1FCF1E7A0620020A9
:107850007C0200200010014070B50C4605000CD0E1
:10786000022C0AD9FF22611EF9F7D6FD291911F859
:10787000011C814201D1012070BD002070BD0907AB
:10788000090E002804DB00F1E02080F800147047A6
:1078900000F00F0000F1E02080F8141D7047D0EDDB
:1078A000000AF4EEC00AF1EE10FA01DD80ED000AE4
:1078B000D0ED000AB1EE400AF4EEC00AF1EE10FA83
:1078C00001D280ED000A7047012131EE601A81403B
:1078D00070EE600A491E00EE101AB8EEC00A20EEE3
:1078E000800AC0EE010ABDEEE00A10EE100A7047F1
:1078F00010EE102A0021CB0022FA03F34354491C56
:10790000C9B20429F7D37047DFED052AC0ED002A7C
:10791000C0ED012AC0ED022A0C3080EC050A704748
:1079200000000000FAF794FCFDF76AFEFCF7E8FEA1
:10793000FCF71EFEFCF7D4FDFCF7F6FDFCF70EFF8E
:10794000FCF768FFFCF74AFFFCF740FE00F00EF87A
:10795000FEE701460020842900D0C81C704710B5FE
:1079600000B9012000F0FCFB002010BD10B500F0B4
:10797000DFFC002010BD7FB50D4604464169B0F91B
:10798000080081B1A16971B1FFF7E3FFD4E90512E5
:107990008DE80700D4E900102B46226901F027F892
:1079A000039004B070BDFFF7D4FF03A9CDE9000137
:1079B000208A2B4682B2D4E9001000F0EBFF0128A8
:1079C00001D00020EDE70398EBE700002DE9F0413E
:1079D000184C0F460546E6682068001D00F0CEFAF8
:1079E00038B9206890F82C10012088402169814323
:1079F0002161681C07D137B12168BDE8F0410E480C
:107A0000091D00F0FFBA20683544B5424560216881
:107A100005D2A06BBDE8F041091D00F0DBBA606B38
:107A2000091D00F0D7FAA06A854200D2A562BDE820
:107A3000F0810000B4000020882400202DE9F041EE
:107A4000054600F0EBFA2E4CA068401CA0602068B0
:107A50002C4F10B1606940B32DE02560A06801286B
:107A600029D1002606EB860007EB800000F0A4FA7F
:107A7000761C072EF6D323488C3000F09DFA21485F
:107A8000A03000F099FA1F48B43000F095FA1D4874
:107A9000C83000F091FA1B48DC3000F08DFA19482C
:107AA0008C3060631430A06305E02068E96AC06A26
:107AB000884200D82560606A401C6062E96A012043
:107AC000226988401043206101EB810007EB8000B0
:107AD000291D00F097FA00F0C1FA606900280CD067
:107AE0002068E96AC06A884207D207494FF080508F
:107AF0000860BFF34F8FBFF36F8FBDE8F0810000C8
:107B0000B4000020AC23002004ED00E030B4026C8F
:107B10000B46002A0BD0C1681144C1608468A142A1
:107B200001D30168C16030BC1846F8F794BC30BC82
:107B300070472DE9F041856B174604460026026C1C
:107B400082B1C7B1E068F8F786FCE168206C091AD9
:107B5000E1602268914202D2A168081AE060022F17
:107B600016D017E02068A8B9A06800F0E5FF064627
:107B70000020A0600EE06068F8F76DFC216C606882
:107B800008446060A168884204D32068606001E016
:107B900005B16D1E6D1CA5633046BDE8F08110B5C2
:107BA000044690F8510058B101280CD002280FD09B
:107BB000502080F31188BFF34F8FBFF36F8FFEE724
:107BC000206B00F05FFA2046BDE8104000F05ABA82
:107BD00010BD000010484FF47051420706D0C01D80
:107BE0000D4920F00700411AC1F570510B4A0023DE
:107BF0000144C2E900030839183A21F00701116075
:107C00004B600B600B1AC0E9001393604FF000400B
:107C100053605061704700009C2400200801002040
:107C2000144E154CA6F1C8074FF08058DFF84C9061
:107C300012E000BF00F0F2F9F068C568281D00F0FE
:107C40009DF9A068401EA0606068401E606000F062
:107C500005FA2846FFF7A3FF60680028EAD13868D4
:107C60000128F9D9C9F80080BFF34F8FBFF36F8F98
:107C7000F2E7000074240020B400002004ED00E0CE
:107C80000346009829B10260C0E90F31012100F0DC
:107C900057BC0060F8E72DE9F0479A46DDE9098412
:107CA00081466FF00303206B03EB82021044089EB1
:107CB00020F00707780707D0502080F31188BFF322
:107CC0004F8FBFF36F8FFEE7002561B100202318AF
:107CD0000A5C83F834200A5C12B1401C1028F6D3E9
:107CE00084F8435001E084F83450072E00D3062670
:107CF000E662C4E91165201D00F069F904F118007D
:107D000000F065F92461C6F107006462A061E564D2
:107D100084F8505052464946384600F005F9206034
:107D2000B8F1000F01D0C8F80040BDE8F0870000AE
:107D300030B5114900E011460A688242FBD34B6816
:107D40005C18844203D14068184448600846436880
:107D50001C18944209D1084C183C2468A24209D04E
:107D600052681A4442600A6812680260814200D078
:107D7000086030BD0460F9E70801002010B5044632
:107D800000F04CF9A06B28B15FF0000400F066F938
:107D9000204610BD0124F9E70648416B096829B166
:107DA000416BC968C9684968816270474FF0FF310B
:107DB000FAE70000B400002008484068401C4FF07B
:107DC000500080F3118804D0BFF34F8FBFF36F8F43
:107DD000FEE7BFF34F8FBFF36F8FFEE71001002068
:107DE0002DE9F041044600F019F994F9455004F1E9
:107DF000240609E0606A48B1304600F0E9FE08B1A7
:107E000000F078FA6D1E6DB2002DF3DC4FF0FF36F6
:107E100084F8456000F022F900F000F994F944502C
:107E200004F1100709E0206948B1384600F0D0FE9F
:107E300008B100F05FFA6D1E6DB2002DF3DC84F81E
:107E40004460BDE8F04100F009B900002DE9F041BF
:107E50000546002700F0A2FA324E306808B9FFF755
:107E6000B9FE706905424ED1C5B3083568070ED01A
:107E700005F00700C0F108000544680707D050204E
:107E800080F31188BFF34F8FBFF36F8FFEE72DB3E1
:107E90007068854237D82348183001460C6801E0E5
:107EA00020460C466168A94202D221680029F7D118
:107EB00031688C4227D00768216801606068083704
:107EC000411B10290FD96019420708D0502080F3B8
:107ED0001188BFF34F8FBFF36F8FFEE713E0416050
:107EE0006560FFF725FF61687068401A7060B268CE
:107EF000904200D2B060706901430020C4E90001E3
:107F0000F068401CF06000F09DFE780707D050201C
:107F100080F31188BFF34F8FBFF36F8FFEE73846B2
:107F2000BDE8F081F000002010B5031F4FF0807411
:107F30001C601B1F21F001011960191F044B0B600D
:107F400014390A60091F6FF0020244380A6010BD3C
:107F5000B97D000801EE100A70EEC00A0120B8EEEB
:107F6000C11A8840401E21EE201A00EE900AF8EE59
:107F7000E01AC1EE210A30EE800A7047D0E90132E2
:107F800001699A60D0E901235A604A68824201D1AE
:107F900082684A60002202610868401E0860086822
:107FA00070470000034B036003F154000860802019
:107FB000106070471003002000F108014FF0FF32FD
:107FC000C0E90112C1600161002101607047002118
:107FD0000161704730B50B685A1C02D000F10802ED
:107FE00002E0026904E02246546825689D42FAD9FD
:107FF00053684B6099608A60516008610168491C50
:10800000016030BD42684A6093688B609368596034
:10801000916008610168491C01607047502080F33D
:108020001188BFF34F8FBFF36F8F0A494868401C18
:10803000486001280CD10848006810F0FF0F07D0F5
:10804000502080F31188BFF34F8FBFF36F8FFEE78F
:10805000704700001001002004ED00E00849486866
:1080600028B1401E486001D180F31188704750202C
:1080700080F31188BFF34F8FBFF36F8FFEE70000CF
:108080001001002070B500282AD0164DA0F1080478
:1080900060686969084207D1502080F31188BFF3F6
:1080A0004F8FBFF36F8FFEE722683AB1502080F305
:1080B0001188BFF34F8FBFF36F8FFEE78843606077
:1080C00000F06CF960686968084468602046FFF752
:1080D0002FFE2869401C2861BDE8704000F0B2BD49
:1080E00070BD0000F00000204FF0E0200021016191
:1080F000816105494FF47A720968B1FBF2F1491EBA
:108100004161072101617047B000002010B5F8F708
:1081100007F9114910280ED300F1E02090F8F00380
:108120000A78904207D2502080F31188BFF34F8F16
:10813000BFF36F8FFEE709480068896800F4E060CC
:10814000884207D9502080F31188BFF34F8FBFF3C7
:108150006F8FFEE710BD0000100100200CED00E065
:1081600010B5020014D00F48006B38B1502080F3D6
:108170001188BFF34F8FBFF36F8FFEE700F00EF94A
:1081800000211046FFF722FC00F05CFD002807D11B
:1081900005494FF080500860BFF34F8FBFF36F8FDA
:1081A00010BD0000B400002004ED00E070B50D46E5
:1081B00004000BD095B11E4A106BB8B1502080F36B
:1081C0001188BFF34F8FBFF36F8FFEE7502080F30E
:1081D0001188BFF34F8FBFF36F8FFEE7502080F3FE
:1081E0001188BFF34F8FBFF36F8FFEE700F0D6F813
:1081F000D26823685919934204D98B420AD9914213
:1082000002D807E08B42FAD9881A21600021FFF7D3
:10821000DDFB00E0216000F015FD002807D10549D5
:108220004FF080500860BFF34F8FBFF36F8F70BD6A
:10823000B400002004ED00E070B50546FFF7EEFE47
:10824000254C05B92568281DFFF798FE58B9E86A3E
:10825000224A00EB800152F8211021B9012181400E
:10826000206988432061A86A18B105F11800FFF75A
:1082700085FE606A401C60622068854208D117480C
:10828000291DC830FFF7BEFE6068401C606007E033
:10829000A068401EA0602846FFF781FCFFF77CFD28
:1082A000FFF7DCFE6069002814D02068854211D1F8
:1082B000206B38B1502080F31188BFF34F8FBFF38C
:1082C0006F8FFEE706494FF080500860BFF34F8F75
:1082D000BFF36F8F70BD0000B4000020AC230020FE
:1082E00004ED00E002490A6A0260C9684160704713
:1082F000B400002001490120C8617047B40000208B
:1083000010B50C4650B1094909681831FFF762FEF3
:108310002046BDE810400121FFF758BB502080F3F4
:108320001188BFF34F8FBFF36F8FFEE7B4000020BB
:1083300010B586B00024039405AA04A903A80494E8
:10834000FFF730FEDDE903010094CDE901100023C1
:108350000EA11048059A00F04AFB0F490028C86298
:1083600011D0502080F31188BFF34F8FBFF36F8F70
:108370004FF0FF30886201204861CC6006B0BDE854
:10838000104000F041B806B010BD000049444C4513
:1083900000000000217C0008B40000200248016BAE
:1083A000491C016370470000B40000201448016BB1
:1083B00011B10121C16170470021C1610169B1FAA8
:1083C00081F1C1F11F0101EB81020E4951F8223008
:1083D0006BB101EB820101F108034A6852684A60FF
:1083E0009A4201D152684A60D168016070475020BA
:1083F00080F31188BFF34F8FBFF36F8FFEE700004C
:10840000B4000020AC2300201CB537480168374A6F
:10841000914207D1502080F31188BFF34F8FBFF3F3
:108420006F8FFEE700683149491E884207D150200E
:1084300080F31188BFF34F8FBFF36F8FFEE72C4996
:1084400008780190FF20087008788DF800009DF8EA
:1084500000009DF8002000F0F000904207D050206E
:1084600080F31188BFF34F8FBFF36F8FFEE79DF846
:108470000000204C00F0500020700720A06005E0B4
:108480009DF8002052008DF80020401E9DF800202D
:108490001206F5D4A060032807D0502080F311887D
:1084A000BFF34F8FBFF36F8FFEE74FF44070A060B4
:1084B000019808700C482030016841F47001016097
:1084C000016841F070410160FFF70EFE002060601E
:1084D000F7F7EEFE0848016841F040410160F7F708
:1084E000D3FE00201CBD000000ED00E071C20F4172
:1084F00000E400E01001002034EF00E0F8B517467A
:108500000E46050013D005FB06F04830FFF79EFC31
:1085100004000AD0002084F8460004F148023B46DB
:10852000314628460094FFF7ABFB2046F8BD5020AB
:1085300080F31188BFF34F8FBFF36F8FFEE700000A
:1085400070B50D46040025D0FFF768FDD4E90F2073
:10855000216802FB0011A1600021A1632168616014
:108560000A46D4E90F01401E00FB0121E1602146CB
:108570004FF0FF3001F8440F487004F110008DB146
:10858000FFF71AFD04F12400FFF716FDFFF766FD63
:10859000012070BD502080F31188BFF34F8FBFF3CF
:1085A0006F8FFEE721690029F0D000F011FB002851
:1085B000ECD004494FF080500860BFF34F8FBFF3F9
:1085C0006F8FE3E704ED00E02DE9FF4782B01D4621
:1085D0008A464FF00008040003D0BAF1000F08D01B
:1085E00011E0502080F31188BFF34F8FBFF36F8FDE
:1085F000FEE7206C38B1502080F31188BFF34F8F15
:10860000BFF36F8FFEE7022D0AD1E06B012807D080
:10861000502080F31188BFF34F8FBFF36F8FFEE7B9
:1086200000F010FA3F4F4FF000094FF0805648B964
:10863000049838B1502080F31188BFF34F8FBFF3F7
:108640006F8FFEE7FFF7EAFCA06BE16B884207D370
:10865000022D05D00498D0B1B8F1000F1AD01EE059
:108660002A4651462046FFF764FA616A19B104F1BF
:10867000240000F0ADFA20B13E60BFF34F8FBFF38E
:108680006F8FFFF7EBFC012006B0BDE8F087FFF726
:10869000E5FC22E06846FFF725FE4FF00108FFF7F2
:1086A000DDFCFFF77BFEFFF7B9FC94F94400401CAA
:1086B00001D184F8449094F94500401C01D184F81C
:1086C0004590FFF7CBFC04A9684600F029F930B1CA
:1086D0002046FFF785FB00F0B5FA0020D4E7FFF74E
:1086E0009DFCA06BE16B884213D1FFF7B7FC04F14E
:1086F00010000499FFF704FE2046FFF771FB00F01D
:10870000A1FA00289ED13E60BFF34F8FBFF36F8F59
:1087100098E7FFF7A3FC2046FFF762FB00F092FA10
:1087200090E7000004ED00E02DE9F0471F46904679
:108730008946040003D0B9F1000F08D011E05020A1
:1087400080F31188BFF34F8FBFF36F8FFEE7206C6C
:1087500038B1502080F31188BFF34F8FBFF36F8F74
:10876000FEE7022F0AD1E06B012807D0502080F3EA
:108770001188BFF34F8FBFF36F8FFEE7FFF7C6FC83
:108780005020EFF3118680F31188BFF34F8FBFF3B2
:108790006F8FA06BE16B884206D3022F04D00020BC
:1087A00086F31188BDE8F08794F94550A06B3A46EE
:1087B00049462046FFF7BDF9681C04D06D1C84F8BB
:1087C00045500120ECE7606A0028FAD004F124004B
:1087D00000F0FEF90028F4D0B8F1000FF1D001212B
:1087E000C8F80010EDE700002DE9F747002683B038
:1087F0008A46040003D0BAF1000F08D011E05020DF
:1088000080F31188BFF34F8FBFF36F8FFEE7206CAB
:1088100038B1502080F31188BFF34F8FBFF36F8FB3
:10882000FEE700F00FF9DFF8F4804FF000094FF099
:10883000805748B9059838B1502080F31188BFF3AC
:108840004F8FBFF36F8FFEE7FFF7E8FBA56BC5B156
:1088500051462046FFF75AF96D1EA563206950B1B5
:1088600004F1100000F0B4F928B1C8F80070BFF3AB
:108870004F8FBFF36F8FFFF7F1FB012006B0BDE80C
:10888000F087059808B11EB106E0FFF7E7FB27E087
:108890006846FFF727FD0126FFF7E0FBFFF77EFDA7
:1088A000FFF7BCFB94F94400401C01D184F84490CC
:1088B00094F94500401C01D184F84590FFF7CEFBA8
:1088C00005A9684600F02CF8002820460AD0FFF7DA
:1088D00087FA00F0B7F92046FFF750FA0028B3D026
:1088E0000020CBE7FFF74AFA90B104F12400059984
:1088F000FFF706FD2046FFF773FA00F0A3F9002802
:10890000A2D1C8F80070BFF34F8FBFF36F8F9BE702
:108910002046FFF765FA00F095F995E704ED00E0D1
:108920002DE9F0410C46050011D0C4B1FFF776FBEC
:10893000174BDA686E682068911B471C17D02F68A8
:108940001B6A9F4219D0964217D8012410E050208C
:1089500080F31188BFF34F8FBFF36F8FFEE7502076
:1089600080F31188BFF34F8FBFF36F8FFEE70024B2
:10897000FFF774FB2046BDE8F081884205D9401A14
:1089800020602846FFF7AEFCF1E700202060DCE71E
:10899000B40000202DE9FF5F8346DDE90E8799468C
:1089A00016468A469000FFF751FA05001CD0542065
:1089B000FFF74CFA040014D00020256384F851001E
:1089C000CDE90240CDE900874B4632465146584634
:1089D000FFF761F92046FFF731F8012004B0BDE848
:1089E000F09F2846FFF74EFB4FF0FF30F6E7F0B55B
:1089F00085B0DDE90B640A9DA6B1DCB15427009770
:108A00002663022684F85160002604AFCDE90246B1
:108A1000CDE90057FFF73FF92046FFF70FF804981C
:108A200005B0F0BD502080F31188BFF34F8FBFF326
:108A30006F8FFEE7502080F31188BFF34F8FBFF395
:108A40006F8FFEE70548416919B1006B18B100202E
:108A5000704701207047022070470000B4000020DA
:108A60000148C06870470000B40000202DE9F041C3
:108A70002F4C0026206B28B1A069401CA061304615
:108A8000BDE8F081E5686D1CE56013D1606B00689E
:108A900038B1502080F31188BFF34F8FBFF36F8F31
:108AA000FEE7606BA16B6163A063206A401C2062DB
:108AB000FFF772F9A06ADFF87C80854209D3606B0A
:108AC0000068A0B1606BC068C7687868854211D241
:108AD000A0622068C06A00EB800158F821000128DC
:108AE00000D90126E0690028C9D00126C7E74FF068
:108AF000FF30EDE7381DFFF741FAB86A18B107F10A
:108B00001800FFF73BFAF96A0120226988401043F8
:108B1000206101EB810108EB8100391DFFF772FA3A
:108B2000F86A2168C96A8842C9D30126C7E70000EC
:108B3000B4000020AC23002070B504004FF0000109
:108B400040D0214D2868844207D0502080F31188FE
:108B5000BFF34F8FBFF36F8FFEE7A06C38B1401E9D
:108B6000A064636CE26A9A422CD040B12AE05020A3
:108B700080F31188BFF34F8FBFF36F8FFEE7201D87
:108B8000FFF7FCF9114A012150B9E06A00EB8003BC
:108B900052F8233023B92B6901FA00F083432B618B
:108BA000606CE062C0F10700A061E06A2B6981405F
:108BB0001943296100EB800002EB8000211DFFF7C3
:108BC00021FA0121084670BDB4000020AC2300202A
:108BD0002DE9F041C068C468ACB104F11800074643
:108BE000FFF7CCF9154D286B0126A0B13946144882
:108BF000FFF708FAE06A2968C96A88421CD901208F
:108C0000EE61BDE8F081502080F31188BFF34F8FF3
:108C1000BFF36F8FFEE7201DFFF7B0F9E16A2A6905
:108C200006FA01F01043286101EB81000449B439D0
:108C300001EB8000211DDBE70020E2E7B40000200B
:108C4000602400202DE9F0472C4D00242746286B96
:108C500038B1FFF7E3F9286B401E2863286B40B159
:108C600046E0502080F31188BFF34F8FBFF36F8F22
:108C7000FEE7A968224E0120D1B3A6F1B4098046CF
:108C80003068E8B1F068C46804F11800FFF776F9BD
:108C9000201DFFF773F9E06A2A6908FA00F1114311
:108CA000296100EB800109EB8100211DFFF7AAF982
:108CB000E06A2968C96A8842E2D3C5F81C80DFE708
:108CC0000CB1FFF769F8AC6944B14646FFF7CEFE38
:108CD00000B1EE61641EF9D10020A861E86938B1E5
:108CE0000849012738070860BFF34F8FBFF36F8F24
:108CF000FFF7B4F93846BDE8F0870000B400002063
:108D00006024002004ED00E04FEA41034FEA535392
:108D1000A3F58063D3F11E03C8BFD3F1210C0CDD92
:108D20004FF0004242EAC12242EA505232FA03FCBA
:108D30008CEAE17CACEBE1707047102BC4BF0020E3
:108D4000704703F5787CBCF1FF3F04D06FF0004220
:108D500082EA2100704770B500F0C6F8499224807D
:108D600000207047F2E710F0004248BF4042B0FADE
:108D700080F310FA03F10AD0C3F11D0303F58063F9
:108D80004FEA415002EB035202EBD12170474FF002
:108D900000007047DFF848C170B51CEA111E1EBF05
:108DA0001CEA13159EEA0C0F95EA0C0F00F06F8079
:108DB00081EA030423EA4C134EEAD47E21EA4C11E3
:108DC00041F4801143F48013AE44A1FB024CA0FB9C
:108DD0000365AEF17F7E361955EB0C05A1FB034C04
:108DE0004CF10003A0FB021C16EB0C06654153F18D
:108DF0000003094218BF46F0010613F4007F0BD1AF
:108E00004FEA03314FEA0530340341EA155140EA95
:108E100016506FF003020AE04FEAC3214FEAC52063
:108E2000F40241EA555140EA56506FF0020202EB5B
:108E30002E4201EB025585EACE710AD05FEA440C5E
:108E400018BF24F0004450F1000041F1000120EA75
:108E5000D47040F2FE7C624500D270BDA84214BFBF
:108E60004FF080444FF04044002E08BF0024BEF174
:108E7000806FA8BFA1F1C041BDE8704080F2828040
:108E80004FF0000001F1C04101F0004170479EEA3F
:108E90000C0F0CEA131518BF95EA0C0F06D04FF013
:108EA000000081EA030E0EF0004170BD00F01CF8D6
:108EB0008900013E00F007B800F009B84FEA430C02
:108EC0005FEA5C5C08D081EA030100F05BB84FEA1E
:108ED000410C5FEA5C5CF6D14FF00000014970473D
:108EE0000000FF070000F87F0EF1020E2EF0030EC7
:108EF0005EF8046B364205D4012A43EB030515F5F1
:108F0000001F12D8012841EB010C1CF5001F0CD8E2
:108F10000ED14FEAD17C15F5001F0CEB4C0C0CF177
:108F2000020C08BF4CEBD37C04E04FF0080C01E0CE
:108F30004FEAD37C0CEB4C0526FA05F606F0070643
:108F4000B6F1040C06D20EEB860CBDE870404CF076
:108F5000010C6047DFE80CF0090B02024FF0004102
:108F60004FF00000A1F5002170BD19461046012800
:108F700051EB010418BFD4F5001484BF002001F0A8
:108F8000004170BD0808A0F500114FEA310170479B
:108F90004FF04070E1EE100A704700000C97000897
:108FA0007F55000800000000000000008000000065
:108FB0000000000000000000189700080D060008DF
:108FC000030000000000000080000000000000001E
:108FD00000000000E4960008310B000801000000CA
:108FE0000000000080000000000000000000000001
:108FF000F89600088D0B000801000000000000003A
:10900000800000000000000000000000D49600086E
:10901000B907000802000000000000000001000085
:109020000000000000000000C0960008B9530008CE
:10903000030000000000000000020000000000002B
:109040000000000084960008895B00080100000011
:10905000000000000001000000000000000000000F
:1090600064960008695B0008010000000000000031
:109070000001000000000000000000004096000811
:10908000810E000802000000000000000001000046
:109090000000000000000000509600082178000841
:1090A0000000000000000000800000000000000040
:1090B00000000000A09600085541000801000000D3
:1090C0000000000080000000000000000000000020
:1090D0000006101600061016000000000000000038
:1090E000010203040607080900000000010203044E
:1090F00000004040000040400000004000000040F0
:109100000000803F00000000000000000000404020
:1091100000004040000000400000803F0000803F11
:1091200000000000000080BF000000400000004080
:10913000000000400000803F00000000000080BFF1
:10914000000080BF00000040000000400000803FA1
:1091500000000000000080BF000000C0000000C050
:109160000000803F0000803F00000000000080BF42
:10917000000080BF000000C0000000C00000803F71
:1091800000000000000080BF000000C0000000C020
:10919000000000C0000040C000000000000000000F
:1091A000000000C0000000C0000000C0000040C07F
:1091B000000040C0000040C0000040C0000000C0EF
:1091C000000000C0000080BF0000000000000000A0
:1091D000000040C0000040C0000000C0000080BF90
:1091E000000080BF0000000000000000000040C040
:1091F000000000C0000080BF000080BF0000000031
:109200000000803F0000803F000000C0000000C060
:10921000000080BF000000000000803F0000004010
:1092200000000040000080BF000080BF0000000080
:109230000000803F0000803F0000004000004040F0
:1092400000000000000000000000803F0000803FA0
:1092500000000040000040400000404000000000CE
:10926000000000000000803F0000004000000040BF
:1092700000004040000040400000803F000080BFF0
:10928000000040C0000040C0000040C0000000C01E
:109290000000803F0000803F000080BF000040C011
:1092A000000000C0000000C0000080BF00000000FF
:1092B00000000000000080BF000000C0000000C0EF
:1092C000000080BF000080BF000000000000000020
:1092D000000080BF000080BF000080BF000080BF92
:1092E000000080BF0000000000000000000000003F
:1092F000000000000000000000000000000000006E
:109300000000000000004040000080BF0000803FDF
:109310000000803F0000803F0000803F0000404090
:1093200000004040000000400000004000000040FD
:109330000000803F0000803F00004040005EBCE233
:10934000613FDD83C29C7E20A3FD1F419DC3217F21
:10935000FCA2401E5F01E3BD3E6082DC237D9FC115
:10936000421CFEA0E1BF5D0380DE3C62BEE0025C09
:10937000DF81633D7C22C09E1D43A1FF4618FAA4F5
:1093800027799BC584DA3866E5BB5907DB856739E1
:10939000BAE406581947A5FB7826C49A653BD987D5
:1093A000045AB8E6A7F91B45C6987A24F8A6441AC9
:1093B00099C7257B3A6486D85B05E7B98CD2306EB5
:1093C000EDB3510F4E10F2AC2F7193CD114FADF3A1
:1093D000702ECC92D38D6F31B2EC0E50AFF1134D95
:1093E000CE90722C6D33D18F0C52B0EE326C8ED089
:1093F000530DEFB1F0AE4C1291CF2D73CA94762875
:10940000ABF517490856B4EA6937D58B5709EBB560
:1094100036688AD495CB2977F4AA4816E9B7550B54
:1094200088D6346A2B7597C94A14F6A8742AC89648
:10943000154BA9F7B6E80A54D7896B350000891196
:1094400012239B322446AD573665BF74488CC19DAC
:109450005AAFD3BE6CCAE5DB7EE9F7F8811008018C
:1094600093331A22A5562C47B7753E64C99C408D8C
:10947000DBBF52AEEDDA64CBFFF976E802218B3028
:10948000100299132667AF763444BD554AADC3BC6C
:10949000588ED19F6EEBE7FA7CC8F5D983310A204C
:1094A00091121803A7772E66B5543C45CBBD42AC4C
:1094B000D99E508FEFFB66EAFDD874C904428D53E4
:1094C00016619F702004A9153227BB364CCEC5DF2C
:1094D0005EEDD7FC6888E1997AABF3BA85520C430C
:1094E00097711E60A1142805B3373A26CDDE44CF0C
:1094F000DFFD56ECE9986089FBBB72AA06638F72A8
:1095000014409D512225AB343006B9174EEFC7FEEB
:109510005CCCD5DD6AA9E3B8788AF19B87730E62CB
:1095200095501C41A3352A24B1163807CFFF46EECB
:10953000DDDC54CDEBB962A8F99A708B0884819573
:109540001AA793B62CC2A5D33EE1B7F04008C919BB
:10955000522BDB3A644EED5F766DFF7C899400857B
:109560009BB712A6ADD224C3BFF136E0C11848099B
:10957000D33B5A2AE55E6C4FF77D7E6C0AA583B417
:10958000188691972EE3A7F23CC0B5D14229CB387B
:10959000500AD91B666FEF7E744CFD5D8BB502A43B
:1095A00099961087AFF326E2BDD034C1C3394A285B
:1095B000D11A580BE77F6E6EF55C7C4D0CC685D7D3
:1095C0001EE597F42880A1913AA3B3B2444ACD5B3B
:1095D0005669DF78600CE91D722FFB3E8DD604C7FB
:1095E0009FF516E4A9902081BBB332A2C55A4C4B1B
:1095F000D7795E68E11C680DF33F7A2E0EE787F697
:109600001CC495D52AA1A3B03882B193466BCF7AFA
:109610005448DD59622DEB3C700EF91F8FF706E6BA
:109620009DD414C5ABB122A0B9923083C77B4E6ADA
:10963000D5585C49E33D6A2CF11E780F0000807F0D
:109640005461736B5F4454375F48616E646C6500AE
:109650005461736B5F564F46415F48616E646C6541
:10966000000000005461736B5F436F6D6D756E6930
:109670006361746546726F6D50435F48616E646CE0
:10968000650000005461736B5F436F6D6D756E69AB
:1096900063617465546F50435F48616E646C65002C
:1096A0005461736B5F4A343331305F6F6E6C696E37
:1096B00065436865636B5F48616E646C65000000BC
:1096C000526F626F745F436F6E74726F6C5F546140
:1096D000736B000043616E5F53656E645461736B1E
:1096E0000000000043616E315F5265636569766515
:1096F0005461736B0000000043616E325F5265631A
:10970000656976655461736B00000000646566618D
:10971000756C745461736B0053746172745461732B
:109720006B000000449700080000002010030000B8
:10973000C40100089498000810030020506900003C
:109740002002000801401381611B08B1041ABD0406
:109750001AE5041311621B0861081A8D041704032B
:109760000904120114020202164083044057260223
:1097700001020301031A1A0313990A1B0895041A1C
:1097800091041ABD041B010B04318210036124F4FF
:109790001AAA0101181A0D941A5D044113FD071449
:1097A00008CD081408A062142091411408B93E1C89
:1097B00008313FBC19041379421B0819081AFDC06F
:1097C00013D143140839441B0859041AC104415ADF
:1097D000500401240D1244FDBC020C6570FE900182
:1097E0001B40400E22411AC8040714C03F3480B702
:1097F0003913210C1C08750D0419084B6553880199
:109800001E5A4A60837CFC52DC0318204213AD10C0
:109810001408A1111B08D5041AD1041B494D701955
:1098200004810B1095547814810182130A0629D8FB
:109830002A40711409024313020125C03209041B96
:1098400001020B130524161001052401100901045F
:1098500024020205240617010705820308151009D2
:10986000040133020A2E0705010240072A8107116D
:109870001BD95D7C125C4C087F5F701ADD0C13975E
:109880005B1B080D08C11A5D281A21041A9D041AD1
:0498900015040000BB
:040000050800018965
:00000001FF
