:020000040800F2
:10000000A06D002029030008814700084D3B00082F
:1000100089460008950A00081175000800000000D4
:10002000000000000000000000000000690200085D
:100030008D13000800000000C50200089D54000850
:100040004303000843030008430300084303000878
:100050004303000843030008430300084303000868
:100060004303000843030008430300084303000858
:100070005D10000843030008430300084303000821
:10008000430300084303000843030008A50A0008CF
:10009000990A0008430300084303000843030008CB
:1000A0004303000843030008430300084303000818
:1000B0004303000843030008430300084303000808
:1000C00043030008430300084303000843030008F8
:1000D00043030008430300084303000843030008E8
:1000E00043030008430300084303000843030008D8
:1000F00043030008430300084303000843030008C8
:1001000043030008430300084303000843030008B7
:1001100043030008430300084303000843030008A7
:100120004303000843030008691000084303000864
:10013000430300084303000843030008BD0A000806
:10014000B10A0008430300084303000845480008BB
:100150004303000843030008751000084303000828
:100160004303000843030008430300084303000857
:100170004303000843030008430300080000000095
:10018000430300084303000800F002F800F05CF8A5
:100190000AA090E8000C82448344AAF10107DA45E2
:1001A00001D100F051F8AFF2090EBAE80F0013F0D8
:1001B000010F18BFFB1A43F0010318478892000093
:1001C000A89200000A444FF0000C10F8013B13F015
:1001D000070408BF10F8014B1D1108BF10F8015BA0
:1001E000641E05D010F8016B641E01F8016BF9D193
:1001F00013F0080F1EBF10F8014BAD1C0C1B09D1EA
:100200006D1E58BF01F801CBFAD505E014F8016B5B
:1002100001F8016B6D1EF9D59142D6D370470000ED
:100220000023002400250026103A28BF78C1FBD8FF
:10023000520728BF30C148BF0B6070471FB508F098
:1002400037FD1FBD10B510BD00F0A6F91146FFF730
:10025000F5FF07F0E1F900F0C4F903B4FFF7F2FF8E
:1002600003BC00F0CBF900002C4B19680868B0E81B
:10027000F04F80F30988BFF36F8F4FF0000080F3D9
:10028000118870470000000008480068006880F38B
:1002900008884FF0000080F3148862B661B6BFF39F
:1002A0004F8FBFF36F8F00DF00BF00BF08ED00E08E
:1002B000DFF80C00016841F470010160704700BF75
:1002C00088ED00E0EFF30980BFF36F8F134B1A68DE
:1002D0001EF0100F08BF20ED108A20E9F04F1060CB
:1002E00009B44FF0500080F31188BFF34F8FBFF374
:1002F0006F8F07F0D5FE4FF0000080F3118809BC26
:1003000019680868B0E8F04F1EF0100F08BFB0EC95
:10031000108A80F30988BFF36F8F7047B400002004
:10032000EFF30580704700000948804709480047FF
:10033000FEE7FEE7FEE7FEE7FEE7FEE7FEE7FEE795
:10034000FEE7FEE704480549054A064B70470000F2
:100350005155000889010008A0670020A06D002009
:10036000A0690020A069002053EA020C00F0698017
:100370002DE9F04B4FF00006002B1FBFB3FA83F5B9
:1003800003FA05F424FA05F65E4012BF1643B2FAEA
:1003900082F502FA05F4C5F120051EBF22FA05FC1C
:1003A00044EA0C04203556EA044C4FEA144418BFC2
:1003B000641C4FF000084FF00009904271EB030CF1
:1003C00039D3002919BFB1FA81F701FA07F6B0FA5B
:1003D00080F700FA07F6C7F120071EBF20FA07FCD6
:1003E00046EA0C062037B6FBF4FCA7EB0507103FE6
:1003F00007F01F0BCBF120060CFA0BFB2CFA06F6CC
:1004000044BFB3460026202FA4BF5E464FF0000B2A
:100410005BEA060C08BF4FF0010B19EB0B09ABFBB5
:10042000027C48EB0608C01B06FB02CC0BFB03CC8E
:1004300071EB0C01C1E70B46024641464846BDE858
:10044000F08B13B54FF000004FF00001AFF30080C8
:10045000BDE81C407047032A40F2308010F0030CC6
:1004600000F0158011F8013BBCF1020F624498BF07
:1004700011F801CB00F8013B38BF11F8013BA2F1A4
:10048000040298BF00F801CB38BF00F8013B11F01F
:10049000030300F02580083AC0F0088051F8043BBF
:1004A000083A51F804CBA0E80810F5E7121D5CBF2C
:1004B00051F8043B40F8043BAFF30080D20724BF5F
:1004C00011F8013B11F801CB48BF11F8012B24BFF3
:1004D00000F8013B00F801CB48BF00F8012B704742
:1004E00010B5203AC0F00B80B1E81850203AA0E8CF
:1004F0001850B1E81850A0E81850BFF4F5AF5FEA03
:10050000027C24BFB1E81850A0E8185044BF18C9B5
:1005100018C0BDE810405FEA827C24BF51F8043B5C
:1005200040F8043B08BF7047D20728BF31F8023BB0
:1005300048BF11F8012B28BF20F8023B48BF00F844
:10054000012B70474FF0000200B5134694469646C3
:10055000203922BFA0E80C50A0E80C50B1F12001D6
:10056000BFF4F7AF090728BFA0E80C5048BF0CC084
:100570005DF804EB890028BF40F8042B08BF7047E2
:1005800048BF20F8022B11F0804F18BF00F8012B54
:100590007047704770477047754600F02BF8AE46BD
:1005A00005006946534620F00700854618B020B57F
:1005B000FFF7C8FEBDE820404FF000064FF00007EF
:1005C0004FF000084FF0000B21F00701AC46ACE8FB
:1005D000C009ACE8C009ACE8C009ACE8C0098D4668
:1005E000704710B50446AFF300802046BDE81040C8
:1005F000FFF733BE004870473C67002001491820D0
:10060000ABBEFEE726000200704700002DED108B08
:10061000764C9FED77CADFED77CADFED779A9FEDD5
:1006200077DA41F28836B500DFED75DA9FED759A1D
:100630009FED75AADFED75AA9FED75BA4FF47A7735
:1006400042F21078DFED73BA9FED73EA07F060FBBA
:100650002268012171489047226802217048904722
:10066000B0EE4C8AF0EE6C8AB2EE042AF0EE481A34
:10067000B3EE091AF0EE680AB0EE690A694806F0AE
:10068000BDFFB2EE042AF0EE481AB3EE091AF0EEFE
:10069000680AB0EE690A644806F0B0FFF0EE4D8AD1
:1006A000B0EE082AF0EE681AB1EE041AFBEE0E0A5C
:1006B000B3EE0E0A5D4806F0A1FFB7EE002AF0EE99
:1006C000681AB0EE481AFAEE040AB2EE040A584864
:1006D00006F094FFB0EE6D8A32462946B3EE0E1A4C
:1006E000F0EE480AB0EE490A524803F031FA3246B9
:1006F0002946B3EE0E1AF0EE480AB0EE490A4E480B
:1007000003F026FAB0EE4A3AF0EE6A2AB0EE4B2A2F
:10071000F6EE001AB6EE001AF0EE680AB3EE040A1E
:10072000464804F0F3FA3A464146B0EE081AF6EEAF
:10073000000AB2EE090A424803F00AFAF0EE4E8AC5
:10074000B0EE6B3AF0EE682ADFED3EEAF0EE481AC2
:10075000B2EE041AB0EE6E2ADFED3B0AB2EE040AE6
:100760003A4804F0D3FA9FED3AFAB0EE683AF0EE68
:10077000682AB0EE6E2AF0EE481AB0EE481AF0EE93
:100780004F0A9FED340A344804F0C0FAB0EE683ADC
:10079000F0EE682AB0EE6E2AF2EE0E1A9FED2F1AD6
:1007A000F1EE040A9FED2E0A2E4804F0AFFAB0EEE7
:1007B000683AF0EE682AB0EE6E2AF0EE481AB7EE0C
:1007C000001AF0EE4F0A9FED280A284804F09EFA1E
:1007D00000F092FA00F0D0FD2548806B07F0A6FBF0
:1007E00007F0B6FA012006F034FF2FE77001002071
:1007F000CDCCCC3D0000C8C20000C8420AD7233C83
:10080000000000000000204200002F440000FA45D4
:1008100000409C460080BB4500401C46C0050020AF
:10082000E8050020B0600020F0600020306100206A
:1008300070610020F865002048660020986600205E
:10084000EC6600200060EA468FC2F53D506500204E
:10085000ACC52737E7FBA93DA8640020000048424B
:1008600000002A43FC64002066660640A465002060
:10087000000000208AB0084E6C464FF0FF3707ADED
:100880003A466946306807F03FFE09AB2A46211D0B
:10089000009800F051FFF3E70800002070B50C4607
:1008A000050008D0022C06D9FF22611E00F024FFAB
:1008B000291901F8010C70BDF0B585B000202D4C50
:1008C000039004900190029020882B4D010A8DF82E
:1008D0000C108DF80D006088294E010A8DF80E105D
:1008E0008DF80F00A08840F20F13010A8DF8101048
:1008F0008DF811002089010A8DF812108DF813006F
:1009000003A800906F6800221C493068B8476089CE
:1009100040F21F13010A8DF804108DF80500E07DE8
:100920008DF80600617E9DF8070001F00101084383
:10093000217B01F0010140EA4100217E01F001012B
:1009400040EA8100A17D01F0010140EAC1008DF87B
:1009500007000C488088010A8DF808108DF80900FE
:1009600001A800906C68002204493068A04705B0D7
:10097000F0BD00009062002070010020E80500201A
:1009800008000020FC620020DDE9031288B243BAAF
:100990000C48090C49BAC381018491B249BA09B221
:1009A00000EE101ADFED080A110CB8EEC00A01F0D3
:1009B0000102C1F3400180EE201A80ED041A827614
:1009C000418470479062002000007A442DE9F04194
:1009D0002B4D2D4EA5F120042DED028B4FF47A778F
:1009E000296960689FED278A081AB0F5487F23D3EC
:1009F0003069A268801A00D54042142818DAE868E5
:100A0000B0B92078A0B901202070E160F780B6F974
:100A100002001E4900EE100A1D48F8EEC00AB0EEB2
:100A2000480A04F0A3F8BDEEC00A10EE100AF082E6
:100A3000286960603069A0602078002809D02869A2
:100A4000E168401AB0F5FA7F07D3002020703069C2
:100A50006861BDEC028BBDE8F081F780B6F9020059
:100A60000A4900EE100A0A48F8EEC00AB0EE480A39
:100A700004F07CF8BDEEC00A10EE100AF082E8E740
:100A80008002002000007A44FC62002030610020D7
:100A9000EC660020FEE70000014800F0B6BF000051
:100AA000C0050020014800F0B0BF0000C0050020D4
:100AB000014800F0AABF0000E8050020014800F04E
:100AC000A4BF0000E805002010B50446491EC8B2C6
:100AD00000EB400101EB00100E49002201EB800108
:100AE00001230A614A614A62C1E906230A604A6039
:100AF0008A600B622046CA6000F086FE08B100F0F2
:100B0000D8FC204601F0FCF92046BDE81040022147
:100B100000F000BEB061002010B58AB00C9C0091BE
:100B200092B102930021CDE90321082205928DF8AC
:100B30001810216807916168002308911A466946D8
:100B400007F0D2FB0AB010BD0193EBE7002070471D
:100B50000020704710B500220449054805F07EF8D2
:100B60000449034805F06DF8002010BDBC140020B6
:100B7000E0070020BC0C002038B5044601460C48B4
:100B800005F05FF80A4805F035F80A4800236A4680
:100B90002146006807F058FC009838B106494FF02C
:100BA00080500860BFF34F8FBFF36F8F002038BDB8
:100BB000E00700200C00002004ED00E0002070475A
:100BC000094A10B5D2F8BC22D2F814220AB1012089
:100BD00010BD0A460146044805F040F8BDE8104043
:100BE000014805F0B5B80000E00700208EB0194EAE
:100BF0004FF0FF3709AD3A4605A9306807F084FC8D
:100C0000059CA4F20520012806D81422294668462E
:100C1000FFF766FC10481AE0A4F50071073910D000
:100C2000B4F5027FE7D1142229466846FFF758FC45
:100C30000A48D0F804C0DDE906122046089BE047C8
:100C4000D9E7142229466846FFF74AFC0448D0F841
:100C500000C0F0E700000020AC01002008020020E6
:100C6000A40100208EB0174E174D4FF0FF3940F20F
:100C70000F170DF124084A4605A9306807F044FC17
:100C80009DF83000059C00F00F002880BC4208D180
:100C9000142241466846FFF723FC0C48D0F804C0F4
:100CA00009E00128E7D1142241466846FFF718FC05
:100CB0000748D0F80CC0DDE906122046089BE04743
:100CC000D9E7000004000020D60200207C010020AB
:100CD00088010020074800210068B0F8442022B1B4
:100CE00080F84610A0F844107047012280F8462092
:100CF000F8E7000084010020174810B590ED0B0ABA
:100D000016481849F1EE080A80ED030A80ED010A41
:100D10009FED130A81ED0C0A134980ED040A09883E
:100D200000EE101AB8EE400A80ED020AB7EE000A93
:100D3000443003F08DFD0948F2EE040AB1EE080AD2
:100D4000143003F085FD0948002102220176C275A6
:100D50004176C17610BD0000B462002034640020EA
:100D600000000000180200200C64002090620020A7
:100D700070B539483A4A3B4BB0F90610057B374805
:100D800002EE101A384CD0ED051AB8EEC22A90EDDA
:100D9000090AF2EE060ABAEE061A02EE610A012DFF
:100DA00010EE101A80ED090A04D0914218DDC0ED52
:100DB000090A1BE0914202DDC0ED090A05E010EED0
:100DC000101A994201D980ED091A94ED040AD0ED68
:100DD000091A012130EE210A84ED030A81610DE038
:100DE00010EE101A994201D980ED091A816909B1F2
:100DF000012903D190ED090A84ED030AE1689142CB
:100E000002DDC4ED030A03E0994201D984ED031A1F
:100E100090ED030A154DBDEEC00A10EE101A05F84C
:100E2000401F90ED040ABDEEC00A10EE101A697062
:100E300090ED020A05ED040A90ED010A0A4805ED5D
:100E4000030A94ED030A143003F01AFD94ED030A2B
:100E500005ED050A70BD0000906200201802002018
:100E600000003041000030C134640020B462002032
:100E700010B5FFF77DFFBDE8104000F001B800009D
:100E80000648817D0648012905D090F822000128F6
:100E900003D100F007B800218184704790620020E0
:100EA0000C6400202DE9F041514D2846AA8C0188A0
:100EB00050481E2A02D990ED020A05E000EE101AF1
:100EC000B8EE400A80ED020A4B4FB7F908205242B3
:100ED00000EE902AF8EEE00A9FED481A484E4FF0D7
:100EE0008B4300EE810A10EE102A80ED020ADFED3E
:100EF000450A9A4202DD30EE600A05E010EE102A43
:100F0000B24203D930EE200A80ED020A00EE101A38
:100F10003D4CB8EE400A10EE101A84ED080A9942D2
:100F200002DD30EE600A05E010EE101AB14203D97E
:100F300030EE200A84ED080ABDEEC01A11EE101A38
:100F4000F98190ED021A30EE410A10EE100A84ED9C
:100F5000070AB04202D330EE200A05E010EE100A74
:100F6000984203DB30EE600A84ED070A10EE100AA7
:100F700026499FED270A884204DA2649884201D291
:100F800084ED070A6078217888420BD31948D4EDA4
:100F9000070A743003F065FEBDEEC00A002085ED3F
:100FA000040A607095ED010A12481B49F8EEC00A68
:100FB00095ED040AC830B8EEC00A03F0C5FEBDEED8
:100FC000C00A10EE100A00B200EE100A2884094888
:100FD000B8EEC00A443003F053FCBDEEC00A10EE78
:100FE000100A28846078401C6070BDE8F081000021
:100FF0000C64002034640020906200200AD7233C57
:10100000000080C5000000461802002000002041BA
:1010100000000000000020C11C01002090ED000A2B
:1010200090ED011AF0EEC00AB0EEC11AF4EEC10A5A
:10103000F1EE10FA04D29FED070A80ED000A704726
:101040009FED051AF0EE400A40EE410AC0ED000A9D
:101050007047000000000000CDCC4C3E014800F07D
:1010600083BF000080070020014800F07DBF000022
:10107000C0060020014800F077BF000020070020D4
:1010800001681823CAB2103AB2FBF3F2054B6FF3B2
:101090000901032A9B5CC36500D9091D81650846C7
:1010A00070470000F08D000810B5014600208B69E4
:1010B0008A6A4FF0C07453B1B3F5005F15D072B1B6
:1010C000012A0CD0022A0AD0032A09D104E01AB15D
:1010D000012A06D0022A03D1C96AC90100D501201C
:1010E00010BDC96AA142FAD010BD002AF7D0012A6A
:1010F000F2D0022AF3D0032AF3D010BD30B5046831
:10110000256825F480252560046863608368402B8A
:10111000036803D099600068C26030BD9A600068BF
:10112000C16030BD08B507F02BFB009000F006F859
:101130000521684606F0B4FEF8E700002DE9F04707
:10114000824A2DED028B1078012879D18049002543
:1011500015700888C0F30A07A1F11600A7F580678B
:1011600007804B786437DC088B7844EA4314C4F377
:101170000A06A6F580664680CC789B0943EA84047B
:101180000B7944EA8324C4F30A04A4F580648480C0
:101190005B0891F805C0C82F43EACC13C3F30A03D8
:1011A000A3F58063C38000D80580761D0A2E00D881
:1011B0004580641D0A2C00D885805B1D0A2B00D851
:1011C000C5804FEA9C130372CCF301164672CC889B
:1011D00044810C8984814C89C4810C7B04744C7BD0
:1011E0004474CC894482098AA1F5806109B2818264
:1011F00001F52571B1F5A56F00D98582554C032104
:10120000DFF854A194ED000A0127DFF85091BDEEFC
:10121000C08A534C032B04D0022B31D0012B72D047
:1012200073E0002E71D0C3885B42238083885B42C9
:101230006380022E05D0032E08D0012E0BD013E0C0
:101240007CE0A7756576556261730DE0A5756576DE
:101250006673556208E0A5756776516A322902DA2D
:10126000491C516200E0667325734188E180018862
:101270002181808A4000A08018EE100A608150E031
:1012800096B38046C08840422080B8F804004042AF
:1012900060806673B8F9020007F0F5FB9FED311B23
:1012A00053EC112B07F006FC07F0BEFBE080B8F80A
:1012B0000000208118EE100A277360812B48022E4F
:1012C00090ED000A2A4880ED040A04D0012E0CD0CB
:1012D000032E16D032E0B8F8140000EB8000A9F815
:1012E0000A00A575677629E00FE0A5756776B8F85E
:1012F000140000EB8001C1EB0040A9F80A0016E0E1
:1013000001E0657618E0032E07D0257325806580FF
:10131000A5802581E58061730EE002F063FE03F095
:10132000DFFD607B012802D0032805D006E089F8A4
:101330000C708AF8047001E08AF804500D480068C7
:10134000BDEC028BBDE8F04700470000B40100206F
:10135000FA63002060010020D0020020700200200B
:10136000906200209A9999999999C93F6401002047
:10137000346400207C01002012220249024802F05D
:10138000BBBA0000FA630020780600207047000016
:10139000364810B5017B364C012902D1407B01282B
:1013A0000AD00020E080B4F9020000EE100AF8EE46
:1013B000C00A9FED300A4EE0A068401FA06094ED87
:1013C000040AF8EEC00A00EE100A2B48B8EEC00A74
:1013D00003F047FCBDEEC00A10EE100A00B2E08038
:1013E000B4F9021000EE101A2449F8EEC00A00EE1B
:1013F000100A2348B8EEC00A03F0B8FBBDEEC00ADD
:1014000042F2107110EE100AE082B4F904000844B0
:1014100044F62161884227D3A06800F57A70A06065
:1014200094ED040AF8EEC00A00EE100A1248B8EE75
:10143000C00A03F016FCBDEEC00A10EE100A00B29E
:10144000E080B4F9021000EE101AF8EEC00A00EEC7
:10145000100AB8EEC00A0949094803F087FBBDEE3F
:10146000C00A10EE100AE08210BD000070020020D9
:10147000FC6200200000000098660020306100201F
:10148000EC660020094810B5017B012902D1407BA0
:10149000012803D0BDE8104003F0DCBF03F072F96F
:1014A000FFF794FABDE8104003F018BA700200206C
:1014B000704772B6FEE7704710B500F047F81D4858
:1014C0001D4C90ED000AF1EE400ABDEEC00AFDEEA3
:1014D000E00A10EE101A10EE900A00B22081218569
:1014E000B4F9021000EE101A1449F8EEC00A00EE2A
:1014F000100A1348B8EEC00A03F038FBBDEEC00A6C
:10150000104910EE100AE082B4F9220000EE100A31
:10151000B4F92800F8EEC00A00EE100A0A48B8EE46
:10152000C00A03F023FBBDEEC00A10EE100AE086ED
:1015300010BD0000C40200201C630020B060002029
:10154000F8650020F0600020486600200848417ED1
:10155000084811B1084AD26812B19FED080A03E0A9
:10156000012903D19FED060A80ED000A70470000B3
:1015700090620020C40200208002002000000000D1
:1015800000C0C145F0B50446002500F1200102F07D
:1015900063FD94ED080A04F1300104F1280003F022
:1015A00075F894ED090A04F13C0104F1340003F0EC
:1015B0006DF894F93000434EC0EBC002D4ED0A1A26
:1015C000D4ED0D0A94F93C0006EB820303EB800195
:1015D00061EEA02A91ED000A01EE105A94F93D1037
:1015E00094ED0B3A02EE801A94ED0E0A03EB8103A0
:1015F00021EE802AD3ED001A94F93130C3EBC303F6
:1016000002EE211A06EB830663EE201A06EB800732
:1016100023EE003AD7ED000A06EB8106294F01EED2
:10162000A01A96ED000AC43707EB820606EB800C81
:1016300006EB810603EE001ADCED000A00EE105AFC
:1016400002EEA00AD6ED000A07EB830606EB800740
:1016500006EB810602EE200AD7ED000A01EEA00A91
:10166000D6ED000A184E06EB820202EB800703EE6D
:10167000200AD7ED003A00EE905A02EB810242EECA
:10168000A30AD2ED002A06EB830202EB800042EEB1
:10169000220A90ED002A02EB810041EE820AD0ED91
:1016A000001A43EE210AF0EE081A81EE212A80EE9C
:1016B000211A84ED002A80EEA10A84ED011A84ED3E
:1016C000020AF0BD108E0008988F0008094A21B167
:1016D000012904D002290BD108E0D16800E091680B
:1016E000C14011F0010F03D0012070471169F7E7E5
:1016F000002070475C63002010B5054C04E000BF7B
:1017000010F8013B5340E25C491EF9D2104610BD6F
:101710005C90000890F82020012A07D0022A05D00A
:10172000416A41F4802141620120704700684269AA
:101730000A43426100207047F0B590F820500468D9
:10174000A468012D05D0022D03D0416A41F4802107
:1017500057E014F0406F01D1E5004FD5C4F30164A8
:101760000125A5401D608D684FF4C0739DB1CE6802
:1017700035434E6845EAC605066803EB0417F55184
:101780004FF4C275076805EB04150E697E51097D9B
:10179000012905D009E00E88CD6845EA4655EBE7FA
:1017A00001684E5946F480764E511179D5795679B3
:1017B00041EA056195792D0445EA062529434FF450
:1017C000C676056806EB0416A9511178D57841EA6A
:1017D0000561957852782D0445EA022211434FF4B1
:1017E000C475026805EB04155151006803EB041140
:1017F000425842F0010242500020F0BD416A41F4DB
:10180000001141620120F0BD10B590F82020012A9E
:1018100007D0022A05D0416A41F4802141620120AB
:1018200010BD3B48D0F8002242F00102C0F800226F
:10183000D0F8002222F47C52C0F80022D0F8002216
:101840004B6A42EA0322C0F800220A7D02F01F031D
:1018500001229A40D0F81C329343C0F81C32CB6965
:10186000B3B9D0F80C329343C0F80C328C894B6872
:1018700064F31F434C6900EBC404C4F840320C8984
:101880000B6864F31F434C6900EBC404C4F8443292
:10189000CB69012B16D1D0F80C321343C0F80C32AF
:1018A0000C884B6864F31F434C6900EBC404C4F814
:1018B00040320C89CB6864F31F434C6900EBC404CD
:1018C000C4F844328B69002BD0F804320ED0134395
:1018D000C0F804320B69002BD0F8143208D013433F
:1018E000C0F81432096A012904D008E09343EFE7F5
:1018F0009343F5E7D0F81C121143C0F81C12D0F83E
:10190000001221F00101C0F80012002010BD0000FB
:1019100000640040704770B590F82040012C05D05D
:10192000022C03D0416A41F4802128E0046809B305
:101930002469A40720D04FF4D874056804EB01147F
:101940002D5915F00405956005682D591AD0ED083C
:10195000556005682C5904F00204D4604FF4DA7421
:10196000056804EB01142E5906F00F06082E0CD35F
:1019700008250DE0E468DCE7416A41F400114162AA
:10198000012070BD6D0D1560E3E72D5905F00F05C1
:10199000156105682D59C5F30725956105682C5912
:1019A000240C54614FF4DC72046802EB0112A45859
:1019B0001C700468A458240A5C700468A458240CA1
:1019C0009C700468A258120EDA704FF4DE7204683C
:1019D00002EB0112A4581C710468A458240A5C711B
:1019E0000468A458240C9C710468A258120EDA7181
:1019F000006829B1016941F020010161002070BD3A
:101A0000C16841F02001C160F8E72DE9F05F0546AB
:101A1000006800244669D0F804908768D0F80CB0BC
:101A2000D0F810A0D0F81880F10748D0F90714D0EA
:101A300001218160B80703D5284600F08EFA0CE03A
:101A4000780702D54FF4006407E0380702D54FF459
:101A5000805402E0284600F07FFAF80516D5296880
:101A60004FF480708860B80503D5284600F077FAF7
:101A70000CE0780502D544F4005407E0380502D59F
:101A800044F4804402E0284600F068FAF80316D5D2
:101A900029684FF480308860B80303D5284600F0E9
:101AA00060FA0CE0780302D544F4004407E0380300
:101AB00002D544F4803402E0284600F051FA3007A1
:101AC00007D55FEACB6004D52968102044F4007480
:101AD000C86070074FF0080707D55FEA0B7004D5A0
:101AE0002868C760284600F0A9F9B00706D528681D
:101AF000C068800702D0284600F0A2F9700607D51A
:101B00005FEACA6004D52968102044F48064086143
:101B1000B00607D55FEA0A7004D528680761284631
:101B200000F0EAF9F00606D528680069800702D0BF
:101B3000284600F0E2F9B00308D55FEAC96005D590
:101B4000296810204860284600F0D8F9F00307D52E
:101B50005FEA097004D528684760284600F002FA59
:101B6000300446D55FEA497040D5F00504D55FEAF8
:101B7000C87001D044F00104B00504D55FEA887054
:101B800001D544F00204700504D55FEA487001D520
:101B900044F00404300529D518F0700F26D008F061
:101BA0007000402815D006DC102809D020280AD063
:101BB000302816D10AE050280ED0602811D10EE04E
:101BC00044F008040DE044F010040AE044F020045E
:101BD00007E044F0400404E044F0800401E044F4F1
:101BE00080742868816921F070018161296804206E
:101BF0004860002C05D0686A204368622846FFF7D9
:101C000089FEBDE8F09F70B5040003D094F8200071
:101C100010B104E0012070BD204600F081F820687A
:101C2000016841F00101016000F01AFC054605263B
:101C300004E000F015FC401B0A2811D82068406819
:101C4000C007F6D02068016821F00201016000F0B1
:101C500007FC05460BE000F003FC401B0A2806D9F0
:101C6000606A40F40030606284F82060D2E7206847
:101C700040688007EFD4207E0128206801683DD0AD
:101C800021F080010160607E01282068016838D061
:101C900021F040010160A07E01282068016833D056
:101CA00021F020010160E07E0128206801682ED02B
:101CB00041F010010160207F01282068016829D0CF
:101CC00021F008010160607F01282068016824D0AC
:101CD00021F004010160D4E902010843D4E90412AF
:101CE000114308436168491E08432168C861002008
:101CF0006062012084F82000002070BD41F0800166
:101D0000C0E741F04001C5E741F02001CAE721F0FA
:101D10001001CFE741F00801D4E741F00401D9E711
:101D2000F0B587B0044614216846FEF70BFC3E4B25
:101D30003E48DFF8F0E01968D4F800C03B4A0325BC
:101D40000226092710300024491CF4452AD11960C5
:101D5000012907D1016841F000710160006800F0BD
:101D600000700590106840F0080010601068CDE920
:101D7000005600F00800CDE9047069462C48CDE912
:101D8000024500F075FA00220521132000F0DAFB6D
:101D9000132000F0C9FB00220521142000F0D2FB23
:101DA00014203AE0DFF88CE0F44538D1D0F800C0D8
:101DB0004CF0806CC0F800C0D0F800C001290CF0D5
:101DC000806CCDF814C0196007D1016841F0007132
:101DD0000160006800F000700590106840F002009B
:101DE0001060106802AB00F0020005906020CDE9A1
:101DF000000683E8B00069460F4800F039FA002277
:101E000005213F2000F09EFB3F2000F08DFB0022CB
:101E10000521402000F096FB402000F085FB07B034
:101E2000F0BD0000006400403C000020303802405B
:101E3000000C0240006800400004024070470000AF
:101E4000F8B5274B02680021264C9A4200D00121A8
:101E50002170C9B201EB4102234E02EB011106EBE6
:101E6000810202F1440300212832FFF754FD20785B
:101E700006F1980500EB400101EB001106EB810132
:101E800000EBC00005EB80001C222831FEF728FB88
:101E9000207800EB400202EB001206EB820300EB1D
:101EA000C001D3E9112305EB8101C1E9072388B102
:101EB0000E4800236A46006806F0C6FA009800281B
:101EC00007D00B494FF080500860BFF34F8FBFF32E
:101ED0006F8FF8BD294600236A460648EBE70000ED
:101EE0000064004078010020B06100200400002060
:101EF00004ED00E0000000207047704770470000CC
:101F000070B5044690F82000012804D0606A40F4BF
:101F10000020606218E0022084F820002068016838
:101F200021F00101016000F09BFA05460EE000BFC0
:101F300000F096FA401B0A2808D9606A40F4003085
:101F40006062052084F82000012070BD2068406890
:101F5000C007EDD1606270BD704770477047704731
:101F600070477047704700002DE9F84304464FF072
:101F70000009CDF8009063484FF41651A56D006834
:101F8000B0FBF1F72E6894F85C10082000FA01F11C
:101F900031420FD021680A6852070BD50A6822F037
:101FA00004020A6094F85C108840A860606D40F0FC
:101FB0000100606594F85C104FF0010808FA01F028
:101FC000304208D021684969090604D5A860606DCF
:101FD00040F00200606594F85C10042088403042B4
:101FE00008D021680968890704D5A860606D40F0B1
:101FF0000400606594F85C1010208840304218D0CE
:1020000021680968090714D5A86020680168490398
:1020100004D50068000308D5A16C07E00168C90574
:1020200003D4016821F008010160216C09B1204648
:10203000884794F85C1020208840304231D02168D5
:102040000968C9062DD5A86094F8350005282068D0
:10205000016806D0490347D5006800031DD4616CB0
:102060001CE021F0160101602068416921F0800127
:102070004161206C08B9A06C20B12068016821F092
:102080000801016094F85C103F208840A86084F843
:10209000358084F83490216D1FE0E16B09B1204652
:1020A0008847606D00282BD0606DC00714D00520D4
:1020B00084F835002068016821F001010160009872
:1020C000401C0090B84203D820680068C007F6D1D1
:1020D00084F8358084F83490E16C002910D001B088
:1020E0002046BDE8F04308470168C905D5D401681A
:1020F00021F01001016084F8358084F83490CCE739
:10210000BDE8F883B00000202DE9F041044600F05E
:10211000A7F906465CB1022084F83500002584F852
:1021200034502068016821F0010101600DE00120B8
:10213000BDE8F08100F094F9801B052805D9202026
:102140006065032084F83500F2E720680068C00766
:10215000F0D12268116820480140D4E901031843F6
:10216000D4E903363343184363691843A36918431A
:10217000E3691843236A18430843616A042903D1B9
:10218000D4E90B1319430843106020684069666A5C
:1021900020F0070130460E43012704280CD1A06A25
:1021A0000643E06A40B12046FEF77EFF20B14020A2
:1021B000606584F83570BAE7206846612046FEF70E
:1021C0005FFF94F85C203F2191408160656584F851
:1021D00035700020ACE700003F8010F02DE9F041A1
:1021E0000446866D90F83400002501280DD00120AA
:1021F00084F8340094F835700020012F07D084F85B
:10220000340002252846BDE8F0810220FBE70227C2
:1022100084F8357060652046FEF770FF94F85C1016
:102220003F208840B0602068016841F016010160DD
:10223000206C20B12068016841F00801016020682D
:10224000016841F001010160DCE7000070B504465F
:1022500000F006F90546601C02D0044800780444EA
:1022600000F0FEF8401BA042FAD370BDA40000208D
:102270002DE9F84FDFF8BCA10022012503264FF01D
:102280000F090AF1040BAAF1040E00BF0B6805FA4E
:1022900002F42340A34270D10F7907F00307012F06
:1022A00001D0022F16D187684FEA420806FA08FCCF
:1022B00027EA0C07D1F80CC00CFA08FC4CEA070C12
:1022C000C0F808C04768A7430C79C4F300149440D1
:1022D0003C4344600C79E443A4070AD0C4684FEA45
:1022E000420C06FA0CF7BC438F6807FA0CF7274339
:1022F000C7600C7904F00304022C12D1D40800EB5F
:10230000840CDCF820405707FF0E09FA07F824EA8E
:102310000804D1F8108008FA07F848EA0408CCF855
:10232000208004684FEA420C06FA0CF7BC430F7990
:1023300007F0030707FA0CF7274307604C6814F40B
:10234000403F70D03C4C276847F4804727602468A2
:1023500022F0030704F480440094384C07EB040C8B
:10236000DCF8084897074FEA177809FA08F7BC43E2
:10237000334FB84202D1002724E054E0314FB84235
:1023800001D101271EE0304FB84201D1022719E0E8
:102390002E4FB84201D1032714E02D4FB84201D18E
:1023A00004270FE02B4FB84201D105270AE02A4F3E
:1023B000B84201D1062705E0284FB84201D10727CE
:1023C00000E0082707FA08F72743CCF80878DAF87E
:1023D00000405746D1F804C09C435FEACC2C00D59E
:1023E0001C433C60DBF800405F46D1F804C09C43CE
:1023F0005FEA8C2C00D51C433C60DEF80040774639
:10240000D1F804C09C435FEA8C3C00D51C433C607F
:10241000084F083F3C68D1F804C09C435FEACC3CBD
:1024200000D51C433C60521C102AFFF42FAFBDE8BE
:10243000F88F0000083C0140443802400030014061
:10244000000002400004024000080240000C02406C
:10245000001002400014024000180240001C02401C
:102460000148806870470000A4000020024881688D
:102470000278114481607047A40000200B4810B519
:10248000016841F400710160016841F480610160FC
:10249000016841F480710160032000F073F80F209F
:1024A00000F006F800F024F8002010BD003C0240C7
:1024B00070B50D4D04464FF47A712878B1FBF0F0F9
:1024C0000A490968B1FBF0F001F002FA48B9102C92
:1024D00007D200222146501E00F034F800206C6024
:1024E00070BD012070BD0000A4000020B0000020DD
:1024F0000C4882B0016841F480410160006800F43A
:10250000804000900748001F016841F08051016041
:102510000068002200F0805000900F21901E02B051
:1025200000F010B844380240002809DB00F01F0218
:10253000012191404009800000F1E020C0F8001125
:1025400070470000F0B40E4B1B680C46C3F3022327
:10255000C3F10705042D00D90425191D072901D24F
:10256000002300E0DB1E012606FA05F1491E21408A
:1025700099409E40761E16403143F0BC04F0F9BFEE
:102580000CED00E0064900F0070208684FF6FF0373
:10259000184040EA0220034A1043086070470000D8
:1025A0000CED00E00000FA05704700684162002071
:1025B0007047F0B50368586A39B19C6A4FF4827667
:1025C00000EB144400204D1E0AE040EA02409862ED
:1025D0000FE006EB8007DF59401C04EB1744C0B244
:1025E000A842F6D344EA02404FF4807202EB810124
:1025F00058500020F0BDD0F8E00403F042BE01EBDB
:10260000C10200EB8202D0F8E004126A03F093BD2D
:1026100001EBC10200EB8202D0F8E004D2F86022A4
:1026200003F0E5BDD0F8E00403F02DBE0A0601F08A
:102630000F0101EBC10100EB810101D5143101E073
:1026400001F51571006804F013BD70B504460B0662
:1026500001F00F0000EBC00104EB81014FF001021B
:102660004FF0000502D54A75143103E081F8555248
:1026700001F51571087094F89404012808D084F8C5
:102680009424206804F00EFA84F89454002070BD5D
:10269000022070BD70B5044601F00F00227990420F
:1026A00001D9012070BD0B0601F00F0101EBC10142
:1026B00004EB81014FF001024FF0000502D54A758D
:1026C000143103E081F8555201F515718D700870D1
:1026D00094F89404012808D084F89424206804F025
:1026E00053FB84F89454002070BD022070BD01F0AB
:1026F0000F0101EBC10100EB8100D0F868027047C7
:102700002DE9F04104460F0601F00F0000EBC00177
:1027100004EB81014FF001064FF0000502D54E7524
:10272000143103E081F8555201F51571C2F30A0224
:1027300008708A600B714A7802B14883022B00D17D
:102740004D7194F89404012809D084F894642068A9
:1027500004F0F6F8284684F89454BDE8F08102208D
:10276000FBE710B501F00F0404EBC40100EB81019D
:10277000C1E998230023C1F8683281F8553281F805
:102780005442837901F51571012B00D1CA61827918
:10279000006804F051FB002010BD70B504460D46E2
:1027A00001F00F002179884201D9012070BD29066E
:1027B0004FF000064FF0010206D500EBC00104EB1C
:1027C00081014A75143107E005EBC50104EB810175
:1027D00081F8556201F515718A70087094F89404B7
:1027E000012807D084F89424206804F0F9FA280717
:1027F00002D007E0022070BDA17904F29C4220685B
:1028000004F096FA84F89464002070BD10B501F0CD
:102810000F0404EBC40100EB8101C1E9082300238C
:102820008B6201234B7501F8144F8379012B00D182
:10283000CA618279006804F0FFFA002010BD000030
:102840002DE9FC5F05680446284604F0ADFC00282D
:102850007DD1206804F0D4FC002878D0D5F8080891
:10286000C0F30D20C4F8D404206804F0C9FC80072C
:1028700004D52068416901F002014161206804F03B
:10288000BFFCC10604F29C40009034D520688169E9
:1028900021F0100181612F6A07F00F0000EBC000EA
:1028A00004EB8006C7F3434006F51576022802D0F4
:1028B000062811D01AE047F6F070074216D0C7F389
:1028C0000A1217462846F16804F09EFCF068384466
:1028D000F0607069384408E008222846009904F046
:1028E00093FC7069C7F30A1108447061206881691C
:1028F00041F010018161206804F082FC00034FF078
:10290000080B4FF0000A4FF001097CD50026206823
:1029100004F055FC074674E0F80770D0F1B2206867
:1029200004F066FC8046C00707D005EB4611C1F8ED
:10293000089B3146204602F001F85FEA087024D572
:1029400005EB4611C1F808BB2068016C00E023E2EA
:1029500000EB46100191D0F8082BFB4B994205D9AA
:10296000110403D54FF40041C0F8081B204600F0C5
:10297000F6FAF5490198884207D9A079012804D1CF
:1029800020680121009A04F0D3F95FEAC86004D5F9
:1029900005EB46111020C1F8080B5FEA88701DD5C1
:1029A0006869000605D5D5F8040840F48061C5F8CB
:1029B000041806EBC60004EB800090F8571200F5EF
:1029C0001570012905D180F803A0F1B2204600F06E
:1029D000E9F905EB46110220C1F8080B5FEA8860AF
:1029E00004D505EB46102021C0F8081B5FEA88409B
:1029F00005D505EB46104FF40051C0F8081B7F08C1
:102A0000761C002F88D1206804F0FAFB40036ED5B5
:102A1000206804F0CDFB0746002666E0F80762D088
:102A2000F1B2206804F0D2FB8046C00723D006F044
:102A30000F01D5F8342809FA01F18A43C5F8342882
:102A400005EB4611C1F80899A07901280FD106EBD2
:102A5000C60004EB8000D0E907211144016236B9B9
:102A6000606A20B920680121009A04F061F9F1B28E
:102A70002046FFF7C4FD5FEA087003D505EB461159
:102A8000C1F808B95FEAC86004D505EB461110200B
:102A9000C1F808095FEA486004D505EB46104021FB
:102AA000C0F808195FEA887016D53146284604F048
:102AB00050FB06EBC60004EB8000C17D14300129F9
:102AC00005D180F803A0F1B2204600F067F905EBCC
:102AD00046110220C1F808095FEA086003D53146B3
:102AE000204601F091FF7F08761C002F96D12068C8
:102AF00004F086FB002811DAD5F8040820F0010163
:102B0000C5F8041894F8CC0401282BD0204600F016
:102B10000BFA2068416901F000414161206804F02E
:102B20006FFB00050BD5D5F80808C00702D020467A
:102B300000F03EFA2068416901F4006141612068BB
:102B400004F05EFBC00467D5D5F8040820F001004E
:102B5000C5F804081021206804F0FBFA00214FF6A4
:102B60007F3220E084F8CCA400212046FFF71CFD32
:102B7000CFE700BF05EB4110C0F80829D0F80039B5
:102B800023F40013C0F80039C0F8082BD0F8003B3C
:102B900023F40013C0F8003BD0F8003B43F000637F
:102BA000C0F8003B491C20798842E3D8D5F81C08BE
:102BB00040F00111C5F81C18E07B002828460DD014
:102BC000D0F8840840F00B01C5F88418D5F8440803
:102BD00040F00B012846C5F844180DE0D0F8140861
:102BE00042F22B010843C5F81408D5F8100840F04C
:102BF0000B012846C5F81018D0F8000820F4FE6133
:102C0000C5F80018A1792068009A04F091F82068AE
:102C1000416901F480514161206804F0F1FA8004B7
:102C200015D5206803F0CCFE206804F0B0FAE071FE
:102C300000F00EFB0146E279206804F043FB2046D9
:102C400000F05CF92068416901F40051416120689D
:102C500004F0D6FA000707D5204600F069F920688D
:102C6000416901F008014161206804F0C9FA0006D9
:102C700016D5A86920F08001A96101260DE000BFEA
:102C800006EBC60004EB800090F85702012803D140
:102C9000F1B22046FFF7CAFC761C2079B042EFD88B
:102CA000206804F0ADFAC0021FD501264F4614E09B
:102CB00005EB4610D0F8000906EBC60104EB8101D4
:102CC0000A7E012A08D1002806DACF75F0B240F05A
:102CD00080012046FFF7AAFC761C2079B042E7D895
:102CE0002068416901F480114161206804F088FA8C
:102CF000800234D501204A4629E000BF05EB40118F
:102D0000D1F8001B00EBC00304EB830393F8586277
:102D1000012E1BD1002919DA94F8D464C1F30041C3
:102D200006F001068E4211D183F85722A96941F0BD
:102D30008003AB616969090608D4D5F8040840F43A
:102D40000070C5F8040805E00A30544F401C217992
:102D50008142D3D82068416901F4001141612068A3
:102D600004F04EFA400007D52046FFF744FC2068E7
:102D7000416901F080414161206804F041FA400757
:102D80000AD520684568680702D52046FFF74AFC47
:102D90002068416829434160BDE8FC9FD0F8E00409
:102DA00003F0C3BAD0F8E00403F0D3BAF8B50400D6
:102DB00005D094F895042668002510B106E001209E
:102DC000F8BD84F89454204600F056F8032084F8A7
:102DD0009504B6F1A04F00D1A571206803F0A2FFC1
:102DE000207C8DF8000094E80F0003F0F7FD022628
:102DF000B8BB0021206804F026FA90BB0020012710
:102E00000DE000BF00EBC00104EB81014F750875B8
:102E1000C8850D76CD610D62401CC0B24D6221792E
:102E20008142EFD8002011E000EBC00104EB8101EA
:102E300081F8555281F8540281F85852C1F85C5219
:102E4000C1F86052401CC0B2C1F86452217981427D
:102E5000EAD8207C8DF8000094E80F0003F0A4FE6F
:102E600010B184F89564AAE7657484F895742068B5
:102E700003F08CFE0020F8BD10B586B00446142186
:102E80006846FDF75FFB2068B0F1A04F2FD11948CD
:102E90000021026842F001020260006800F00100B7
:102EA00005904FF4C05000900220CDE901010320AD
:102EB00003900A20049069460F48FFF7D9F90D489E
:102EC000001D016841F0800101600A48143001686A
:102ED00041F4804101600068002200F480400590C8
:102EE00005214320FFF72EFB4320FFF71DFB06B013
:102EF00010BD0000303802400000024070B50446AA
:102F0000C079012570B1022801D0FEF7D2FA294616
:102F1000D4F8E00403F08CFAD4F8E004BDE8704083
:102F200003F040BA0025F2E7D0F8E00403F069BAF4
:102F3000D0F8E00403F06FBA10B5044690F894049A
:102F400001280AD0012084F894046174206804F0F8
:102F5000A8F9002084F8940410BD022010BDD0F818
:102F6000E02400F29C41104603F06EBA10B504460E
:102F7000006894F89414012909D0012184F894146C
:102F8000C168490609D5617B012902D005E002200C
:102F900010BD816B41F480318163206804F0B7F883
:102FA000206803F0E5FD002084F8940410BD0000C3
:102FB00010B50446D0F8E00403F088FA2068D0F891
:102FC000001E41F00101C0F8001EE07A002804D084
:102FD0000248016841F00601016010BD10ED00E0FB
:102FE0002DE9F843054600684FF00109C1074FF08D
:102FF000000601D1400727D5DFF80C81C8F86860CA
:10300000FFF72EFA0746414C05E000BFFFF728FA0C
:10301000C01B022857D820680001F7D468688101D6
:10302000287A41EA0070394984310860C8F868900C
:10303000FFF716FA074604E0FFF712FAC01B022852
:1030400041D820680001F7D52878800752D52F484D
:103050004030016841F08051016000682C4C00F064
:1030600080500090206840F480702060FFF7F8F9ED
:10307000074604E0FFF7F4F9C01B022823D82068B4
:10308000C005F7D5214C7034206810F4407020D072
:10309000A98901F4407181421BD020681D4920F4A8
:1030A0004070C1F800900E6020602068C00710D00A
:1030B000FFF7D6F9064641F2883707E0FFF7D0F967
:1030C000801BB84202D90320BDE8F883206880073E
:1030D000F4D5E9680D48C1F301220830032A0BD06A
:1030E000016821F4F81101602068A989C1F30B017E
:1030F000084320600020E7E70268074B22F4F8123B
:1031000019400A430260EFE70000474200380240DE
:1031100000700040400E4742FFFCFF0F2DE9F047D2
:103120000E46050065D0DFF81481D8F80000F7B22C
:1031300000F00700B04207D288F80070D8F800000D
:1031400000F00700B04254D128683D4C810712D5E9
:10315000400703D5206840F4E0502060287800073D
:1031600003D5206840F4604020602068A96820F002
:10317000F000084320602878C0072DD030496868E7
:103180000839012812D0022813D0032811D0096869
:10319000890700292DDA216821F00301014321600C
:1031A000FFF75EF9814641F2883A0EE0096889032B
:1031B000EFE709688901ECE7FFF752F9A0EB090195
:1031C000514502D90320BDE8F0872068696800F006
:1031D0000C00B0EB810FEFD1D8F80010404601F0A1
:1031E0000701B14207D90770006800F00700B0423C
:1031F00001D00120E7E72878400705D52068E96875
:1032000020F4E050084320602878000706D52068A5
:10321000296920F4604040EAC100206000F03EF8D7
:103220002168084AC1F30311515CC840064908608F
:1032300006480068FFF73CF90020C4E7003C024064
:1032400008380240F88D0008B0000020A8000020D7
:103250000148006870470000B0000020044805499C
:1032600000680968044AC1F38221515CC840704774
:10327000B000002008380240088E000804480549C4
:1032800000680968044AC1F34231515CC840704784
:10329000B000002008380240088E0008154810B51C
:1032A000006810F00C02144813D01449042A0FD0FF
:1032B000082A0ED10F4C241F2268236802F03F0217
:1032C0005B0207D52068C0F38810A0FB010106E06F
:1032D000084610BD2168C1F38811A1FB000100233D
:1032E000FDF742F82168C1F30141491C4900B0FBD8
:1032F000F1F010BD083802400024F400001BB700B4
:103300002DE9F84F04006ED02078DFF84C93C00709
:10331000A9F104054AD009F104000168C1F3810153
:10332000012908D00068C0F3810002280AD1D9F829
:103330000000400206D52868800337D56068002861
:10334000E1D033E06068B0F5803F10D0B0F5A02F39
:10335000286810D020F480302860286820F480206D
:1033600028606068A8B1FFF77BF806460DE0286882
:1033700040F48030F4E740F480202860F7E700BF95
:10338000FFF76EF8801B642873D828688003F7D590
:103390000CE0FFF765F8064605E000BFFFF760F8B0
:1033A000801B6428F0D828688003F7D42078DFF8E1
:1033B000AC8280074FF0000A3ED5A748001D016887
:1033C00011F00C0F08D00068C0F3810002280BD167
:1033D000D9F80000400207D42868800716D5E068B5
:1033E000012800D112E033E1E068B8B10120C8F84B
:1033F0000000FFF735F8064605E000BFFFF730F89C
:10340000801B0228C0D828688007F7D52868216962
:1034100020F0F80040EAC10028600DE0C8F800A0E4
:10342000FFF71EF8064604E0FFF71AF8801B022893
:103430001FD828688007F7D42078000722D5864F48
:1034400087486169703771B101210160FFF708F8A1
:10345000064604E0FFF704F8801B022809D8386804
:103460008007F7D50EE0C0F800A0FEF7F9FF06468A
:1034700005E082E0FEF7F4FF801B02287DD8386863
:103480008007F7D42078400768D5DFF8CCB1002753
:103490000BF13C0BDBF80000C0000BD4DBF8001094
:1034A00041F08051CBF80010DBF80000012700F05C
:1034B000805000906B4E3068C00510D4306840F4E6
:1034C00080703060FEF7CCFF009005E0FEF7C8FF8B
:1034D0000099401A022850D83068C005F6D55E4ED3
:1034E000A0686C3601280FD00528306810D020F075
:1034F00001003060306820F004003060A068B8B18E
:10350000FEF7AEFF00900FE0306840F00100F4E7F6
:1035100040F004003060F7E7FEF7A2FF0099411A7F
:1035200041F28830814266D830688007F4D50EE0D9
:10353000FEF796FF009007E0FEF792FF0099411A10
:1035400041F28830814256D830688007F4D42FB1D8
:10355000DBF8001021F08051CBF80010A069C8B34F
:103560003D49091D0968C1F3810102294AD0022899
:10357000504607D0C8F8600000E03CE0FEF770FF5E
:1035800004463BE04746C8F86000FEF769FF064680
:1035900005E000BFFEF764FF801B02282BD82868D7
:1035A0008001F7D4D4E907010843A16A2E4A4908EB
:1035B00002EB0141626A41EA8211084394F82C103F
:1035C00040EA0161C9F8001001203866FEF748FFA3
:1035D000044606E03EE000BFFEF742FF001B022863
:1035E00009D828688001F7D534E000BFFEF738FF1E
:1035F000001B022802D90320BDE8F88F286880014B
:10360000F4D427E00128F7D0D9F80000E26900F4EB
:10361000800191421CD1226A00F03F01914217D1F2
:1036200047F6C071626A0140B1EB821F10D1A26AF5
:103630004FF0FF3300F4403103EB5202B1EB024F85
:1036400006D194F82C1000F07060B0EB016F01D03F
:103650000120D1E70020CFE70438024000004742B4
:10366000800E4742007000400000FFFF10B50400CC
:1036700002D0607F10B106E0012010BD002020774D
:10368000204600F041F8022060772068C168C943F5
:10369000C90632D5CA2141622168532048622046BA
:1036A00001F0E4FB20BB20688168164A114081606C
:1036B0002168886862681043D4E904231A431043E0
:1036C00088602168E068086120680169228941EA10
:1036D00002410161204601F0EDFB48B921680A6C06
:1036E00022F480220A6421680A6CA3691A430A64DE
:1036F0002268FF21516208B110BD002001216177CD
:1037000010BD0000BFFF8FFF1FB500210091019188
:10371000029103910068084988420CD10220009070
:10372000000203906846FFF75BFC08B1FDF7C1FE9D
:103730000249012008601FBD002800403C0E47429E
:1037400070B50446007F0B46012819D00126267764
:1037500002206077B2B19878D97840EA014558786C
:103760001978000240EA413005432168CA204862C6
:10377000216853204862204601F078FBD0B122E056
:10378000022070BD5878C10603D500F0EF000A3062
:103790005870D87801F05FFB0204587801F05BFBA9
:1037A00042EA0022987801F056FB0243187842EA78
:1037B0004035DAE70748054020684560204601F0BB
:1037C00079FB00B966772268FF21516200212177D9
:1037D00070BD00003FFFFF002DE9F0410446007F6F
:1037E0000D46012823D04FF0010884F81C800220E8
:1037F00060772068002780684FEA4060D2B10028D7
:1038000000DBEF70A878297840EA01466878E9780B
:10381000000240EA815006432168CA2048622168BC
:1038200053204862204601F021FBB8B12CE0022071
:10383000BDE8F081002800DBEF70287801F00BFB79
:103840000204687801F007FB42EA0022A87801F040
:1038500002FB0243E87842EA8056DDE70D48064065
:10386000206806602068816821F480218160D5E9A4
:103870000301084321688A6810438860204601F0EC
:1038800019FB08B984F81D802268FF21516227774F
:10389000CEE700007F7F7F0070B504460B482168AB
:1038A000C860FEF7DDFD05464FF47A7607E000BFFD
:1038B000FEF7D6FD401BB04201D9032070BD206841
:1038C000C0688006F4D5002070BD00005F7F010055
:1038D00010B5401EB0F1807F01D3012010BD4FF024
:1038E000E02460610F21601703F043FE0020A06117
:1038F00007202061002010BD38B5044690F8420032
:10390000202801D0022038BD51B14AB101202063E6
:1039100000206063204601F055FF216B012901D092
:10392000012038BD21680A684968009121680C317E
:1039300051E8002F42F0100241E80023002BF5D19E
:1039400038BD000000680349884202D102490120C5
:103950000870704700480040B4010020704770B5FF
:10396000040004D094F84100002510B106E00120C5
:1039700070BD84F84050204600F024F8242084F8DC
:1039800041002068C16821F40051C160204601F067
:1039900093FE2068016921F490410161206841692A
:1039A00021F02A0141612068C16841F40051C160E1
:1039B0006564202084F8410084F84200656300209B
:1039C00070BD00002DE9F04F87B005461421684610
:1039D000FCF7B8FD534B29685348022603270722FA
:1039E00000244FF000694FF4806A4FF4807B9942C5
:1039F0005FD14D4914310B6843F010030B60096827
:103A000001F010010591016841F0020101600168B7
:103A100001F002010591016841F0010101600068B7
:103A200002AB00F0010005908020CDE90006904631
:103A300083E8900169463D48FEF71AFC3002CDE963
:103A4000000602AB694683E890013948FEF710FC96
:103A5000394F3848D0463860C7E90194C7E9034A6E
:103A60007C61C7E9064B3C625E4638467C62FEF7E5
:103A70004BFB08B1FDF71DFDEF63BD632E4F2D48D5
:103A800060377830E7E802094020A7E811012A48AA
:103A900047F814496030C7E906463C627C62FEF78D
:103AA00033FB08B1FDF705FDAF63BD6307B0BDE8AB
:103AB000F08F224B9942F9D11B4910310B6843F426
:103AC00080230B60096801F480210591016841F0B1
:103AD000040101600068029400F0040005904FF4B6
:103AE0004060CDE90006CDE9037269461448FEF74F
:103AF000BFFB114E1348C0363060C6E90194C6E9D9
:103B0000034A7461C6E9064B4FF44030C6E9080425
:103B10003046FEF7F9FA08B1FDF7CBFCEE63B5636A
:103B2000C4E70000001001403038024000040240A9
:103B30000000024040640240C006002000480040EF
:103B4000000802402860024070477047FEE700000E
:103B500000F1200383EC030AC0E911129FED0A0A69
:103B600080ED0C0A80ED0E0A80ED0D0A80ED020A50
:103B700080ED030A80ED040A80ED100A80ED010A51
:103B800080ED000A7047000000000000F0B500233F
:103B90000A24302537261F4611E000BFB4EB107F02
:103BA00002D905EB107C01E006EB107C01F813C094
:103BB00001EB430C00015B1C8CF80170DBB29342FB
:103BC000ECD3F0BD10B58AB001200290002008218E
:103BD0000490CDE905018DF81C00FF208DF8200030
:103BE0008DF821008DF824008DF822008DF8250035
:103BF0008DF823008DF82600FC208DF8270008A8FA
:103C000000900548012300224468054803490068E4
:103C1000A0470AB010BD000070010020E805002098
:103C20000800002090ED010AFCEEC00A10EE901A88
:103C3000018480ED0F0A00210187704710B58AB01A
:103C400001200290002008210490CDE905018DF8A3
:103C50001C00FF208DF820008DF821008DF8240035
:103C60008DF822008DF825008DF823008DF82600B0
:103C7000FE208DF8270008A80090054801230022A7
:103C80004468054803490068A0470AB010BD000019
:103C900070010020E8050020080000200FB4F2EEBB
:103CA000090A70B52DED028B9DF83400DFED668AB0
:103CB000069D664C6D1E000954F82510B1EE0C8A65
:103CC00091ED010ABCEEC00A10EE102A0A8454F8E5
:103CD00025100880BDF8350040BA00EE100A54F8EF
:103CE0002500B8EE400A80ED060A9DF837009DF8E1
:103CF0003810000140EA111000EE100A54F82500B7
:103D00001021B8EE400A80ED070A9DF8390000EE58
:103D1000100A54F82500B8EE400A80ED040A54F861
:103D2000250090ED060ABDEEC00A10EE100ABAEEAC
:103D3000090A03F089FF54F82500F6EE000A80ED29
:103D4000010A20EE200A54F82500DFED410A0C217B
:103D500020EE200ADFED3F0A20EE200AF0EE680A8E
:103D600080ED010A54F8250090ED070ABDEEC00A67
:103D700010EE100A9FED380A03F066FF54F8250094
:103D80000C21F0EE480A80ED020A54F8250090ED6F
:103D9000040ABDEEC00A10EE100AB9EE0C0A03F0D8
:103DA00053FF54F8250080ED050A54F825109DF8BE
:103DB0003A00087354F825109DF83B00487354F8F6
:103DC0002500018CD0ED010A00EE101A2349B8EE4F
:103DD000400A30EEC00A10EE102A8A4202D9028F41
:103DE000521C028754F82500028CD0ED010A00EE27
:103DF000102AB8EE400A30EE600A10EE102A8A420D
:103E000002D9018F491E018754F82500B0F93810F6
:103E1000D0ED010A490300EE101AB8EEC00A30EEE8
:103E2000800A80ED0F0A54F8250030F8441F491C21
:103E3000018054F82510012081F84200BDEC028B6E
:103E400070BC5DF814FB00000000484384010020B2
:103E5000DB0F494000001042000048C30020CBC5E2
:103E600008B504F08DFC0A4E0A4C0B4DCDF800004D
:103E7000B4F844002988884201D170688047B4F8BA
:103E8000440028800121684604F00AF8F0E70000A9
:103E900088010020B4620020DC0200202DE9F041FE
:103EA00004462DED068BF0EE60AAF0EE419AB0EEDE
:103EB00042AADFED2C0AB0EE619A9FED2C1A20EE9B
:103EC000200AF0EE000ADFED2A8AB1EE0C8A20EE1D
:103ED000200ADFED250A102020EE200ADFED250A5A
:103EE00003F06CFB07460C20B0EE681ADFED220AE7
:103EF000B0EE6A0A03F062FB06460C20B0EE481AE8
:103F0000F9EE0C0AB0EE4A0A03F058FB9FED1C8A4A
:103F100080460C209FED191AF0EE480AB0EE690AAF
:103F200003F04CFB05460C20B1EE041AF0EE480AF3
:103F3000B0EE490A03F042FB390A2170677031097B
:103F4000A170310141EA1521E1702571010961710A
:103F5000010141EA1820A07184F80780BDEC068BAE
:103F6000BDE8F08100000039DB0F4940DC0F49401B
:103F700000004843DC0F49C0000048C30000FA437A
:103F800000000000816270472DE9F04115460E46A1
:103F900080460024114F12E008EB840090ED000AE7
:103FA0000E4803F01FFB0020395C69602968490650
:103FB000FCD5401CC0B20428F6D3641CA4B2B442A1
:103FC000EAD3074900200A5C6A602A685206FCD5D9
:103FD000401CC0B20428F6D3BDE8F08100020020E6
:103FE0005C93000870B51B480125017C427C0904E4
:103FF00041EA4244408A174904430020B1F1880154
:1040000001EB000305FA00F21E7D22420ED0761C61
:10401000F6B21E75032E02D98E6816438E601B7D84
:104020003C2B13D90B6913430B610FE0361F382E5D
:10403000CE6801D2164300E09643CE608E68964368
:104040008E600E69964300220E611A75401C12287C
:10405000D6DB70BDE463002030EE601AD0ED030AB9
:10406000D0ED041A1B4A30EEE12AF0EE081AF0EE09
:10407000000A20EE210A21EE211A20EE200AC0EECD
:10408000020AC1ED000A90ED030A90ED042A10EE39
:10409000900A30EE422A904281EE020AB1EE041AF2
:1040A00081ED010A01DB81ED001A0B480B68F9EE86
:1040B000040A834201D3C1ED000A10EE103A934284
:1040C00001DB81ED011A4A68824201D3C1ED010A88
:1040D000704700000000A0400000A0C010B5174BC2
:1040E000A0F20720DDE9051203EB4010038883816D
:1040F0008BB25BBA090C038049BA418091B249BACC
:10410000818099B282890E4B8C1A9C4202DA818A94
:10411000491C04E0511A994202DA818A491E8182BF
:104120000188B0F9142001EB4231016101888181DD
:10413000818B491C81830121817610BDFC620020A6
:1041400090E8FFFF30B5050A039C25706070080AEF
:10415000A070E170100A20716271180AA071E371F9
:1041600030BD000010B5A0F20520DDE9052193B2B5
:104170005CBA144B120C03EB401052BA048042801C
:104180008AB252BA8280090C81718289A1B20E4B27
:104190008C1A9C4202DA818A491C04E0511A994225
:1041A00002DA818A491E81820188B0F9142001EB6C
:1041B0004231016101888181418B491C4183012188
:1041C000017610BD1C63002090E8FFFF30B5050AA2
:1041D000039C25706070080AA070E170100A2071BD
:1041E0006271180AA071E37130BD0188818100EE0F
:1041F000101A0021B8EE400A80ED070A01837047CB
:1042000030B52549A0F50270DDE9063251F82040AD
:104210002588A5819CB251F8205064BA1B0C2C80D3
:1042200051F820405BBA1BB2636051F8204093B252
:104230005BBA238151F82030120C9A7251F8202079
:10424000138894891C1B154B9C4202DA148B641C46
:10425000148351F8202094891588641B9C4202DA4B
:10426000138B5B1E138351F820201388B2F918407A
:1042700003EB443300EE103AB8EEC00A82ED070AB1
:1042800051F820309A8C521C9A8451F82000012257
:1042900080F8222030BD0000040200209CE6FFFFD1
:1042A0004161704730B5050A039C25706070080AAB
:1042B000A070E170100A20716271180AA071E37198
:1042C00030BD0000104810B50E4901600321416067
:1042D00000214FF410228160C0E903124FF4001254
:1042E0004261017641768176C1760177012141777D
:1042F000FDF789FC002803D0BDE81040FDF7D9B8D0
:1043000010BD000000640040C0050020104810B53A
:104310000E4901600321416000214FF410228160A9
:10432000C0E903124FF400124261017641768176B2
:10433000C176017701214177FDF765FC002803D0A4
:10434000BDE81040FDF7B5B810BD000000680040A2
:10435000E8050020154808B5016841F40011016026
:10436000016801F400110091016841F480010160CD
:104370000068002200F48000009005210C20FEF768
:10438000E1F80C20FEF7D0F8002205213A20FEF7D4
:10439000D9F83A20FEF7C8F8002205214620FEF79A
:1043A000D1F8BDE808404620FEF7BEB830380240DC
:1043B00010B5CEB000222421102003F02FFF464C70
:1043C000002224212060102003F028FF60600022DA
:1043D0002421102003F022FFA060002219211020C8
:1043E00003F01CFFE0601C223C496846FCF778F8AB
:1043F0000021684603F039F9384960631C221C31FA
:1044000007A8FCF76DF8002107A803F02EF933493F
:10441000A0631C2238310EA8FCF762F800210EA818
:1044200003F023F92D4920611C22543115A8FCF713
:1044300057F8002115A803F018F9284960611C22DB
:1044400070311CA8FCF74CF800211CA803F00DF9F2
:104450002249A0611C228C3123A8FCF741F80021DD
:1044600023A803F002F91D49E0611C22A8312AA803
:10447000FCF736F800212AA803F0F7F81749606224
:104480001C22C43131A8FCF72BF8002131A803F01D
:10449000ECF8124920621C22E03138A8FCF720F821
:1044A000002138A803F0E1F80C49A0621C22FC317D
:1044B0003FA8FCF715F800213FA803F0D6F8E0620A
:1044C0001C22074946A8FCF70BF8002146A803F078
:1044D000CCF820634EB010BD00000020BC8C00085A
:1044E000D48D0008154808B5016841F0020101604B
:1044F000016801F002010091016841F001010160D1
:10450000016801F001010091016841F008010160BA
:10451000016801F008010091016841F004010160A7
:10452000016801F004010091016841F0800101601F
:10453000006800F08000009008BD000030380240A4
:1045400010B586B014216846FBF7FCFF1B48002419
:1045500019490594C0E900147F218160FF21C0E959
:10456000031444618461FFF781F808B1FCF7A1FFEF
:104570008DF800408DF801408DF80240039401222F
:1045800069460E480494FFF727F908B1FCF791FF3C
:1045900001208DF814008DF815008DF816000246E4
:1045A0008DF8174005A90548FFF7CAF8002801D083
:1045B000FCF77FFF06B010BD002800401006002069
:1045C0000C4810B50A4901604FF4E1314160002107
:1045D00081600C22C160C0E904128161C161FFF7F2
:1045E000BEF9002803D0BDE81040FCF762BF10BD43
:1045F00000100140300600200C4810B50A49016047
:104600000B494160002181600C22C160C0E90412A5
:104610008161C161FFF7A3F9002803D0BDE8104014
:10462000FCF747BF10BD000000480040780600209E
:10463000A086010010B500220F49104801F056FD78
:1046400008B1FCF736FF0E490C4801F06BFF08B1CA
:10465000FCF72FFF0B49094801F0E8FA08B1FCF715
:1046600028FF064801F0E2FF002803D0BDE8104013
:10467000FCF71FBF10BD000040000020E007002035
:104680003403002090000020FEE7000070B510EE1B
:10469000102A6FF040434FF4800513440122B0EE1E
:1046A000082AAB420BD2F8EE000A002370EEC00AD3
:1046B0000B704A70C0ED000A30EE020A16E010EEF0
:1046C000103A2E4C4FF400061C440223B1EE401A5F
:1046D000F7EE000AF0EE001AB4420AD271EE600A58
:1046E0000A7030EE210A4B70C0ED000A80ED010A1D
:1046F00070BD10EE104A032214F1814F0BD8B5EEB5
:10470000C00AF1EE10FA06D20B704A7080ED001A62
:1047100030EE200AEAE7B5EEC00A0423F1EE10FA03
:104720000BDB10EE104AB4F17E5F06DA70EEC00AC1
:104730000A704B70C0ED000AD8E710EE102A05246D
:10474000A2F17E52B24208D231EEC01A0B704C7008
:1047500080ED001A30EE600AC8E710EE102AA2F1D0
:104760008042AA42C4D872EE400A0C7006224A70F7
:10477000C0ED000A30EE610AB8E70000FFFF7F409D
:10478000FEE7000070B5FDF76BFE274C274D20615A
:10479000606908B928696061E06910B9FDF760FED9
:1047A000E0612169E16194ED000A081AB5EEC00AE2
:1047B000F1EE10FA02DB216A084420621A49E0682F
:1047C00020390978084313D00020E880B5F90200A9
:1047D000184900EE100A1848F8EEC00A9FED140AB6
:1047E00000F0C4F9BDEEC00A10EE100AE88270BDF8
:1047F0001248E880B5F902000E4900EE100A0E4892
:10480000F8EEC00A9FED0E0A00F0B0F9BDEEC00A46
:1048100010EE100AE88228696169A269091A114438
:10482000C4E9050170BD000080020020FC62002088
:104830000000000030610020EC6600203CF6FFFF25
:1048400000401CC50148FDF7FBBF0000DC1E002036
:104850009FED0A1AF7EE001A80ED001AC0ED031A58
:1048600080ED090AC0ED0A0AC0ED071A80ED081AAA
:10487000C0ED0B1A80ED011A704700000000000027
:10488000D0ED071AD0ED000A21EEA01A80ED011A32
:10489000D0ED090A90ED032A41EE820AC0ED040A28
:1048A000D0ED0A1A30EEA12AC0EE821A30EE412A6B
:1048B000B0EE410AB7EE001AC0ED061A31EE611AE9
:1048C00001EE820A61EE200A80ED020AC0ED050ABF
:1048D000C0ED030A80ED000A704700001448F2EEB4
:1048E000040A9FED141A90ED060AB8EEC00A20EEF5
:1048F000200AC0EE010A90ED080A90ED021AB8EE07
:10490000400A20EE010A9FED0C1AC0EE011A30EEAB
:10491000E10A80ED000AD0ED010AF8EEE00AB4EEFB
:10492000E00AF1EE10FA01DB0121C16070470000DE
:10493000800200200000104700007A442DE9F04179
:1049400003680D4604461E6C03EB4511D1F8080BB5
:1049500094F806E04FF400474FF0200C04F29C421C
:10496000BEF1010F09D0DFF898E0764539D1020495
:1049700032D500BFC1F8087B3FE0224B5FEA007EE2
:1049800004D59E4239D90004F4D436E05FEA806E43
:1049900002D5C1F808CB30E010F0280F2DD19E428F
:1049A00001D90004E6D405EBC50004EB8000D1F882
:1049B000101BD0F87432C1F31201591AC0F86812F2
:1049C00000F51570ADB903691BB1C2681144C1602F
:1049D0000FE0012120680AE080060AD5C1F808CB63
:1049E00007E035B9D4F8640218B90021184602F07E
:1049F0009FF9E9B22046FDF70BFE0020BDE8F081EB
:104A00000A31544F0A30544F2DE9F84F0E4601EB4E
:104A1000C60100EB810481460568D4E9091014340D
:104A2000884202D90120BDE8F88F081AA1688142A6
:104A300000D20846C01C870805EB46181BE000BFE3
:104A4000A0EB010AA068504500D282460AF103009B
:104A5000870899F8060000901FFA8AF3F2B22846F8
:104A6000E16802F0A3FCE16801EB0A00E060616923
:104A700001EB0A006061D8F8180980B2B84205D38A
:104A8000D4E90401814201D20028D9D1D4E904013A
:104A9000884208D806F00F0101208840D5F8341864
:104AA0008143C5F834180020BDE7000010B59FED24
:104AB000103ADFED102A9FED102AF6EE001A9FED56
:104AC0000F1ADFED0F0A9FED0F0A0F4800F01EF9D5
:104AD000BDE810404FF47A7242F210719FED0B1A4C
:104AE000F6EE000AB2EE090A0948FFF731B80000F5
:104AF00000002F440000FA4500409C46CDCCCC3E3F
:104B00006F12833A9A99993E98660020000000003F
:104B1000EC6600204FF42F724FF4FA519FED041A07
:104B2000DFED040A9FED040A0448FFF711B8000006
:104B300000000000295C0F3D33335340F86500202E
:104B40004FF42F724FF4FA519FED041ADFED040A6F
:104B50009FED040A0448FEF7FBBF000000000000C0
:104B6000295C0F3D333353404866002070B530EE6A
:104B7000601A2DED048B04460D4680EC020A80ED90
:104B8000021AD0ED050A30EE600A80ED060A90EDBB
:104B9000070AD0ED030A30EE010A80ED070AB0EEF5
:104BA000410A0846FCF7EEFC94ED080AD5ED000A30
:104BB00095ED051AD4ED098A94ED0A8A00EE810A72
:104BC000D5ED010A95ED061A94ED0B9A04F11C003F
:104BD00040EE818AD5ED020A95ED071A00EE818A32
:104BE000D4ED020A20EE800A84ED0C0A94ED120A3C
:104BF000B8EE400A02F0CDFC94ED070A04F1400043
:104C000020EE280A84ED0D0AD4ED020A94ED031A71
:104C100070EEC10A60EE880AC4ED0E0A94ED061A21
:104C200021EE091A84ED0F1AD4ED0C1A31EE800A28
:104C300030EE200A30EE010A84ED100A94ED110ADC
:104C4000B8EE400A02F0A5FC94ED020A84ED030AD6
:104C500094ED000A84ED050A94ED100ABDEC048B76
:104C600070BD10B5044680EC020A70EE600AC0ED1B
:104C7000020A90ED031A30EEC11A80ED041AD0ED4D
:104C8000051A30EE610A80ED060AD0ED081A61EED1
:104C9000A01AC0ED0C1AD0ED0D1A90ED092A04F1FE
:104CA000340042EE201AC4ED0D1AD4ED0A0A61EE6A
:104CB000200AC4ED0E0AD4ED0B0A20EE800A84ED22
:104CC0000F0A94ED130A02F064FC94ED0C0AD4ED83
:104CD0000D0A04F1400030EE200AD4ED0E0A30EE49
:104CE000200AD4ED0F0A30EE200A84ED100A94ED6C
:104CF000110A02F04EFC94ED020A84ED030A94EDD1
:104D0000000A84ED050A94ED100A10BD00F120019F
:104D100081EC040A9FED0B0A80ED0C0A80ED0E0A6F
:104D200080ED0D0A80ED020A80ED030A80ED040A91
:104D300080ED100A80ED010A80ED000A443080EC1D
:104D4000032A70470000000070B504462DED028B69
:104D5000F0EE608AB0EE408AD0ED030A90ED020AD0
:104D60000D460846FCF70EFC38EE680A84EC028A11
:104D700084ED020AD4ED030A70EE600AC4ED040A61
:104D800094ED051A38EE411A84ED061AD4ED081A8E
:104D900095ED002A71EE821A61EE801AC4ED0C1AAC
:104DA000D4ED091A95ED012A31EE822AD4ED0D1ABF
:104DB00042EE001AC4ED0D1AD4ED0A1A95ED022A3E
:104DC00071EE821A61EEA00AC4ED0E0AD4ED0B0A50
:104DD00060EE810AC4ED0F0AD4ED120AB4EEE00AC7
:104DE000F1EE10FA04DB9FED170A84ED0D0A05E0E1
:104DF00094ED130A04F1340002F0CBFB94ED0C0A9D
:104E0000D4ED0D0A04F1400030EE200AD4ED0E0A74
:104E100030EE200AD4ED0F0A30EE200A84ED100A9D
:104E200094ED110A02F0B5FB94ED020A84ED030A39
:104E300094ED000A84ED050A94ED100ABDEC028B96
:104E400070BD000000000000008800B200EE100AF3
:104E5000B8EEC00A7047002102E00A38C0B2491C0F
:104E60000A28FAD2090740EA116070472DE9F0419B
:104E7000044600680025C168490618D4C16841F09D
:104E80008001C160FDF7ECFA06464FF47A780427FA
:104E900007E000BFFDF7E4FA801B404501D96777C2
:104EA00001252068C068400601D4002DF2D02846B4
:104EB000BDE8F08170B5044600680025C16821F0A6
:104EC0008001C16020688068800606D42046FEF715
:104ED000E3FC10B1042060770125284670BD000076
:104EE0002DE9F05FCA4DCB4C00262DED028B688C6E
:104EF000012801D040B112E001210820FCF7E6FBB7
:104F000038B9288C28B10AE001210820FCF7DEFB23
:104F100028B1AE802662E6612661E6602E76012128
:104F20000020FCF7D3FB9FEDBC8ABA4F283710B1A5
:104F300094ED010A08E001210846FCF7C7FB40B1E7
:104F40006068404200EE100AB8EEC00A87ED010A20
:104F500005E0B0482830FCF761F887ED018AAD48DC
:104F6000283000F03DFA4042288001210220FCF761
:104F7000ADFBDFF8A08208F1340820B1A068404200
:104F800000EE100A06E001210320FCF79FFB30B180
:104F900094ED020AB8EEC00A88ED010A05E09D48CA
:104FA0003430FCF73BF888ED018A9A48343000F041
:104FB00017FA4042688001210620FCF787FB012395
:104FC00008B1E06828B101210620FCF77FFB10B191
:104FD00009E0E36007E0E068012804D1E0692828DF
:104FE00001DBE661E660DFF82C92B5F9041009F107
:104FF0004009B9F90A00814209DAE068012806D1BE
:10500000E069282803DA0A31A980401CE061012107
:105010000720FCF75BFB08B1206928B101210720BC
:10502000FCF754FB10B109E0236107E02069012877
:1050300004D1206A282801DB26622661B5F9040024
:10504000B9F90810884209DD2169012906D1216AD0
:10505000282903DA0A38A880491C2162002111207E
:10506000FCF734FB00286D496D4ADFF8B8C1287B96
:1050700012D010B101280DD01BE02B7391ED000A66
:10508000BDEEC00A10EE100A688192ED000A8CEDA8
:10509000040A03E02E730CE001280AD191ED000A06
:1050A000BDEEC00A10EE100A688192ED000A8CED88
:1050B000040A01211020FCF709FB20B9022110206D
:1050C000FCF704FB10B1687E012876D003206873DA
:1050D00001210D20FCF7FAFA80B14FF416727A81A3
:1050E00050423881A8F80A20A8F808004FF4487107
:1050F000A9F80A104FF6E041A9F8081001210E2086
:10510000FCF7E4FA4FF4966ACAF1000B60B14FF471
:1051100061727A8151423981A8F80A20A8F80810F2
:10512000A9F80AA0A9F808B001210F20FCF7CEFACF
:1051300078B1A7F80AA0A7F808B0A8F80AA0A8F8BC
:1051400008B04FF4C861A9F80A104FF6C011A9F8C9
:10515000081000210B20FCF7B9FA334F58B1B7F90A
:105160000A0040F22621C84205DA00F5077078816E
:10517000E87D801EE87500210C20FCF7A7FA58B1E5
:10518000B7F90A0040F6B831C84205DDA0F507704E
:105190007881E87D801CE8752448418901EB810114
:1051A000298180890121C000E8800520FCF78EFA62
:1051B00078B1A06918B10DE0FFE76B7388E7287E2E
:1051C00010B1012802D002E02B7600E02E76A36118
:1051D00000E0A66101210920FCF778FA58B1606966
:1051E00050B9687E10B1012802D002E06B7600E071
:1051F0006E76636100E0666101210A20FCF766FAC1
:1052000020B1EB76BDEC028BBDE8F09FEE76F9E7BE
:1052100090620020B4010020000000006001002026
:10522000640100203464002070020020E463002048
:1052300030B5124B12481A461D7E0024B2F90420E4
:10524000C16A012D03D0511A9980C46230BD856AAC
:1052500055B1012DFAD1C91ED21EC1629A8011F535
:10526000967FF3DC846230BDC91CD21CC1629A8077
:10527000B1F5967FF7DB0121816230BD906200209D
:105280001802002086B003F07BFADFF8A8802A4FCE
:105290002A4CDFF8ACA02B4E0DF110090DF1040BD8
:1052A0000390D8F810004546804768688047264834
:1052B000006880472548CDF80090DFF898C0B0F925
:1052C00020302348DCF804C04D46B0F91620B7F969
:1052D0003610B7F91600E04794F9410094ED0D2A15
:1052E00000EE100A94F94000D4ED0C0AF8EEC01A52
:1052F00000EE100A1848B8EEC01A016894ED0B0AC7
:1053000001A888470095DAF804C0554640F2FF131B
:10531000002212493068E047CDF800B06D680123E3
:1053200000220F493068A847022103A802F0B8FD07
:10533000B7E700004C0200201C630020B46200208C
:105340007001002008000020CC0200200C64002026
:10535000FC620020AC01002088010020C005002074
:10536000E80500200178407841EA002070470000FD
:10537000054810B50068804700F00AF80348406807
:10538000BDE8104000470000B4020020A402002045
:105390000F481049027B012A01D10A698A600E4A2E
:1053A00013790022012B01D01BB103E001234373C9
:1053B00000E042730948437B032B03D1C07E0128E0
:1053C00001D0CA8070474FF4FA60C880704700006F
:1053D00070020020FC620020D002002090620020B9
:1053E00090EC020A30EE200A80ED000AB0F90810B5
:1053F00000EE901AF8EEE00AB4EEE00AF1EE10FAD0
:1054000005D200EE101AB8EEC00A80ED000AB0F91D
:105410000A10F0EE400A00EE101AB8EEC00AF4EEE0
:10542000C00AF1EE10FA02DCB0EE600A05E000EE10
:10543000101AB8EEC00A80ED000ABDEEC00A10EEE8
:10544000100A00B27047FFF7F5F8012002F001F9E9
:10545000FBE7000010B50C4C0D49B4F9020000EE5A
:10546000100A0C48F8EEC00A9FED080AFFF77EFB11
:10547000BDEEC00A002110EE100AE0820648C160AD
:105480002169416110BD0000FC62002000000000A5
:1054900030610020EC6600208002002010B5FCF78F
:1054A000E5FF03F05FF9012803D0BDE8104002F0EA
:1054B0009FBE10BD30B593B030216846FBF742F86F
:1054C00014210CA8FBF73EF81F480025016841F0A5
:1054D00080510160006800F0805011901B48016805
:1054E00041F4804101600068022400F48040119082
:1054F000092000904FF4803001900120CDE905048F
:105500008005079006200890A820CDE9090407200F
:105510000B906846FDF7F4FE08B172B6FEE70CA9E1
:105520000F2081E831004FF4A0500F904FF48050CD
:10553000109005210CA8FDF7F1FD002801D072B6EE
:10554000FEE713B030BD000040380240007000405C
:105550000248016841F470010160704788ED00E085
:1055600070B5846B2068406994F84110C0F3C01096
:105570000025212904D118B1E584204600F08EF8D9
:105580002068406994F84210C0F38010222904D1A9
:1055900018B1E585204600F05AF8606C40F0100024
:1055A00060642046FEF7DAF970BD10B50146806BE5
:1055B000096809684FF00002C9052ED4C285016848
:1055C0000C3151E8003F23F4807341E80034002C93
:1055D000F5D10168143151E8003F23F0010341E89F
:1055E0000034002CF5D10168143151E8003F23F05C
:1055F000400341E80034002CF5D1202180F842100E
:10560000016B012909D101680C3151E8003F23F0F9
:10561000100341E80034002CF5D14263016B0129ED
:1056200002D0FEF791FA10BD818DFEF78BF910BD07
:1056300010B5806B01214163016B012902D0FEF797
:1056400084FA10BD818D4908FEF77CF910BD016810
:105650000C3151E8002F22F4907241E80023002B16
:10566000F5D10168143151E8002F22F0010241E820
:105670000023002BF5D1016B012909D101680C3100
:1056800051E8002F22F0100241E80023002BF5D151
:10569000202180F8421000210163704701680C311D
:1056A00051E8002F22F0C00241E80023002BF5D181
:1056B000202180F84110704770B5044600680169E8
:1056C000E26821F44051114301612169A068E26957
:1056D00008436169114308432168CA6849F20C63B1
:1056E0009A430243CA6020684169A26921F440716B
:1056F0001143416131492068884202D030498842D3
:1057000002D1FDF7BBFD01E0FDF7A8FDE269002332
:10571000192164253226B2F5004F626828D0A0FB1B
:105720000101930F9200FAF71FFE0146B0FBF5F05E
:105730006FF01802504301EB800006EB0010B0FB45
:10574000F5F000F0F002B1FBF5F002EB0012B1FB56
:10575000F5F06FF01803584301EB800006EB0010E2
:10576000B0FBF5F000F00F0021681044886070BDB8
:10577000A0FB010192185B41FAF7F6FD0146B0FB70
:10578000F5F00201B1FBF5F06FF01803584301EB9F
:10579000800006EBC000B0FBF5F000F0F80002EB73
:1057A0004002B1FBF5F0584301EB800006EBC0006E
:1057B000B0FBF5F000F00700D6E700000010014054
:1057C0000014014038B581620446828500201346EA
:1057D0006064222284F84220E56B1F4AEA63E56B8D
:1057E0001E4A2A64E56B1E4AEA64E26B10650A46AB
:1057F0002168E06B091DFCF7F1FC30B110206064FA
:10580000202084F84200012038BD206801684068EB
:105810000090206948B120680C3050E8001F41F426
:10582000807140E80012002AF5D12068143050E859
:10583000001F41F0010140E80012002AF5D1206864
:10584000143050E8001F41F0400140E80012002AE7
:10585000F5D1002038BD0000AB55000831560008D6
:1058600061550008064D88B04FF0FF342246694666
:10587000286802F049FE684601F0ACFDF6E700003A
:105880000C000020CD2001F0EFFD022002F0E2FA32
:10589000F8E72DE9F0410C46D0F8D412D0F8C82230
:1058A00000EB8101D1F8C01229B304F00F0606EB1A
:1058B000860300EB830500276B694BB106EBC60638
:1058C00002EB8602D269B3FBF2F602FB1632A2B1FA
:1058D000C1F81472D0F8D42200EB8200D0F8C402D0
:1058E00003692BB1D1F80802224601F504719847EB
:1058F0000020BDE8F0810320FBE700231A46214683
:105900006F6100F0F0FDF3E770B50546D0F8D40202
:1059100005EB8000D0F8C04294B1284600F0C2FCEC
:10592000C4F80C02D5F8D412D4F8040205EB8101B6
:10593000D1F8C412CA6804F503719047002070BD05
:10594000032070BD70B5234D0446297800F0EAFBB2
:105950002878002600F00F0000EB800004EB8000A8
:1059600080F823606978204600F0DCFB687800F05E
:105970000F0000EB800004EB800080F86361A978E1
:10598000204600F0CFFBA87800F00F0000EB80006D
:1059900004EB800080F82360C661D4F8D40204EBE5
:1059A0008000D0F8C01299B1D0F8C4024068804796
:1059B000D4F8D40204EB8000D0F8C00200F0BAFFA3
:1059C000D4F8D40204EB8000C0F8C062C4F8BC6212
:1059D000002070BDE002002010B5D0F8D41200EB1A
:1059E0008100D0F8C04284B1D0F8C41259B194F803
:1059F0000002FF2807D08B6894F8012221469847BF
:105A0000FF2084F80002002010BD032010BD00001C
:105A10000A21018000487047E402002070B5064664
:105A200082210C4800F001FB05460121094800F0E5
:105A3000FCFA04468121074800F0F7FA0DB1102165
:105A4000A971402104B1A18000B181804320308040
:105A5000004870BDF002002070B5064682210D4856
:105A600000F0E3FA054601210A4800F0DEFA044698
:105A70008121084800F0D9FA0DB11021A9714FF425
:105A8000007104B1A18000B18180432030800148C1
:105A900070BD0000F002002070B5064682210C485F
:105AA00000F0C3FA05460121094800F0BEFA044699
:105AB0008121074800F0B9FA0DB11021A9714021E8
:105AC00004B1A18000B1818043203080004870BDC6
:105AD000F00200202DE9F04704464FF407752846F0
:105AE00000F02AFF06004FF0000865D02946FAF7BB
:105AF00029FDD4F8D4023E4D04EB80004FF010098C
:105B0000C0F8C062C4F8BC62207C4FF4007A012760
:105B1000E8B3402302222978204600F02EFC2878A2
:105B2000402300F00F0000EB800004EB800080F8C1
:105B3000237002226978204600F01FFC6878082351
:105B400000F00F0000EB800004EB8000032280F8DF
:105B50006371A978204601F00F0101EB810104EB8C
:105B60008101C1F81C90A97800F007FCA87800F02A
:105B70000F0000EB800004EB800080F82370C6F873
:105B80000482D4F8D402474604EB800000E01BE016
:105B9000D0F8C40206F50176006880473761776166
:105BA00032687AB1207C00B340236978204600F047
:105BB000F0FB0020BDE8F087D4F8D41204EB81019B
:105BC000C1F8C0820220F5E7534602222978204618
:105BD00000F0D3FB2878534600F00F0000EB800064
:105BE00004EB800080F82370A3E75346DDE7000054
:105BF000E002002010B5D0F8D41200EB8101D1F8FA
:105C0000C01259B1027C084C002AD1F8042207D0F6
:105C10004023617800F0BDFB002010BD032010BDC3
:105C20004FF40073F5E70000E002002039B1D0F82E
:105C3000D42200EB8200C0F8C41200207047032079
:105C40007047D0F8D42200EB8200D0F8C00218B11F
:105C5000C0F804120020704703207047D0F8D432F7
:105C600000EB8300D0F8C00228B1C0F81022C0F8C1
:105C7000081200207047032070472DE9FC410646BA
:105C8000D0F8D4020C4606EB80000021D0F8C07298
:105C90008DF80010ADF804100D4637B1217811F0E1
:105CA00060022FD0202A4BD102E00320BDE8FC8106
:105CB000E288F2B109060DD5D0F8C40263783946FE
:105CC000D0F808C01846E047E288072A00D9072222
:105CD00039462DE0607887F80002E088402800D33C
:105CE0004020C2B287F801223946304600F081F8E0
:105CF0002BE0D0F8C402637800228668214618465B
:105D0000B04722E0607830B101281ED00A2809D0BF
:105D10000B2815D110E096F89C02032810D102221E
:105D200001A905E096F89C02032809D101226946E1
:105D3000304600F07AF808E096F89C02032804D078
:105D40002146304600F04AF803252846AEE7000019
:105D500010B5D0F8D41200EB8101D1F8C022012196
:105D60001AB1D2F8143213B116E0032010BD01218C
:105D7000C2F814120949D2F81032097801F00F0460
:105D800004EB840400EB84046361D2F81032D2F88F
:105D9000082200F0A8FB0021084610BDE002002008
:105DA00010B5D0F8B82200245268904700B10324FF
:105DB000204610BD0020704700207047134610B5E4
:105DC0000A46002100F0E5FA002010BD134610B588
:105DD0000A46002100F087FB002010BD10B50446E4
:105DE000802100F061FB2046BDE81040002100F05A
:105DF0005BBB10B50323C0F89432C0F85421C0F83F
:105E000058211346C0F864110A46002100F0C1FA77
:105E1000002010BD10B50521C0F8941200231A46C9
:105E2000194600F0B6FA002010BD10B50223C0F8E4
:105E3000943242618261134641620A46002100F0B9
:105E400052FB002010BD10B50421C0F894120023AD
:105E50001A46194600F047FB002010BD10B50A464F
:105E6000024903A000F00FF9004810BDBC0A002051
:105E700043444320436F6E66696700001220088028
:105E8000004870476000002010B50A46024903A090
:105E900000F0F9F8004810BDBC0A0020434443203C
:105EA000496E7465726661636500000004200880B5
:105EB000004870475C00002010B50A46024903A064
:105EC00000F0E1F8004810BDBC0A002053544D69B1
:105ED00063726F656C656374726F6E6963730000E3
:105EE00010B50A46024903A000F0CDF8004810BDE5
:105EF000BC0A002053544D333220566972747561C8
:105F00006C20436F6D506F727400000010B51A2042
:105F100008800A480168001D0468001D0068081810
:105F200009D008220649FDF731FE05490422103147
:105F30002046FDF72BFE0248801E10BD107AFF1F81
:105F400076000020F8B504460020ADF8000048882F
:105F50000D46010A08295FD2DFE801F05E04091747
:105F60005E5E3C45D4F8B412207C0A6819E0207CBF
:105F700002260028D4F8B80205D0C16A68468847CE
:105F80000146467039E0816AF8E7C0B2062843D27C
:105F9000DFE800F0030A1014181CD4F8B4024268B9
:105FA00005E0694690471CE0D4F8B402826892B3D9
:105FB000207CF6E7D4F8B402C268F8E7D4F8B4025B
:105FC0000269F4E7D4F8B4024269F0E7D4F8B40205
:105FD0008269ECE7207CF0B9D4F8B802416B6846DE
:105FE0008847014609E0207CA8B9D4F8B802016BC3
:105FF00068468847014607204870EA888AB1BDF89C
:10600000000040B1824200D90246ADF8002020468F
:10601000FFF70BFFF8BDFFE729462046FFF7DEFE3E
:10602000F8E72046FFF70FFFF4E778B50E46428801
:106030000178002504468A4212D9ADF800100AE022
:10604000694600F019F84178052904D181780546A0
:10605000B14205D000256188BDF800209142EFD8FB
:10606000284678BD0146002002E0401CC0B2491C11
:106070000A78002AF9D170470A8803781A440A80FE
:1060800001780844704770B516460D46002820D0A8
:106090000446FFF7E7FF022101EB40014FF40070D7
:1060A000814204D82046FFF7DDFF4000801C30808D
:1060B00030782870032068700220002206E02954FE
:1060C000401CC0B22A54401CC0B2641C2178002974
:1060D000F5D170BD01004FF0000004D0012901D0BE
:1060E000022901D0032070470120704778B10023B6
:1060F000C0F8B832C0F8C432C0F8D03209B1C0F824
:10610000B412012180F89C12027000F0CFB8032075
:10611000704710B5D0F8C802FCF7BCFABDE81040D3
:10612000FFF7D8BF10B5D0F8C802FCF78EFABDE86B
:106130001040FFF7CFBF70B50446002521B194F899
:106140009C02032846D050E0D4F8941204F11400C5
:10615000022939D1818942688A420AD9511A41609B
:10616000828901691144016142682046FFF72EFED1
:106170000FE0914214D10068884211D3D4F89812EC
:1061800088420DD2002211462046FFF71FFEC4F8B8
:10619000985200231A461946204600F0FAF813E0F8
:1061A00094F89C02032808D1D4F8B802C16821B140
:1061B000C4F8D452C168204688478021204600F0A8
:1061C00073F92046FFF726FE94F8A00268B184F820
:1061D000A0520AE0D4F8B802426932B1C4F8D452ED
:1061E000426920469047002800D1002070BD10B5BC
:1061F0000446002221B194F89C02032834D03EE0EA
:10620000D4F8941204F5AA70032938D1818943681F
:106210008B420ED9591A416082890169114401618A
:1062200042688089824200D802462046FFF7C6FDB8
:1062300025E094F8AA0210F01F0003D0012802D034
:10624000022800D0002294F89C02032808D1D4F838
:10625000B802016921B1C4F8D422016920468847F7
:106260002046FFF7F0FD0AE0D4F8B802836933B1A5
:10627000C4F8D422826920469047002800D100202B
:1062800010BD0020704710B50024012180F89C1239
:10629000D0F8B82222B152680179904700B10324A6
:1062A000204610BDD0F8C802FCF721BA10B501781D
:1062B00039BB15490222C1F8E004C0F8C8124FF0FA
:1062C000A040086004200871CA71002088714A72D9
:1062D0008872C87208738873C8730846FCF766FD35
:1062E00008B1FBF7E6F880210748FCF75EF9402289
:1062F00000210548FCF75DF9802201210248FCF7E6
:1063000058F9002010BD0000DC1E00200A0601F034
:106310007F01D0F8C80201EBC10100EB810001D57B
:10632000807D704790F85602704710B5D0F8D4229F
:1063300000EB8202D2F8B82222B190F89C32032BF3
:1063400002D004E0032010BD126A02B19047002081
:1063500010BD10B5D0F8D42200EB8202D2F8B822DA
:1063600022B190F89C32032B02D004E0032010BD30
:10637000526A02B19047002010BD10B51C4613466A
:10638000D0F8C8022246FCF7BBF9BDE81040FFF781
:10639000A1BE10B5D0F8C802FCF7E3F9BDE8104083
:1063A000FFF798BE2DE9F04100260125044680F84C
:1063B0009C52C4F894626660C4F8A46280F8A0623B
:1063C000D0F8B80230B1426822B10021204690478F
:1063D00000B103260022402311462046FFF7CDFFDF
:1063E000402784F86351A4F860713B460022802165
:1063F0002046FFF7C2FF84F8235027843046BDE8CB
:10640000F08190F89C12042903D190F89D1280F835
:106410009C120020704710B590F89C12032905D1FA
:10642000D0F8B81211B1C96901B18847002010BD78
:1064300001740020704710B5D0F8C802FCF77CFD4D
:10644000BDE81040FFF746BE70B5044600F2AA2032
:10645000054600F051F80120C4F89402B4F8B002E7
:10646000C4F8980294F8AA0210F01F010AD001297A
:106470000ED0022912D000F080012046BDE8704005
:1064800000F012B829462046BDE8704000F0D0B8B0
:1064900029462046BDE8704000F013BA2946204640
:1064A000BDE8704000F05AB910B5D0F8C802FCF74A
:1064B00074F9BDE81040FFF70DBE10B5D0F8C80262
:1064C000FCF754FDBDE81040FFF704BE90F89C12A5
:1064D000042903D090F89C1280F89D12042180F8C2
:1064E0009C120020704710B5D0F8C802FCF78EF956
:1064F000BDE81040FFF7EEBD70B5054611F8010B81
:106500002870087868704C1C2046FEF72BFF6880C6
:10651000A41C2046FEF726FFA880A01CFEF722FF41
:10652000E88070BD38B504460020ADF80000A1B188
:10653000C4F8B812D4F8D40204EB8000D0F8B80242
:10654000C16A19B168468847C4F8D002D4F8D802A5
:10655000401CC4F8D802002038BD032038BD0246D4
:106560000020D2F8B832002B02D01B681046184722
:10657000704700002DE9F04188462B4E89780025B0
:1065800004463170012906D941462046FFF726FC12
:106590000320BDE8F08194F89C02022702280CD069
:1065A00003281DD041462046FFF718FC31782046CD
:1065B000FFF7F6FB03252846EBE789B32046616029
:1065C000FFF7CDFF050004D041462046FFF706FC4B
:1065D0001DE02046FFF737FC032084F89C02EAE721
:1065E000C1B1606888421BD0C1B22046FFF7D8FB1A
:1065F000317820466160FFF7B2FF050010D04146B8
:106600002046FFF7EBFB21792046FFF7C9FB84F812
:106610009C72D0E784F89C7220466160FFF7C0FB53
:106620002046FFF710FCC6E7DE020020FFF745BF5B
:106630002DE9F0410A78002512F060020CD0202AE2
:1066400001D0402A7DD1D0F8D42200EB8202D2F8CA
:10665000B8229268904731E04B78002201260A2B3D
:106660006FD2DFE803F041666E586E08056E2D2983
:10667000FFF768FC67E004468888D8B9C888C8B9BD
:106680004888802816D200F07F0794F89C020328DF
:1066900010D084F89E7239462046FFF7CCFE204683
:1066A000FFF7D1FB1FB1022084F89C024BE084F875
:1066B0009C6248E0204644E0FFF75CFF054642E06C
:1066C000CB88012B3DD190F89C32012B04D0022BBA
:1066D00002D0032B35D104E08260012200F10801D1
:1066E00016E00122011D13E090F89C22012A03D03C
:1066F000022A01D0032A24D1CA88022A21D1C660E5
:10670000D0F8A41209B10321C160022200F10C01EA
:10671000FFF78BFB17E04A88012A02D0022A03D038
:106720000FE0C0F8A46216E08988090A80F8A01278
:1067300011E090F89C32012B08D0022B06D0032BDD
:1067400004D0FFF74BFB2846BDE8F08149880129BA
:10675000F9D1C0F8A422FFF776FBF4E72DE9F04168
:10676000054608780C790E464FF0000810F06000DE
:106770000BD0202801D040286BD121462846FFF7B6
:1067800019FBFF2800D0D8B398E07078C8B301286F
:1067900024D003285DD195F89C02022802D003285A
:1067A00057D10CE0002C54D0802C52D021462846E2
:1067B000FFF77AFE80212846FFF776FE7EE070889C
:1067C00040B93CB1802C05D0C88818B9214628466C
:1067D000FFF76AFE2846FFF736FB6FE095F89C024C
:1067E0000228DFD0032866D1708888BB600603D0FA
:1067F00021462846FFF78DFC2846FFF724FBBCE71F
:1068000000E00AE0C5F8D402D5F8B8028268FAB10F
:10681000314628469047804650E095F89C02002774
:10682000022802D0032846D114E00CB1802C42D1BA
:10683000200604F07F0000EB800005EB800101D50D
:10684000143101E001F5AA71022201F80E7F2EE059
:1068500034E030E0200604F00F0000EB800005EB90
:1068600080000AD590F8230028B304F07F0000EBE5
:10687000800005EB800614360AE090F86301D0B181
:1068800004F07F0000EB800005EB800606F5AA7699
:106890004CB1802C07D021462846FFF737FD10B1B8
:1068A0000120B07300E0B773022206F10E01284602
:1068B000FFF7BBFA02E02846FFF790FA4046BDE832
:1068C000F08170B50546087800240E4610F060008F
:1068D00003D0202801D0402827D195F89C02012818
:1068E00003D0022801D003281FD1B088C1B20129EA
:1068F0001AD8C1B22846FFF75FFAFF280CD058B962
:10690000D5F8B8128A683AB1C5F8D4028A68314617
:1069100028469047044600E00324F088204307D12E
:106920002846FFF790FA03E031462846FFF756FA6B
:10693000204670BD7047000000487047BC1C002016
:1069400070B50A78012302F00F054E78AB401B4C5E
:10695000D0F81C58012E17D045EA0343C0F81C3864
:1069600000EB4210D0F8002B12040BD4D0F8002B0F
:106970000B890979C3F30A031A4344EA81410A43A4
:10698000C0F8002B002070BD9BB21D43C0F81C58FE
:1069900000EB4210D0F800391B04F3D4D0F80039D2
:1069A0000D890979C5F30A0589042B4341EA82510F
:1069B0000B432343C0F80039E4E7000000800010D7
:1069C000D0F800196FF30A01C0F80019D0F80418C4
:1069D00041F48071C0F804180020704770B50D466E
:1069E0000446C2F3072104981E4601291BD0E06823
:1069F00040F04000E060204600F032F8C6F3072186
:106A00000029A16B26D021F48031A163C5F3074191
:106A1000012907D1A16841F00601A160A16841F0F8
:106A20002001A16070BDA16B21F48031A163E168F8
:106A30000A4A1140E160E16821F44011E160C0B20E
:106A4000012803D1E06840F48010E060204600F0A7
:106A500007F8DBE741F48031D7E70000BFFFBDFF57
:106A600008B5002100914FF07061009A521C00920D
:106A70008A4210D80269002AF7DA0A220092521ECE
:106A80000092FCD1026942F001020261009A521C9C
:106A900000928A4201D9032008BD0269D207F5D1CC
:106AA000002008BD30B54C780A78012300EB421273
:106AB000012C2CD0D2F8004B002C0BDAD2F8004B72
:106AC00044F00064C2F8004BD2F8004B44F080441C
:106AD000C2F8004BD0F83C580C7804F00F0403FACD
:106AE00004F425EA0444C0F83C48D0F81C4809786E
:106AF00001F00F018B4024EA0341C0F81C18D2F8C2
:106B0000000B19490840C2F8000B002030BDD2F834
:106B10000049002C0BDAD2F8004944F00064C2F8B6
:106B20000049D2F8004944F08044C2F80049D0F846
:106B30003C480D7805F00F0503FA05F5ADB2AC43FE
:106B4000C0F83C48D0F81C48097801F00F018B4090
:106B500099B28C43C0F81C48D2F800090349084098
:106B6000C2F80009D1E700000078F3EF007833ECB9
:106B7000D0F8001E21F00301C0F8001ED0F8041860
:106B800021F00201C0F8041800207047D0F8001E60
:106B900021F00301C0F8001ED0F8041841F00201F2
:106BA000C0F80418002070472DE9F04F00250E466C
:106BB000044617462846294604EB8002C2F8041111
:106BC000401C0F28F8D3C3F307405FEA00092046B2
:106BD00016D0806B20F40012A263A06B40F4002258
:106BE000A263084688462146C4F8000EC7F3072072
:106BF000012817D00846D1F8001841F0030118E029
:106C0000D0F8040840F00202C4F80428A06B40F455
:106C10000012A263A06B20F40022A263A06B20F4F8
:106C20008022DDE7300E0846D1F8001801D041F08F
:106C30000101C0F80018102100F08BFA00B1012505
:106C4000204600F06AFA00B101254046C4F81088D9
:106C5000C4F81488C4F81C8800214FF0006B4FF072
:106C6000904E4FF67F3AF2B215E000BF04EB4113AD
:106C7000D3F800C9BCF1000F06DA11B1C3F800E97E
:106C800004E0C4F800B901E0C3F80009C3F8100932
:106C9000C3F808A9491C8A42E8D8002115E000BFC2
:106CA00004EB4113D3F800CBBCF1000F06DA11B1AD
:106CB000C3F800EB04E0C4F800BB01E0C3F8000B2C
:106CC000C3F8100BC3F808AB491C8A42E8D8D4F8C3
:106CD000101821F48072C4F81028A0616FF0804071
:106CE0006061C6F3074018B9A06940F01000A061C8
:106CF000A0690A490843A061C7F3074018B1A06919
:106D000040F00800A061B9F1010F03D1A069044966
:106D10000843A0612846BDE8F08F000000383C80A1
:106D200004000040816821F001018160002070476B
:106D300010B5036C134CA34203D9D0F8003B002BD1
:106D40001EDB0023C0F8103BD0F8103B43F40023B7
:106D5000C0F8103BD0F8103B43F01803C0F8103BCC
:106D6000D0F8103B43F0C043C0F8103B012907D1D5
:106D7000C0F8142BD0F8001B41F08021C0F8001B94
:106D8000002010BD0A30544F4A780B78012A00EBDE
:106D900043100BD0D0F8002B22F40012C0F8002BC7
:106DA0000979032914D0022912D017E0D0F800295C
:106DB00022F40012C0F800290979032901D0022920
:106DC0000CD1D0F8001941F08051C0F8001905E04D
:106DD000D0F8001B41F08051C0F8001B0020704724
:106DE0000A784B78D1B200EB4110012B12D0D0F8C9
:106DF000001B002906DB2AB1D0F8001B21F08041DE
:106E0000C0F8001BD0F8001B41F40011C0F8001BB3
:106E100000207047D0F80019002906DB2AB1D0F80D
:106E2000001921F08041C0F80019D0F8001941F490
:106E30000011C0F80019EBE7F8B50C784F788B4DCE
:106E4000E3B26FF0604600EB4313012F29D0D3F873
:106E5000107B6FF31207C3F8107BD3F8107B2F4021
:106E6000C3F8107B002C7DD00D69002D7BD08C6881
:106E700025446D1EB5FBF4F5ADB26C430C62D3F83E
:106E8000104B06EAC5452C43C3F8104BD3F8104B02
:106E90000D6AC5F312052C43C3F8104B012A70D0BC
:106EA000CBE00F69EFB1D3F810796FF31207C3F895
:106EB0001079D3F810792F40C3F810790CB30F690B
:106EC0008D682F447F1EB7FBF5F5D3F81079ADB26E
:106ED00006EAC5463743C3F810790E79012E1CD057
:106EE0002AE0D3F810692E40C3F81069D3F810597E
:106EF00045F40025C3F81059D3F810596FF3120563
:106F000020E00E698D68AE4200D90D61D0F81059AD
:106F100045F40026C0F810690EE0D3F8106926F099
:106F2000C046C3F81069D3F810694FF0C04707EAAC
:106F300045752E43C3F81069D3F810590E69C6F38E
:106F400012063543C3F81059012A1BD000EB441335
:106F5000D3F8004944F00444C3F800490C79012CEB
:106F600031D001E044E057E00A695AB3D0F8342840
:106F7000097801F00F03012199400A43C0F8342831
:106F800071E056E0CA691AB100EB4413C3F8142942
:106F9000097901290ED1D0F80818C90500EB441170
:106FA000D1F8002902D442F0005201E042F08052B0
:106FB000C1F8002900EB4410D0F8001941F0044159
:106FC000C0F800194FE0D0F80848E405D3F80049AC
:106FD00002D444F0005401E044F08054C3F8004966
:106FE00000920A8A93B20A78C96800F0DFF93AE0A1
:106FF0000C690CB18C680C618C680C62D0F8105B69
:10700000C4F312042543C0F8105BD0F8104B44F4CD
:107010000024C0F8104B41E7D3F8104B8D68C5F33E
:1070200012052C43C3F8104BD3F8104B44F4002442
:1070300032E7CA680AB1C3F8142B097901290CD1C7
:10704000D0F80808C005D3F8000B02D440F0005077
:1070500001E040F08050C3F8000BD3F8000B40F083
:107060000440C3F8000B0020F8BD0000FFFF07E05C
:1070700038B50022009213464D780A7842F2107417
:1070800000EB4212012D19D0D2F8005B002D3CDA42
:10709000D2F8005B45F00065C2F8005B0A7800EBAF
:1070A0004212D2F8005B45F08045C2F8005B009ABE
:1070B000521C0092A24221D9012326E0D2F80059A5
:1070C000002D22DAD2F8005945F00065C2F80059C7
:1070D0000A7800EB4212D2F8005945F08045C2F818
:1070E0000059009A521C0092A242E5D80A7800EB9F
:1070F0004212D2F80029002AF3DB06E00A7800EBFE
:107100004212D2F8002B002AD1DB184638BD816824
:1071100041F0010181600020704708B500214FF067
:1071200070620091009B5B1C009393420AD8036934
:10713000002BF7DA0091102101610099491C0091A0
:10714000914201D9032008BD0169C906F5D4002088
:1071500008BD18B500224FF070630092009C641CBB
:1071600000949C420CD80469002CF7DA009220228B
:1071700042EA811101610099491C0091994201D9AB
:10718000032018BD01698906F5D4002018BDD0F888
:10719000080810F0060004D0022803D0062801D009
:1071A0000F20704702207047406900F001007047CF
:1071B000D0F81818D0F81C08084080B27047D0F8F2
:1071C0001818D0F81C080840000C704710B5D0F80B
:1071D0001038D0F8342801F00F0400EB4110E240E1
:1071E00002F00102D0F8080943EAC212104010BDB3
:1071F00000EB4111D1F8081BD0F814080840704783
:10720000416980690840704730B5034608469408D4
:1072100002F00301002203F5805303E01D6840F8EB
:10722000045B521CA242F9D300290BD01C68002237
:10723000D50024FA05F3491E521C090400F8013B4D
:10724000090CF5D130BD70B50446C068002520F0AA
:10725000C040E060012901D079B120E0E06840F051
:107260000050E0600A20FAF7F1FF60690A3510F07B
:10727000010F10D1C82DF5D30DE0E06840F080403B
:10728000E0600A20FAF7E2FF60690A3510F0010FAA
:1072900001D0C82DF5D3C82D01D0002070BD01202C
:1072A00070BDD0F8002822F4FE62C0F80028D0F8A3
:1072B00000284FF4FE6303EA01110A43C0F80028D6
:1072C00000207047022A3ED1264A274B0A449A42A0
:1072D00001D20F2138E0254A254B0A449A4201D2B7
:1072E0000E2131E0234A244B0A449A4201D20D2157
:1072F0002AE0224A224B0A449A4201D20C2123E07E
:10730000204A214B0A449A4201D20B211CE01F4A19
:107310001F4B0A449A4201D20A2115E01D4A1E4B16
:107320000A449A420FD31D4A1D4B0A449A4201D285
:10733000082109E01B4A11441B4A914201D207214E
:1073400002E0062100E00921C26822F47052C26006
:10735000C2684FF4705303EA81210A43C2600020DF
:1073600070470000405327FF00350C00401E1BFFF4
:1073700040420F0000DC0BFF804F1200808CF9FEB2
:1073800020D6130060B6E5FE60E3160000D3CEFE03
:1073900040771B00C05BB3FEC091210000CA91FE84
:1073A00020753800E05459FEE09C410010B5029C65
:1073B00074B9DB1C9C0800EB0230002300F5805000
:1073C00004E000BF51F8042B02605B1CA342F9D318
:1073D000002010BD70B504460078422817D16078AF
:1073E000522814D1A0781B4D18B1CD2810D0FF28F9
:1073F0000DD1194890ED010A184885ED020AB0F93F
:107400000E0000EE100AB8EEC00A85ED010A70BD4C
:10741000E1782046491D00F099F80028F7D060680F
:107420009FED0F1A00EE100ADFED0E0A04F10800BE
:10743000064640EE010AC5ED020AFDF705FD85EDA1
:10744000010A6068E8603046FDF7FEFC85ED040A3D
:1074500070BD00005C010020B4620020906200203A
:107460009AF9A244A3EA853F00B52449244B89B088
:107470000A69B3EE0B0A9A4201DB00EE102A214A98
:107480009FED211AD2ED010ACA89ADF81C204222D3
:107490008DF80020522270EEC10A8DF801208DF87F
:1074A0000200CD281FD1194A1088431C1380C82818
:1074B00001D3002010800F208DF803008DED010A0C
:1074C000CDED020ABDF81C00ADF80C001088ADF837
:1074D0000E00887E8DF810008888ADF81100142108
:1074E0006846F9F7DBF919216846F9F769FB1C21B1
:1074F0006846F9F727F809B000BD00009062002047
:107500000000A040B4620020A3EA853F5C01002097
:10751000FEE7000008B501F033F9094E094C0A4DA9
:10752000CDF8000096ED010A2A4684ED000A0121FB
:107530000448FCF729FD0F21684600F0B1FCF1E793
:10754000B4620020D80200200010014070B50C4643
:1075500005000CD0022C0AD9FF22611EFAF7CCF8E4
:10756000291911F8011C814201D1012070BD0020B0
:1075700070BD0907090E002804DB00F1E02080F847
:107580000014704700F00F0000F1E02080F8141D97
:107590007047D0ED000AF4EEC00AF1EE10FA01DDFA
:1075A00080ED000AD0ED000AB1EE400AF4EEC00A08
:1075B000F1EE10FA01D280ED000A7047012131EEA0
:1075C000601A814070EE600A491E00EE101AB8EE93
:1075D000C00A20EE800AC0EE010ABDEEE00A10EEFD
:1075E000100A704710EE102A0021CB0022FA03F394
:1075F0004354491CC9B20429F7D37047DFED052A6B
:10760000C0ED002AC0ED012AC0ED022A0C3080EC4A
:10761000050A704700000000FAF730FFFDF74AFF47
:10762000FCF760FFFCF796FEFCF74CFEFCF76EFEE5
:10763000FCF786FFFCF7E0FFFCF7C2FFFCF7B8FEA3
:1076400000F00EF8FEE701460020842900D0C81C97
:10765000704710B500B9012000F0FCFB002010BD00
:1076600010B500F0DFFC002010BD7FB50D460446CC
:107670004169B0F9080081B1A16971B1FFF7E3FF79
:10768000D4E905128DE80700D4E900102B462269E1
:1076900001F03DF8039004B070BDFFF7D4FF03A9DB
:1076A000CDE90001208A2B4682B2D4E9001001F016
:1076B00001F8012801D00020EDE70398EBE7000076
:1076C0002DE9F041184C0F460546E6682068001D7C
:1076D00000F0CEFA38B9206890F82C1001208840CC
:1076E000216981432161681C07D137B12168BDE858
:1076F000F0410E48091D00F0FFBA20683544B5423C
:107700004560216805D2A06BBDE8F041091D00F07D
:10771000DBBA606B091D00F0D7FAA06A854200D27F
:10772000A562BDE8F0810000B40000209C24002088
:107730002DE9F041054600F0EBFA2E4CA068401C04
:10774000A06020682C4F10B1606940B32DE0256027
:10775000A068012829D1002606EB860007EB8000EF
:1077600000F0A4FA761C072EF6D323488C3000F0E4
:107770009DFA2148A03000F099FA1F48B43000F07B
:1077800095FA1D48C83000F091FA1B48DC3000F033
:107790008DFA19488C3060631430A06305E02068CE
:1077A000E96AC06A884200D82560606A401C60624D
:1077B000E96A0120226988401043206101EB8100C1
:1077C00007EB8000291D00F097FA00F0C1FA60690C
:1077D00000280CD02068E96AC06A884207D20749AD
:1077E0004FF080500860BFF34F8FBFF36F8FBDE83D
:1077F000F0810000B4000020C023002004ED00E070
:1078000030B4026C0B46002A0BD0C1681144C16031
:107810008468A14201D30168C16030BC1846F8F702
:107820001ABE30BC70472DE9F041856B17460446FF
:107830000026026C82B1C7B1E068F8F70CFEE1687F
:10784000206C091AE1602268914202D2A168081AEC
:10785000E060022F16D017E02068A8B9A06800F0F9
:10786000FBFF06460020A0600EE06068F8F7F3FD1D
:10787000216C606808446060A168884204D3206875
:10788000606001E005B16D1E6D1CA5633046BDE86A
:10789000F08110B5044690F8510058B101280CD081
:1078A00002280FD0502080F31188BFF34F8FBFF311
:1078B0006F8FFEE7206B00F05FFA2046BDE81040B6
:1078C00000F05ABA10BD000010484FF47051420742
:1078D00006D0C01D0D4920F00700411AC1F57051B6
:1078E0000B4A00230144C2E900030839183A21F089
:1078F000070111604B600B600B1AC0E90013936025
:107900004FF000405360506170470000B0240020E9
:1079100008010020144E154CA6F1C8074FF08058FE
:10792000DFF84C9012E000BF00F0F2F9F068C56893
:10793000281D00F09DF9A068401EA0606068401EF0
:10794000606000F005FA2846FFF7A3FF6068002892
:10795000EAD138680128F9D9C9F80080BFF34F8F00
:10796000BFF36F8FF2E7000088240020B4000020EE
:1079700004ED00E00346009829B10260C0E90F3130
:10798000012100F06DBC0060F8E72DE9F0479A4650
:10799000DDE9098481466FF00303206B03EB82026B
:1079A0001044089E20F00707780707D0502080F386
:1079B0001188BFF34F8FBFF36F8FFEE7002561B1D2
:1079C000002023180A5C83F834200A5C12B1401CA2
:1079D0001028F6D384F8435001E084F83450072E81
:1079E00000D30626E662C4E91165201D00F069F99E
:1079F00004F1180000F065F92461C6F10700646223
:107A0000A061E56484F8505052464946384600F07B
:107A100005F92060B8F1000F01D0C8F80040BDE8BA
:107A2000F087000030B5114900E011460A68824233
:107A3000FBD34B685C18844203D14068184448600B
:107A4000084643681C18944209D1084C183C246825
:107A5000A24209D052681A4442600A681268026061
:107A6000814200D0086030BD0460F9E708010020C1
:107A700010B5044600F04CF9A06B28B15FF000048B
:107A800000F066F9204610BD0124F9E70648416B75
:107A9000096829B1416BC968C96849688162704742
:107AA0004FF0FF31FAE70000B400002008484068BA
:107AB000401C4FF0500080F3118804D0BFF34F8F6B
:107AC000BFF36F8FFEE7BFF34F8FBFF36F8FFEE7FC
:107AD000100100202DE9F041044600F019F994F955
:107AE000455004F1240609E0606A48B1304600F0D0
:107AF000FFFE08B100F078FA6D1E6DB2002DF3DCC8
:107B00004FF0FF3684F8456000F022F900F000F9EC
:107B100094F9445004F1100709E0206948B138464F
:107B200000F0E6FE08B100F05FFA6D1E6DB2002DA8
:107B3000F3DC84F84460BDE8F04100F009B90000CE
:107B40002DE9F0410546002700F0A2FA324E3068D8
:107B500008B9FFF7B9FE706905424ED1C5B30835C3
:107B600068070ED005F00700C0F10800054468075B
:107B700007D0502080F31188BFF34F8FBFF36F8F72
:107B8000FEE72DB37068854237D823481830014688
:107B90000C6801E020460C466168A94202D22168C7
:107BA0000029F7D131688C4227D00768216801602D
:107BB00060680837411B10290FD96019420708D0A7
:107BC000502080F31188BFF34F8FBFF36F8FFEE714
:107BD00013E041606560FFF725FF61687068401A37
:107BE0007060B268904200D2B060706901430020BA
:107BF000C4E90001F068401CF06000F0B3FE7807B3
:107C000007D0502080F31188BFF34F8FBFF36F8FE1
:107C1000FEE73846BDE8F081F000002010B5031FF4
:107C20004FF080741C601B1F21F001011960191FA7
:107C3000044B0B6014390A60091F6FF002024438CC
:107C40000A6010BDAD7A000801EE100A70EEC00A9D
:107C50000120B8EEC11A8840401E21EE201A00EE25
:107C6000900AF8EEE01AC1EE210A30EE800A704761
:107C7000D0E9013201699A60D0E901235A604A686B
:107C8000824201D182684A60002202610868401E77
:107C90000860086870470000034B036003F154005C
:107CA00008608020106070476C03002000F108011C
:107CB0004FF0FF32C0E90112C16001610021016093
:107CC000704700210161704730B50B685A1C02D023
:107CD00000F1080202E0026904E0224654682568C7
:107CE0009D42FAD953684B6099608A60516008617F
:107CF0000168491C016030BD42684A6093688B602E
:107D000093685960916008610168491C016070477F
:107D1000502080F31188BFF34F8FBFF36F8F0A4954
:107D20004868401C486001280CD10848006810F0E1
:107D3000FF0F07D0502080F31188BFF34F8FBFF3A0
:107D40006F8FFEE7704700001001002004ED00E097
:107D50000849486828B1401E486001D180F3118865
:107D60007047502080F31188BFF34F8FBFF36F8FA0
:107D7000FEE700001001002070B500282AD0164D43
:107D8000A0F1080460686969084207D1502080F3B7
:107D90001188BFF34F8FBFF36F8FFEE722683AB1B0
:107DA000502080F31188BFF34F8FBFF36F8FFEE732
:107DB0008843606000F06CF9606869680844686036
:107DC0002046FFF72FFE2869401C2861BDE870405F
:107DD00000F0C8BD70BD0000F00000204FF0E020B2
:107DE00000210161816105494FF47A720968B1FB94
:107DF000F2F1491E4161072101617047B000002086
:107E000010B5F8F78DFA114910280ED300F1E020D3
:107E100090F8F0030A78904207D2502080F311883E
:107E2000BFF34F8FBFF36F8FFEE709480068896883
:107E300000F4E060884207D9502080F31188BFF336
:107E40004F8FBFF36F8FFEE710BD000010010020C1
:107E50000CED00E010B5020014D00F48006B38B1F3
:107E6000502080F31188BFF34F8FBFF36F8FFEE771
:107E700000F00EF900211046FFF722FC00F072FD21
:107E8000002807D105494FF080500860BFF34F8F9D
:107E9000BFF36F8F10BD0000B400002004ED00E0C0
:107EA00070B50D4604000BD095B11E4A106BB8B1E9
:107EB000502080F31188BFF34F8FBFF36F8FFEE721
:107EC000502080F31188BFF34F8FBFF36F8FFEE711
:107ED000502080F31188BFF34F8FBFF36F8FFEE701
:107EE00000F0D6F8D26823685919934204D98B421E
:107EF0000AD9914202D807E08B42FAD9881A216048
:107F00000021FFF7DDFB00E0216000F02BFD0028E1
:107F100007D105494FF080500860BFF34F8FBFF382
:107F20006F8F70BDB400002004ED00E070B5054611
:107F3000FFF7EEFE254C05B92568281DFFF798FED2
:107F400058B9E86A224A00EB800152F8211021B9A1
:107F500001218140206988432061A86A18B105F198
:107F60001800FFF785FE606A401C60622068854249
:107F700008D11748291DC830FFF7BEFE6068401CB5
:107F8000606007E0A068401EA0602846FFF781FC03
:107F9000FFF77CFDFFF7DCFE6069002814D0206845
:107FA000854211D1206B38B1502080F31188BFF386
:107FB0004F8FBFF36F8FFEE706494FF08050086088
:107FC000BFF34F8FBFF36F8F70BD0000B400002070
:107FD000C023002004ED00E002490A6A0260C9687B
:107FE00041607047B400002001490120C86170471A
:107FF000B400002010B50C4650B109490968183189
:10800000FFF762FE2046BDE810400121FFF758BB94
:10801000502080F31188BFF34F8FBFF36F8FFEE7BF
:10802000B400002010B586B00024039405AA04A96A
:1080300003A80494FFF730FEDDE903010094CDE9C5
:10804000011000230EA11048059A00F060FB0F49B3
:108050000028C86211D0502080F31188BFF34F8FE1
:10806000BFF36F8F4FF0FF30886201204861CC6012
:1080700006B0BDE8104000F041B806B010BD0000E9
:1080800049444C450000000015790008B400002068
:108090000248016B491C016370470000B4000020D6
:1080A0001448016B11B10121C16170470021C16108
:1080B0000169B1FA81F1C1F11F0101EB81020E49A1
:1080C00051F822306BB101EB820101F108034A68DB
:1080D00052684A609A4201D152684A60D168016090
:1080E0007047502080F31188BFF34F8FBFF36F8F1D
:1080F000FEE70000B4000020C02300201CB5374874
:108100000168374A914207D1502080F31188BFF3AC
:108110004F8FBFF36F8FFEE700683149491E8842D9
:1081200007D1502080F31188BFF34F8FBFF36F8FBB
:10813000FEE72C4908780190FF20087008788DF838
:1081400000009DF800009DF8002000F0F000904233
:1081500007D0502080F31188BFF34F8FBFF36F8F8C
:10816000FEE79DF80000204C00F050002070072032
:10817000A06005E09DF8002052008DF80020401E10
:108180009DF800201206F5D4A060032807D05020E7
:1081900080F31188BFF34F8FBFF36F8FFEE74FF46B
:1081A0004070A060019808700C482030016841F4CC
:1081B00070010160016841F070410160FFF70EFE3F
:1081C00000206060F8F774F80848016841F0404109
:1081D0000160F8F759F800201CBD000000ED00E038
:1081E00071C20F4100E400E01001002034EF00E014
:1081F00010B5502080F31188BFF34F8FBFF36F8FFE
:1082000000F0C4FA18B104494FF080500860002013
:1082100080F3118810BD000004ED00E0F8B51746AA
:108220000E46050013D005FB06F04830FFF788FC2A
:1082300004000AD0002084F8460004F148023B46BE
:10824000314628460094FFF795FB2046F8BD5020A4
:1082500080F31188BFF34F8FBFF36F8FFEE70000ED
:1082600070B50D46040025D0FFF752FDD4E90F206C
:10827000216802FB0011A1600021A16321686160F7
:108280000A46D4E90F01401E00FB0121E1602146AE
:108290004FF0FF3001F8440F487004F110008DB129
:1082A000FFF704FD04F12400FFF700FDFFF750FD88
:1082B000012070BD502080F31188BFF34F8FBFF3B2
:1082C0006F8FFEE721690029F0D000F011FB002834
:1082D000ECD004494FF080500860BFF34F8FBFF3DC
:1082E0006F8FE3E704ED00E02DE9FF4782B01D4604
:1082F0008A464FF00008040003D0BAF1000F08D0FE
:1083000011E0502080F31188BFF34F8FBFF36F8FC0
:10831000FEE7206C38B1502080F31188BFF34F8FF7
:10832000BFF36F8FFEE7022D0AD1E06B012807D063
:10833000502080F31188BFF34F8FBFF36F8FFEE79C
:1083400000F010FA3F4F4FF000094FF0805648B947
:10835000049838B1502080F31188BFF34F8FBFF3DA
:108360006F8FFEE7FFF7D4FCA06BE16B884207D369
:10837000022D05D00498D0B1B8F1000F1AD01EE03C
:108380002A4651462046FFF74EFA616A19B104F1B8
:10839000240000F0ADFA20B13E60BFF34F8FBFF371
:1083A0006F8FFFF7D5FC012006B0BDE8F087FFF71F
:1083B000CFFC22E06846FFF70FFE4FF00108FFF701
:1083C000C7FCFFF765FEFFF7A3FC94F94400401CCF
:1083D00001D184F8449094F94500401C01D184F8FF
:1083E0004590FFF7B5FC04A9684600F029F930B1C3
:1083F0002046FFF76FFB00F0B5FA0020D4E7FFF747
:1084000087FCA06BE16B884213D1FFF7A1FC04F15C
:1084100010000499FFF7EEFD2046FFF75BFB00F02C
:10842000A1FA00289ED13E60BFF34F8FBFF36F8F3C
:1084300098E7FFF78DFC2046FFF74CFB00F092FA1F
:1084400090E7000004ED00E02DE9F0471F4690465C
:108450008946040003D0B9F1000F08D011E0502084
:1084600080F31188BFF34F8FBFF36F8FFEE7206C4F
:1084700038B1502080F31188BFF34F8FBFF36F8F57
:10848000FEE7022F0AD1E06B012807D0502080F3CD
:108490001188BFF34F8FBFF36F8FFEE7FFF7B0FC7C
:1084A0005020EFF3118680F31188BFF34F8FBFF395
:1084B0006F8FA06BE16B884206D3022F04D000209F
:1084C00086F31188BDE8F08794F94550A06B3A46D1
:1084D00049462046FFF7A7F9681C04D06D1C84F8B4
:1084E00045500120ECE7606A0028FAD004F124002E
:1084F00000F0FEF90028F4D0B8F1000FF1D001210E
:10850000C8F80010EDE700002DE9F747002683B01A
:108510008A46040003D0BAF1000F08D011E05020C1
:1085200080F31188BFF34F8FBFF36F8FFEE7206C8E
:1085300038B1502080F31188BFF34F8FBFF36F8F96
:10854000FEE700F00FF9DFF8F4804FF000094FF07C
:10855000805748B9059838B1502080F31188BFF38F
:108560004F8FBFF36F8FFEE7FFF7D2FBA56BC5B14F
:1085700051462046FFF744F96D1EA563206950B1AE
:1085800004F1100000F0B4F928B1C8F80070BFF38E
:108590004F8FBFF36F8FFFF7DBFB012006B0BDE805
:1085A000F087059808B11EB106E0FFF7D1FB27E080
:1085B0006846FFF711FD0126FFF7CAFBFFF768FDCC
:1085C000FFF7A6FB94F94400401C01D184F84490C5
:1085D00094F94500401C01D184F84590FFF7B8FBA1
:1085E00005A9684600F02CF8002820460AD0FFF7BD
:1085F00071FA00F0B7F92046FFF73AFA0028B3D035
:108600000020CBE7FFF734FA90B104F1240005997C
:10861000FFF7F0FC2046FFF75DFA00F0A3F9002811
:10862000A2D1C8F80070BFF34F8FBFF36F8F9BE7E5
:108630002046FFF74FFA00F095F995E704ED00E0CA
:108640002DE9F0410C46050011D0C4B1FFF760FBE5
:10865000174BDA686E682068911B471C17D02F688B
:108660001B6A9F4219D0964217D8012410E050206F
:1086700080F31188BFF34F8FBFF36F8FFEE7502059
:1086800080F31188BFF34F8FBFF36F8FFEE7002495
:10869000FFF75EFB2046BDE8F081884205D9401A0D
:1086A00020602846FFF798FCF1E700202060DCE717
:1086B000B40000202DE9FF5F8346DDE90E8799466F
:1086C00016468A469000FFF73BFA05001CD054205E
:1086D000FFF736FA040014D00020256384F8510017
:1086E000CDE90240CDE900874B4632465146584617
:1086F000FFF74BF92046FFF71BF8012004B0BDE857
:10870000F09F2846FFF738FB4FF0FF30F6E7F0B553
:1087100085B0DDE90B640A9DA6B1DCB15427009752
:108720002663022684F85160002604AFCDE9024694
:10873000CDE90057FFF729F92046FEF7F9FF049825
:1087400005B0F0BD502080F31188BFF34F8FBFF309
:108750006F8FFEE7502080F31188BFF34F8FBFF378
:108760006F8FFEE70548416919B1006B18B1002011
:10877000704701207047022070470000B4000020BD
:108780000148C06870470000B40000202DE9F041A6
:108790002F4C0026206B28B1A069401CA0613046F8
:1087A000BDE8F081E5686D1CE56013D1606B006881
:1087B00038B1502080F31188BFF34F8FBFF36F8F14
:1087C000FEE7606BA16B6163A063206A401C2062BE
:1087D000FFF75CF9A06ADFF87C80854209D3606B03
:1087E0000068A0B1606BC068C7687868854211D224
:1087F000A0622068C06A00EB800158F821000128BF
:1088000000D90126E0690028C9D00126C7E74FF04A
:10881000FF30EDE7381DFFF72BFAB86A18B107F102
:108820001800FFF725FAF96A0120226988401043F1
:10883000206101EB810108EB8100391DFFF75CFA33
:10884000F86A2168C96A8842C9D30126C7E70000CF
:10885000B4000020C023002070B504004FF00001D8
:1088600040D0214D2868844207D0502080F31188E1
:10887000BFF34F8FBFF36F8FFEE7A06C38B1401E80
:10888000A064636CE26A9A422CD040B12AE0502086
:1088900080F31188BFF34F8FBFF36F8FFEE7201D6A
:1088A000FFF7E6F9114A012150B9E06A00EB8003B5
:1088B00052F8233023B92B6901FA00F083432B616E
:1088C000606CE062C0F10700A061E06A2B69814042
:1088D0001943296100EB800002EB8000211DFFF7A6
:1088E0000BFA0121084670BDB4000020C02300200F
:1088F0002DE9F041C068C468ACB104F11800074626
:10890000FFF7B6F9154D286B0126A0B1394614487A
:10891000FFF7F2F9E06A2968C96A88421CD9012088
:10892000EE61BDE8F081502080F31188BFF34F8FD6
:10893000BFF36F8FFEE7201DFFF79AF9E16A2A69FE
:1089400006FA01F01043286101EB81000449B439B3
:1089500001EB8000211DDBE70020E2E7B4000020EE
:10896000742400202DE9F0472C4D00242746286B65
:1089700038B1FFF7CDF9286B401E2863286B40B152
:1089800046E0502080F31188BFF34F8FBFF36F8F05
:10899000FEE7A968224E0120D1B3A6F1B4098046B2
:1089A0003068E8B1F068C46804F11800FFF760F9B6
:1089B000201DFFF75DF9E06A2A6908FA00F111430A
:1089C000296100EB800109EB8100211DFFF794F97B
:1089D000E06A2968C96A8842E2D3C5F81C80DFE7EB
:1089E0000CB1FFF753F8AC6944B14646FFF7CEFE31
:1089F00000B1EE61641EF9D10020A861E86938B1C8
:108A00000849012738070860BFF34F8FBFF36F8F06
:108A1000FFF79EF93846BDE8F0870000B40000205B
:108A20007424002004ED00E04FEA41034FEA535361
:108A3000A3F58063D3F11E03C8BFD3F1210C0CDD75
:108A40004FF0004242EAC12242EA505232FA03FC9D
:108A50008CEAE17CACEBE1707047102BC4BF0020C6
:108A6000704703F5787CBCF1FF3F04D06FF0004203
:108A700082EA2100704770B500F0C6F84992248060
:108A800000207047F2E710F0004248BF4042B0FAC1
:108A900080F310FA03F10AD0C3F11D0303F58063DC
:108AA0004FEA415002EB035202EBD12170474FF0E5
:108AB00000007047DFF848C170B51CEA111E1EBFE8
:108AC0001CEA13159EEA0C0F95EA0C0F00F06F805C
:108AD00081EA030423EA4C134EEAD47E21EA4C11C6
:108AE00041F4801143F48013AE44A1FB024CA0FB7F
:108AF0000365AEF17F7E361955EB0C05A1FB034CE7
:108B00004CF10003A0FB021C16EB0C06654153F16F
:108B10000003094218BF46F0010613F4007F0BD191
:108B20004FEA03314FEA0530340341EA155140EA78
:108B300016506FF003020AE04FEAC3214FEAC52046
:108B4000F40241EA555140EA56506FF0020202EB3E
:108B50002E4201EB025585EACE710AD05FEA440C41
:108B600018BF24F0004450F1000041F1000120EA58
:108B7000D47040F2FE7C624500D270BDA84214BFA2
:108B80004FF080444FF04044002E08BF0024BEF157
:108B9000806FA8BFA1F1C041BDE8704080F2828023
:108BA0004FF0000001F1C04101F0004170479EEA22
:108BB0000C0F0CEA131518BF95EA0C0F06D04FF0F6
:108BC000000081EA030E0EF0004170BD00F01CF8B9
:108BD0008900013E00F007B800F009B84FEA430CE5
:108BE0005FEA5C5C08D081EA030100F05BB84FEA01
:108BF000410C5FEA5C5CF6D14FF000000149704720
:108C00000000FF070000F87F0EF1020E2EF0030EA9
:108C10005EF8046B364205D4012A43EB030515F5D3
:108C2000001F12D8012841EB010C1CF5001F0CD8C5
:108C30000ED14FEAD17C15F5001F0CEB4C0C0CF15A
:108C4000020C08BF4CEBD37C04E04FF0080C01E0B1
:108C50004FEAD37C0CEB4C0526FA05F606F0070626
:108C6000B6F1040C06D20EEB860CBDE870404CF059
:108C7000010C6047DFE80CF0090B02024FF00041E5
:108C80004FF00000A1F5002170BD194610460128E3
:108C900051EB010418BFD4F5001484BF002001F08B
:108CA000004170BD0808A0F500114FEA310170477E
:108CB0004FF04070E1EE100A704700002C9400085D
:108CC0004754000800000000000000008000000081
:108CD0000000000000000000389400080D060008A5
:108CE0000300000000000000800000000000000001
:108CF0000000000004940008ED0B000801000000D3
:108D000000000000800000000000000000000000E3
:108D100018940008650C0008010000000000000025
:108D2000800000000000000000000000F493000834
:108D300075080008020000000000000000010000AB
:108D40000000000000000000E093000885520008C9
:108D50000200000000000000000100000000000010
:108D600000000000A49300088558000801000000DE
:108D70000000000080000000000000000000000073
:108D800084930008655800080100000000000000FE
:108D90008000000000000000000000006093000858
:108DA0002511000802000000000000000001000082
:108DB0000000000000000000709300081575000816
:108DC0000100000000000000800000000000000022
:108DD00000000000C0930008613E00080100000090
:108DE0000000000080000000000000000000000003
:108DF000000610160006101600000000000000001B
:108E00000102030406070809000000000102030430
:108E100000004040000040400000004000000040D2
:108E20000000803F00000000000000000000404003
:108E300000004040000000400000803F0000803FF4
:108E400000000000000080BF000000400000004063
:108E5000000000400000803F00000000000080BFD4
:108E6000000080BF00000040000000400000803F84
:108E700000000000000080BF000000C0000000C033
:108E80000000803F0000803F00000000000080BF25
:108E9000000080BF000000C0000000C00000803F54
:108EA00000000000000080BF000000C0000000C003
:108EB000000000C0000040C00000000000000000F2
:108EC000000000C0000000C0000000C0000040C062
:108ED000000040C0000040C0000040C0000000C0D2
:108EE000000000C0000080BF000000000000000083
:108EF000000040C0000040C0000000C0000080BF73
:108F0000000080BF0000000000000000000040C022
:108F1000000000C0000080BF000080BF0000000013
:108F20000000803F0000803F000000C0000000C043
:108F3000000080BF000000000000803F00000040F3
:108F400000000040000080BF000080BF0000000063
:108F50000000803F0000803F0000004000004040D3
:108F600000000000000000000000803F0000803F83
:108F700000000040000040400000404000000000B1
:108F8000000000000000803F0000004000000040A2
:108F900000004040000040400000803F000080BFD3
:108FA000000040C0000040C0000040C0000000C001
:108FB0000000803F0000803F000080BF000040C0F4
:108FC000000000C0000000C0000080BF00000000E2
:108FD00000000000000080BF000000C0000000C0D2
:108FE000000080BF000080BF000000000000000003
:108FF000000080BF000080BF000080BF000080BF75
:10900000000080BF00000000000000000000000021
:109010000000000000000000000000000000000050
:109020000000000000004040000080BF0000803FC2
:109030000000803F0000803F0000803F0000404073
:1090400000004040000000400000004000000040E0
:109050000000803F0000803F00004040005EBCE216
:10906000613FDD83C29C7E20A3FD1F419DC3217F04
:10907000FCA2401E5F01E3BD3E6082DC237D9FC1F8
:10908000421CFEA0E1BF5D0380DE3C62BEE0025CEC
:10909000DF81633D7C22C09E1D43A1FF4618FAA4D8
:1090A00027799BC584DA3866E5BB5907DB856739C4
:1090B000BAE406581947A5FB7826C49A653BD987B8
:1090C000045AB8E6A7F91B45C6987A24F8A6441AAC
:1090D00099C7257B3A6486D85B05E7B98CD2306E98
:1090E000EDB3510F4E10F2AC2F7193CD114FADF384
:1090F000702ECC92D38D6F31B2EC0E50AFF1134D78
:10910000CE90722C6D33D18F0C52B0EE326C8ED06B
:10911000530DEFB1F0AE4C1291CF2D73CA94762857
:10912000ABF517490856B4EA6937D58B5709EBB543
:1091300036688AD495CB2977F4AA4816E9B7550B37
:1091400088D6346A2B7597C94A14F6A8742AC8962B
:10915000154BA9F7B6E80A54D7896B350000891179
:1091600012239B322446AD573665BF74488CC19D8F
:109170005AAFD3BE6CCAE5DB7EE9F7F8811008016F
:1091800093331A22A5562C47B7753E64C99C408D6F
:10919000DBBF52AEEDDA64CBFFF976E802218B300B
:1091A000100299132667AF763444BD554AADC3BC4F
:1091B000588ED19F6EEBE7FA7CC8F5D983310A202F
:1091C00091121803A7772E66B5543C45CBBD42AC2F
:1091D000D99E508FEFFB66EAFDD874C904428D53C7
:1091E00016619F702004A9153227BB364CCEC5DF0F
:1091F0005EEDD7FC6888E1997AABF3BA85520C43EF
:1092000097711E60A1142805B3373A26CDDE44CFEE
:10921000DFFD56ECE9986089FBBB72AA06638F728A
:1092200014409D512225AB343006B9174EEFC7FECE
:109230005CCCD5DD6AA9E3B8788AF19B87730E62AE
:1092400095501C41A3352A24B1163807CFFF46EEAE
:10925000DDDC54CDEBB962A8F99A708B0884819556
:109260001AA793B62CC2A5D33EE1B7F04008C9199E
:10927000522BDB3A644EED5F766DFF7C899400855E
:109280009BB712A6ADD224C3BFF136E0C11848097E
:10929000D33B5A2AE55E6C4FF77D7E6C0AA583B4FA
:1092A000188691972EE3A7F23CC0B5D14229CB385E
:1092B000500AD91B666FEF7E744CFD5D8BB502A41E
:1092C00099961087AFF326E2BDD034C1C3394A283E
:1092D000D11A580BE77F6E6EF55C7C4D0CC685D7B6
:1092E0001EE597F42880A1913AA3B3B2444ACD5B1E
:1092F0005669DF78600CE91D722FFB3E8DD604C7DE
:109300009FF516E4A9902081BBB332A2C55A4C4BFD
:10931000D7795E68E11C680DF33F7A2E0EE787F679
:109320001CC495D52AA1A3B03882B193466BCF7ADD
:109330005448DD59622DEB3C700EF91F8FF706E69D
:109340009DD414C5ABB122A0B9923083C77B4E6ABD
:10935000D5585C49E33D6A2CF11E780F0000807FF0
:109360005461736B5F4454375F48616E646C650091
:109370005461736B5F564F46415F48616E646C6524
:10938000000000005461736B5F436F6D6D756E6913
:109390006361746546726F6D50435F48616E646CC3
:1093A000650000005461736B5F436F6D6D756E698E
:1093B00063617465546F50435F48616E646C65000F
:1093C0005461736B5F4A343331305F6F6E6C696E1A
:1093D00065436865636B5F48616E646C650000009F
:1093E000526F626F745F436F6E74726F6C5F546123
:1093F000736B000043616E5F53656E645461736B01
:109400000000000043616E315F52656365697665F7
:109410005461736B0000000043616E325F526563FC
:10942000656976655461736B000000006465666170
:10943000756C745461736B0053746172745461730E
:109440006B00000064940008000000206C03000022
:10945000C4010008E49500086C030020346A000091
:10946000200200080140137D5E1B08AD041AB904F8
:109470001AE104130D5F1B085D081A890417040321
:109480000904120114020202164083044057260206
:1094900001020301031A1A0313550B1B0851041A86
:1094A0004D041A79041ABD04193311821003612482
:1094B000F41AAA0101121B48420422C263A0405AB6
:1094C0004008012E13C90A1B0819D44113B9081406
:1094D0000889091408B46214209D3E1408C53B1481
:1094E000083D3C1B089D0413853F1B08250813D528
:1094F0000C1408DD40140845411B0865041ACD040E
:10950000415A500401240D1244FDBC020C4570FE6A
:109510009001130C641420A5421B0801041AA10435
:109520001AEB646B0805E41BA0412A1904071CC050
:109530003F3480B7391AF9AC13710E1B088104133C
:10954000710D4C083152ACC13A4A7241837CFC52D5
:10955000C81A20640116139113140885141B08B14E
:109560000413AD4A1B08B9081AB70413154B1B089E
:109570004104810B1071537014810182130A062972
:10958000F42A407B1409024313020125C032090466
:109590001B01020B130524161001052401100901FB
:1095A000042402020524061701070582030815108A
:1095B00009040133020A2E0705010240072A810728
:1095C0001113D55A140845594C087B5C701AD90CF4
:1095D0001393581B080908C11A59281A1D041A990F
:0495E000041A110454
:040000050800018965
:00000001FF
