:020000040800F2
:1000000070AB00202903000877460008473F00082E
:1000100075460008D30700087D7300080000000043
:10002000000000000000000000000000690200085D
:10003000BD0B000800000000C5020008494C000884
:100040004303000843030008430300084303000878
:100050004303000843030008BF0B000843030008E4
:100060004303000843030008430300084303000858
:100070008509000843030008430300084303000800
:10008000430300084303000843030008E107000896
:10009000D507000843030008430300084303000892
:1000A00043030008214D00084303000843030008F0
:1000B0004303000843030008430300084303000808
:1000C00043030008430300084303000843030008F8
:1000D00043030008430300084303000843030008E8
:1000E00043030008430300084303000843030008D8
:1000F00043030008430300084303000843030008C8
:1001000043030008430300084303000843030008B7
:1001100043030008430300084303000843030008A7
:100120004303000891090008430300084303000843
:10013000430300084303000843030008F9070008CD
:10014000ED07000843030008430300087946000850
:100150009D090008A9090008B50900088154000894
:100160004303000843030008430300084303000857
:100170004303000843030008430300080000000095
:10018000430300084303000800F002F800F05CF8A5
:100190000AA090E8000C82448344AAF10107DA45E2
:1001A00001D100F051F8AFF2090EBAE80F0013F0D8
:1001B000010F18BFFB1A43F001031847809D000090
:1001C000A09D00000A444FF0000C10F8013B13F012
:1001D000070408BF10F8014B1D1108BF10F8015BA0
:1001E000641E05D010F8016B641E01F8016BF9D193
:1001F00013F0080F1EBF10F8014BAD1C0C1B09D1EA
:100200006D1E58BF01F801CBFAD505E014F8016B5B
:1002100001F8016B6D1EF9D59142D6D370470000ED
:100220000023002400250026103A28BF78C1FBD8FF
:10023000520728BF30C148BF0B6070471FB509F097
:10024000B7FD1FBD10B510BD00F0A6F91146FFF7B0
:10025000F5FF07F0C9F900F0C4F903B4FFF7F2FFA6
:1002600003BC00F0CBF900002C4B19680868B0E81B
:10027000F04F80F30988BFF36F8F4FF0000080F3D9
:10028000118870470000000008480068006880F38B
:1002900008884FF0000080F3148862B661B6BFF39F
:1002A0004F8FBFF36F8F00DF00BF00BF08ED00E08E
:1002B000DFF80C00016841F470010160704700BF75
:1002C00088ED00E0EFF30980BFF36F8F134B1A68DE
:1002D0001EF0100F08BF20ED108A20E9F04F1060CB
:1002E00009B44FF0500080F31188BFF34F8FBFF374
:1002F0006F8F08F0F3FF4FF0000080F3118809BC06
:1003000019680868B0E8F04F1EF0100F08BFB0EC95
:10031000108A80F30988BFF36F8F70473401002083
:10032000EFF30580704700000948804709480047FF
:10033000FEE7FEE7FEE7FEE7FEE7FEE7FEE7FEE795
:10034000FEE7FEE704480549054A064B70470000F2
:10035000114D00088901000870A5002070AB002035
:1003600070A7002070A7002053EA020C00F06980FB
:100370002DE9F04B4FF00006002B1FBFB3FA83F5B9
:1003800003FA05F424FA05F65E4012BF1643B2FAEA
:1003900082F502FA05F4C5F120051EBF22FA05FC1C
:1003A00044EA0C04203556EA044C4FEA144418BFC2
:1003B000641C4FF000084FF00009904271EB030CF1
:1003C00039D3002919BFB1FA81F701FA07F6B0FA5B
:1003D00080F700FA07F6C7F120071EBF20FA07FCD6
:1003E00046EA0C062037B6FBF4FCA7EB0507103FE6
:1003F00007F01F0BCBF120060CFA0BFB2CFA06F6CC
:1004000044BFB3460026202FA4BF5E464FF0000B2A
:100410005BEA060C08BF4FF0010B19EB0B09ABFBB5
:10042000027C48EB0608C01B06FB02CC0BFB03CC8E
:1004300071EB0C01C1E70B46024641464846BDE858
:10044000F08B13B54FF000004FF00001AFF30080C8
:10045000BDE81C407047032A40F2308010F0030CC6
:1004600000F0158011F8013BBCF1020F624498BF07
:1004700011F801CB00F8013B38BF11F8013BA2F1A4
:10048000040298BF00F801CB38BF00F8013B11F01F
:10049000030300F02580083AC0F0088051F8043BBF
:1004A000083A51F804CBA0E80810F5E7121D5CBF2C
:1004B00051F8043B40F8043BAFF30080D20724BF5F
:1004C00011F8013B11F801CB48BF11F8012B24BFF3
:1004D00000F8013B00F801CB48BF00F8012B704742
:1004E00010B5203AC0F00B80B1E81850203AA0E8CF
:1004F0001850B1E81850A0E81850BFF4F5AF5FEA03
:10050000027C24BFB1E81850A0E8185044BF18C9B5
:1005100018C0BDE810405FEA827C24BF51F8043B5C
:1005200040F8043B08BF7047D20728BF31F8023BB0
:1005300048BF11F8012B28BF20F8023B48BF00F844
:10054000012B70474FF0000200B5134694469646C3
:10055000203922BFA0E80C50A0E80C50B1F12001D6
:10056000BFF4F7AF090728BFA0E80C5048BF0CC084
:100570005DF804EB890028BF40F8042B08BF7047E2
:1005800048BF20F8022B11F0804F18BF00F8012B54
:100590007047704770477047754600F02BF8AE46BD
:1005A00005006946534620F00700854618B020B57F
:1005B000FFF7C8FEBDE820404FF000064FF00007EF
:1005C0004FF000084FF0000B21F00701AC46ACE8FB
:1005D000C009ACE8C009ACE8C009ACE8C0098D4668
:1005E000704710B50446AFF300802046BDE81040C8
:1005F000FFF733BE0048704710A5002001491820BE
:10060000ABBEFEE7260002007047000004F008F8C9
:100610000B4C0C4D08F028FC226801210A48904739
:10062000226802210948904703F022FD00F024F8D7
:1006300000F0BAFAA86A08F065FD08F035FCE9E7B1
:10064000B801002000000020CC080020F4080020A1
:100650008AB0084C6D464FF0FF3707AE3A46694600
:10066000206809F095F809AB3246291D009800F082
:10067000D9FAF3E70800002010B52DED048B40F205
:1006800005211A4806F0DBFF9FED198ADFED198A74
:100690009FED199A1548B2EE043AF0EE482AB0EEF2
:1006A000682AF0EE491A9FED151ADFED150A9FED45
:1006B000150A2C3004F0CAF80C48B2EE043AF0EEF9
:1006C000482AB0EE682AF0EE491AB7EE001ADFEDBC
:1006D0000E0AB0EE000A7C3004F0B8F80B48B2EE17
:1006E000080A80ED000ABDEC048B10BD44A4002074
:1006F0000060EA4600401C46000000000AD7233C88
:1007000017B7D1386F12033D6F12833AB001002042
:1007100030B52DED028B81B003F07EFC1A4D85EDD6
:10072000010A00F03DF8194C94ED0A0A06F074FE37
:1007300000EE100AB8EEC08A95ED010A06F06CFED4
:1007400000EE100AF0EE480A0221B8EEC00A204678
:1007500006F086FFB4F92600022200EE100A0C49CA
:100760002046B8EEC00A06F0F1FF0A4800900A4899
:1007700040F2FF1300224468084805490068A0477A
:1007800001B0BDEC028B30BDB001002044A40020BC
:10079000CC080020C0010020B80100200800002083
:1007A000034890ED000A034880ED0A0A70470000F4
:1007B000B001002044A4002008B509F033F90090EE
:1007C000FFF7A6FF00F064F90221684608F04EFC2E
:1007D000F6E7FEE7014800F0A9BB0000CC080020C6
:1007E000014800F0A3BB0000CC080020014800F045
:1007F0009DBB0000F4080020014800F097BB0000FA
:10080000F408002010B50B460021016141614162EE
:1008100081610122C2610262016041608160C16048
:100820000146184600F070FA002803D0BDE81040D9
:1008300000F0C8B910BD000010B50446491EC8B28A
:1008400000EB400101EB0010074901EB800021465D
:10085000FFF7D8FF204600F006FE2046BDE8104016
:10086000022100F0CDB900001CA3002010B58AB011
:100870000C9C0191002A12D003930492002105914F
:10088000082206928DF81C10216808916168099170
:1008900000231A4601A908F069FE0AB010BD0293B0
:1008A000EBE704284FF0000070470020704700007D
:1008B00010B500220449054804F0FAFF0449034832
:1008C00004F0E8FF002010BD001A0020240D0020D5
:1008D0000012002070B505460C462946064804F073
:1008E000D9FF054804F0A6FF2188284689B200F008
:1008F00007F8002070BD0000240D00200020704784
:1009000010B50A460849D1F8BC12D1F814120029D2
:1009100001D0012010BD0146034804F0C9FFBDE825
:100920001040014805F05CB8240D002090B00D4D3A
:100930004FF0FF3840F205260AAF424607A9286863
:1009400008F026FF079CB442F7D1182239466846C2
:10095000FFF7C6FDDDE908232146034806F07CFDCC
:10096000EBE700000000002044A400208AB0044C03
:100970004FF0FF352A4601A9206808F009FFF9E782
:1009800004000020014800F0FBBD0000BC0B00206B
:10099000014800F0F5BD00001C0C0020014800F0EB
:1009A000EFBD0000FC0A0020014800F0E9BD000096
:1009B0007C0C0020014800F0E3BD00005C0B00202F
:1009C0000168CAB2103A1823B2FBF3F2064B9B5CE3
:1009D000C3656FF30901032A02D9091D816500E08F
:1009E0008165806D70470000B49E000810B5014617
:1009F00000208A6A8B694FF0C074002B0ED0B3F5CB
:100A0000005F1AD062B3012A2AD0022A28D0032A12
:100A100003D1C96AC90100D5012010BD1AB1012A4C
:100A200006D0022AF9D1C96AC901F6D5012010BD44
:100A3000C96AA142FBD1012010BD52B1012A0AD0DE
:100A4000022A06D0032AF7D1C96AA142F4D10120B3
:100A500010BD012010BDC96AC901FBD5012010BD20
:100A6000012010BD30B50468256825F48025256077
:100A7000046863608368402B04D003689960006851
:100A8000C26030BD03689A600068C16030BD00007C
:100A9000F0B44048002202703F480178437841EAB0
:100AA0000321C1F30A04A0F11601A4F580640C80AF
:100AB000DD08837845EA4315C5F30A05A5F5806589
:100AC0004D80C6789B0943EA8606037946EA832669
:100AD000C6F30A06A6F580668E805F08437947EA6A
:100AE000C317C7F30A07A7F58067CF80641D0A2CD8
:100AF00000D80A806D1D0A2D00D84A80761D0A2E66
:100B000000D88A807F1D0A2F00D8CA809C090C72E9
:100B1000C3F301134B728379C57943EA05234B81F3
:100B2000037A457A43EA05238B81837AC57A43EABF
:100B30000523CB81037B0B74437B4B74837BC57B89
:100B400043EA05234B82037C407C43EA0020A0F566
:100B5000806000B2888200F52570B0F5A56F00D9DD
:100B60008A82032C10D1B1F906009FED0C1A00EE19
:100B7000100A0B48F8EEC00A80EE810AF2EE080A6D
:100B800030EE200A80ED000AF0BC1222024905482E
:100B900002F025BF0402002012A40020508DC340A3
:100BA000B00100206C0A002012220249024802F023
:100BB00016BF000012A400206C0A0020704701201C
:100BC00000F07CBE72B6FEE770B50B480168001DF0
:100BD0000568001D0068084400280CD0074C082256
:100BE000A11C03F0B1F904F112012846BDE87040E0
:100BF000042203F0A9B970BD107AFF1F6400002021
:100C000090F82020012A07D0022A05D0416A41F439
:100C10008021416201207047006842690A434261B5
:100C200000207047F0B590F820500468A468012DAA
:100C300007D0022D05D0416A41F480214162012094
:100C4000F0BD04F0806504F00066354301D1E50095
:100C500053D5C4F301640125A5401D608B684FF492
:100C6000C0759BB1CE6805EB041733434E6843EA69
:100C7000C6030668F3514FF4C273076803EB04130D
:100C80000E69FE50097D012909D00DE00E88CB6860
:100C900005EB041743EA46530668F351EBE7016896
:100CA000CE5846F48076CE501179D379567941EA00
:100CB000036193791B0443EA062319434FF4C67674
:100CC000036806EB041699511178D37841EA036161
:100CD000937852781B0443EA022211434FF4C47301
:100CE000026803EB0413D150006805EB041142586D
:100CF00042F0010242500020F0BD416A41F400116F
:100D000041620120F0BD000010B590F82020012ABA
:100D100007D0022A05D0416A41F4802141620120B6
:100D200010BD3C4800F50070026842F0010202600C
:100D3000026822F47C52026002684B6A42EA032293
:100D400002600A7D02F01F0301229A40C3699343A7
:100D5000C361A0F50070CB69B3B9D0F80C329343EE
:100D6000C0F80C328C894B6864F31F434C6900EB6C
:100D7000C404C4F840320C890B6864F31F434C6907
:100D800000EBC404C4F84432CB69012B16D1D0F86F
:100D90000C321343C0F80C320C884B6864F31F43C9
:100DA0004C6900EBC404C4F840320C89CB6864F38E
:100DB0001F434C6900EBC404C4F844328B697BB117
:100DC000D0F804321343C0F804320B6973B1D0F881
:100DD00014321343C0F81432096A01290CD010E010
:100DE000D0F804329343C0F80432EEE7D0F814325E
:100DF0009343C0F81432EFE7D0F81C121143C0F847
:100E00001C12D0F8001221F00101C0F800120020DD
:100E100010BD000000640040704770B590F820409D
:100E2000012C07D0022C05D0416A41F48021416297
:100E3000012070BD21B104682469A4072AD003E011
:100E40000468E468A4071FD04FF4D874056804EB65
:100E500001142D5905F0040595600DB305682D5951
:100E6000ED08556005682C5904F00204D4604FF475
:100E7000DA74056804EB01142E5906F00F06082EEB
:100E800013D30825156114E0416A41F40011416251
:100E9000012070BD416A41F400114162012070BD22
:100EA00005682D596D0D1560DCE72D5905F00F050E
:100EB000156105682D59C5F30725956105682C59FD
:100EC000240C54614FF4DC72046802EB0112A45844
:100ED0001C700468A458240A5C700468A458240C8C
:100EE0009C700468A258120EDA704FF4DE72046827
:100EF00002EB0112A4581C710468A458240A5C7106
:100F00000468A458240C9C710468A258120EDA716B
:100F100031B10068016941F020010161002070BD1C
:100F20000068C16841F02001C160F7E72DE9F05F7A
:100F30000546002428684669D0F804908768D0F8F0
:100F40000CA0D0F810B0D0F81880F10748D0F907FD
:100F500014D001218160B80703D5284600F0B0FA0B
:100F60000CE0780702D54FF4006407E0380702D59B
:100F70004FF4805402E0284600F0A1FAF80516D597
:100F800029684FF480708860B80503D5284600F0C2
:100F900099FA0CE0780502D544F4005407E03805CE
:100FA00002D544F4804402E0284600F08AFAF803AF
:100FB00016D529684FF480308860B80303D52846D9
:100FC00000F082FA0CE0780302D544F4004407E014
:100FD000380302D544F4803402E0284600F073FA66
:100FE000300707D55FEACA6004D544F40074296865
:100FF0001020C86070074FF0080707D55FEA0A7035
:1010000004D52868C760284600F0C8F9B00706D59F
:101010002868C068800702D0284600F0C1F9700631
:1010200007D55FEACB6004D544F4806429681020BA
:101030000861B00607D55FEA0B7004D52868076120
:10104000284600F00DFAF00606D5286800698007EA
:1010500002D0284600F005FAB00308D55FEAC9605F
:1010600005D5296810204860284600F0FBF9F003F8
:1010700007D55FEA097004D528684760284600F064
:1010800024FA300446D55FEA497040D5F00504D50E
:101090005FEAC87001D044F00104B00504D55FEAEE
:1010A000887001D544F00204700504D55FEA4870E9
:1010B00001D544F00404300529D518F0700F26D06E
:1010C00008F07000402815D006DC102809D0202830
:1010D0000AD0302816D10AE050280ED0602811D14D
:1010E0000EE044F008040DE044F010040AE044F07F
:1010F000200407E044F0400404E044F0800401E0F0
:1011000044F480742868816921F070018161296844
:1011100004204860002C05D0686A20436862284695
:10112000FFF77AFEBDE8F09F70B50446002C03D0AF
:1011300094F8200010B104E0012070BD204600F0BA
:101140009DF82068016841F00101016000F0B2FCE7
:10115000054605260CE000F0ADFC401B0A2807D927
:10116000606A40F40030606284F82060012070BD45
:1011700020684068C007EED02068016821F00201B5
:10118000016000F097FC05460CE000F093FC401B6A
:101190000A2807D9606A40F40030606284F8206051
:1011A000012070BD206840688007EED4207E0128B1
:1011B0003FD02068016821F080010160607E012835
:1011C0003DD02068016821F040010160A07E012827
:1011D0003BD02068016821F020010160E07E0128F9
:1011E00039D02068016841F010010160207F01289A
:1011F00037D02068016821F008010160607F012874
:1012000035D02068016821F004010160D4E90201B1
:101210000843D4E90412114308436168491E084396
:101220002168C86100206062012084F8200000204D
:1012300070BD2068016841F080010160BEE7206850
:10124000016841F040010160C0E72068016841F099
:1012500020010160C2E72068016821F010010160EF
:10126000C4E72068016841F008010160C6E7206812
:10127000016841F004010160C8E700002DE9F04178
:1012800086B00446142101A8FFF75CF93E4B3F4AA3
:10129000DFF8F080186821683C4C03260227401CC8
:1012A000103200254FF0090C41452FD1186001285C
:1012B00007D1106840F000701060106800F00070F6
:1012C0000090206840F008002060206800F00800CE
:1012D00000900196029703950496CDF814C001A9D9
:1012E0002B4800F0F7FA00220521132000F07AFCC9
:1012F000132000F069FC00220521142000F072FC8C
:10130000142000F061FC06B0BDE8F081DFF88480B5
:101310004145F8D1116841F080611160116801F018
:10132000806100911860012807D1106840F00070BA
:101330001060106800F000700090206840F002001B
:101340002060206800F00200009060200190029769
:1013500003950496CDF814C001A90F4800F0BAFA1D
:10136000002205213F2000F03DFC3F2000F02CFC36
:1013700000220521402000F035FC402000F024FC34
:10138000C1E70000006400402C000020303802401B
:10139000000C02400068004000040240704700005A
:1013A000F8B5294B02680021284D9A4201D12970D5
:1013B00001E0012129702978254C01EB410202EB63
:1013C000011104EB810202F1440328320021FFF7EE
:1013D00024FD287804F1980600EB400101EB001190
:1013E00004EB810100EBC000283106EB80001C22D9
:1013F000FFF776F8287800EB400202EB001204EBCE
:10140000820200EBC00106EB8101936C526CC1E9D2
:10141000072388B10F4800236A46006808F058F98E
:101420000098002807D00C494FF080500860BFF3A7
:101430004F8FBFF36F8FF8BD0848314600236A46CF
:10144000006808F045F9EBE700640040F001002077
:101450001CA300200400002004ED00E00000002098
:1014600070477047704770B5044694F82000012813
:1014700005D0606A40F400206062012070BD022047
:1014800084F820002068016821F00101016000F06B
:1014900011FB05460DE000F00DFB401B0A2808D9A2
:1014A000606A40F400306062052084F8200001206A
:1014B00070BD20684068C007EDD1606270BD7047A4
:1014C0007047704770477047704770472DE9F0418B
:1014D0000446A76D00F0EEFA054694F835000026A4
:1014E000022806D08020606584F834600120BDE8C1
:1014F000F0812068016821F01601016020684169CF
:1015000021F080014161206C08B9A06C20B12068F5
:10151000016821F0080101602068016821F00101E3
:1015200001600BE000F0C6FA401B052806D9202018
:1015300034342062032060702670D8E72068006889
:10154000C007EFD134343F2094F828108840B860A9
:101550000120607026700020C9E790F8351002293C
:1015600003D08021416501207047052180F83510A6
:101570000068016821F0010101600020704700004F
:101580002DE9F84304464FF00009CDF800906F486C
:101590004FF416510068B0FBF1F7A56D2E6894F872
:1015A0005C00082202FA00F1314210D02068016884
:1015B00049070CD5016821F00401016094F85C0032
:1015C00002FA00F1A960606D40F00100606594F8D6
:1015D0005C104FF0010808FA01F0304208D0216891
:1015E0004969090604D5A860606D40F00200606595
:1015F00094F85C1004208840304208D021680968C3
:10160000890704D5A860606D40F00400606594F817
:101610005C1010208840304220D0216809680907FA
:101620001CD5A8602068016849030CD50068000338
:1016300004D4216C91B1204688470FE0A16C69B1B8
:10164000204688470AE00168C90503D4016821F0F3
:1016500008010160216C09B12046884794F85C10AC
:101660002020884030424CD021680968C90648D5FE
:10167000A86094F8350005280BD02068016849035C
:1016800030D50068000328D4616C51B320468847E8
:1016900037E02068016821F0160101602068416987
:1016A00021F080014161206C08B9A06C20B1206854
:1016B000016821F00801016094F85C103F20884027
:1016C000A86084F8358084F83490216D00293BD0DF
:1016D00001B02046BDE8F0430847E16B09B1204660
:1016E00088470EE00168C90507D4016821F01001A0
:1016F000016084F8358084F83490E16B09B12046AC
:101700008847606D00281FD0606DC00714D0052089
:1017100084F835002068016821F00101016000981B
:10172000401C0090B84203D820680068C007F6D17A
:1017300084F8358084F83490E16C002904D001B03D
:101740002046BDE8F0430847BDE8F8839400002038
:101750002DE9F041044600F0ADF905465CB10220E8
:1017600084F83500002684F834602068016821F090
:10177000010101600DE00120BDE8F08100F09AF95F
:10178000401B052805D920206065032084F835001A
:10179000F2E720680068C007F0D121680A68204895
:1017A0000240D4E901031843D4E903352B4318431D
:1017B00063691843A3691843E3691843236A18430C
:1017C0001043626A042A03D1D4E90B231A4310435D
:1017D00008602068406920F00700656A29460543D3
:1017E000012704290DD1A06A0543E06A48B12046CB
:1017F000FFF7FCF828B14020606584F835700120BF
:10180000BAE7206845612046FFF7DAF894F85C20D3
:101810003F2191408160666584F835700020ABE718
:101820003F8010F02DE9F04104460025A66D94F8A4
:10183000340001280DD0012084F8340094F835706C
:101840000020012F07D084F8340002252846BDE887
:10185000F0810220FBE7022784F83570606520469E
:10186000FFF700F994F85C103F208840B0602068D2
:10187000016841F016010160206C20B12068016808
:1018800041F0080101602068016841F00101016038
:10189000DCE7000070B5044600F00CF90546601C5A
:1018A00002D004480078044400F004F9401BA04230
:1018B000FAD370BD980000207047000010B50449AD
:1018C0000A68024202D00860FFF7F6FF10BD000070
:1018D000143C01402DE9F84F0022DFF89C914FF0B5
:1018E000010803274FF00F0C09F1040AA9F1040BBA
:1018F00008FA02F50B682B40AB426ED10C7904F06C
:101900000304012C01D0022C15D18668540007FA7B
:1019100004FE26EA0E06D1F80CE00EFA04FE4EEAAA
:10192000060EC0F808E04468AC430D79C5F3001515
:101930009540254345600C79E443A40708D0C56869
:10194000540007FA04F6B5438E68A6402E43C660DD
:101950000C7904F00304022C11D1D40800EB8406A6
:10196000356A5407E40E0CFA04FE25EA0E05D1F898
:1019700010E00EFA04FE4EEA050EC6F820E00568F7
:10198000540007FA04F6B5430E7906F00306A640A4
:101990002E4306604C6814F4403F67D0374C2568EE
:1019A00045F480452560246804F480440094344C58
:1019B00022F003052E19D6F8085894074FEA147E32
:1019C0000CFA0EF4A5432F4CA04201D1002424E0D0
:1019D0002D4CA04202D101241FE047E02B4CA04235
:1019E00001D1022419E02A4CA04201D1032414E0C1
:1019F000284CA04201D104240FE0274CA04201D181
:101A000005240AE0254CA04201D1062405E0244C1F
:101A1000A04201D1072400E0082404FA0EF42C436C
:101A2000C6F80848D9F800409C434D68ED0200D53F
:101A30001C43C9F80040DAF800409C434D68AD02F1
:101A400000D51C43CAF80040DBF800409C434D68B9
:101A5000AD0300D51C43CBF80040074D083D2C6872
:101A60009C434E68F60300D51C432C60521C102A80
:101A7000FFF43EAFBDE8F88F083C01404438024017
:101A80000030014000000240000402400008024013
:101A9000000C0240001002400014024000180240F6
:101AA000001C0240002A01D0816170470904816155
:101AB00070470000014880687047000098000020CF
:101AC00002488168027811448160704798000020C4
:101AD00010B50B48016841F400710160016841F4E0
:101AE00080610160016841F480710160032000F0B1
:101AF00099F8052000F006F800F04AF8002010BD23
:101B0000003C024030B587B0054600241B48016800
:101B100041F001010160006800F00100009001A99E
:101B200002A800F0C9FE00F0FBFE40001449B0FB23
:101B3000F1F1491E1448134A026040F2E732C260D4
:101B4000416004618460846101F022FC044694B920
:101B50000D4801F0A5FC04466CB9192000F034F8DA
:101B6000102D07D200222946192000F03BF8074823
:101B7000056000E0012407B0204630BD4438024033
:101B800040420F0000000140DC0C00209C000020BF
:101B900082B00C48016841F480410160006800F4A3
:101BA000804001900748001F016841F080510160AA
:101BB000006800F08050019000220F21901E02B0BA
:101BC00000F010B844380240002809DB00F01F0282
:101BD000012191404009800000F1E020C0F800118F
:101BE00070470000F0B40D460D4B1B68C3F3022391
:101BF000C3F10704042C00D90424191D072901D2BC
:101C0000002300E0DB1E012606FA04F1491E2940EC
:101C100099409E40761E16403143F0BC05F0B8BB9B
:101C20000CED00E000F00701054A10684FF6FF03D5
:101C3000184040EA01200349084310607047000043
:101C40000CED00E00000FA057047006841620020DA
:101C5000704770B50368586A002907D09C6A00EB8A
:101C6000144400204FF48275491E0AE040EA024005
:101C700098620DE005EB80069E5904EB1644401C6B
:101C8000C0B28842F6D305EB810144EA02405850C5
:101C9000002070BDD0F8E00404F030BA01EBC102BE
:101CA00000EB8202D0F8E004126A04F051B901EBB3
:101CB000C10200EB8202D0F8E004D2F8602204F006
:101CC000B5B9D0F8E00404F01BBA0A0601F00F0120
:101CD00001EBC10100EB810101D5143101E001F5F7
:101CE0001571006805F07CB970B504460B0601F06B
:101CF0000F0000EBC00104EB81014FF001024FF037
:101D0000000502D514314A7002E001F515714D70DD
:101D1000087094F89404012808D084F8942420686A
:101D200004F072FE84F89454002070BD022070BD4F
:101D300070B5044601F00F002279904201D90120CC
:101D400070BD0B0601F00F0101EBC10104EB810135
:101D50004FF001024FF0000502D514314A7002E045
:101D600001F515714D708D70087094F89404012878
:101D700008D084F89424206804F0B0FF84F89454C8
:101D8000002070BD022070BD01F00F0101EBC10108
:101D900000EB8100D0F8680270472DE9F04104465D
:101DA0000F0601F00F0000EBC00104EB81014FF0C2
:101DB00001064FF0000502D514314E7002E001F526
:101DC00015714D700870C2F30A028A600B714A786F
:101DD00002B14883022B00D14D7194F8940401287C
:101DE00009D084F89464206804F058FD284684F8EB
:101DF0009454BDE8F0810220FBE710B501F00F0418
:101E000004EBC40100EB810101F51571CA600B619F
:101E100000234B614B700C708379012B00D1CA6198
:101E20008279006804F0B2FF002010BD70B504464E
:101E30000D46217905F00F00884201D9012070BDBF
:101E400029064FF000064FF0010206D500EBC00155
:101E500004EB810114314A7006E005EBC50104EB87
:101E6000810101F515714E708A70087094F8940420
:101E7000012807D084F89424206804F05BFF280729
:101E800002D007E0022070BDA17904F29C422068D4
:101E900004F0FAFE84F89464002070BD10B501F0DF
:101EA0000F0404EBC40100EB81011431CA600B6123
:101EB00000234B6101234B700C708379012B00D1FF
:101EC000CA618279006804F061FF002010BD2DE92D
:101ED000F84F04462568284605F02CF900287ED1E5
:101EE000206805F053F9002879D0D5F80808C0F328
:101EF0000D20C4F8D404206805F048F9800704D503
:101F00002068416901F002014161206805F03EF955
:101F1000C10604F29C40009035D52068816921F00B
:101F2000100181612F6A07F00F0000EBC00004EB85
:101F3000800606F51576C7F34340022802D006282E
:101F400012D01BE047F6F070074217D0C7F30A1211
:101F500017462846F16805F01DF9F0683844F0602E
:101F600070693844706109E008222846009905F03C
:101F700011F97069C7F30A1108447061206881691A
:101F800041F010018161206805F000F900034FF075
:101F9000080B4FF000094FF001085ED500262068BD
:101FA00005F0D3F8824655E05FEACA704FD0F1B22F
:101FB000206805F0E3F80746F80707D005EB461060
:101FC000C0F8088B3146204602F080FB380709D55F
:101FD00005EB4610C0F808BB3146204600E0F8E1AA
:101FE00002F050FBF80604D505EB46101021C0F8AE
:101FF000081BB8071CD56869000605D5D5F8040884
:1020000040F48061C5F8041806EBC60004EB8000BC
:1020100000F51570C178012905D180F80390F1B25F
:10202000204600F0DCF905EB46110220C1F8080B50
:10203000B80604D505EB46102021C0F8081BB804EB
:1020400005D505EB46104FF40051C0F8081B761C6F
:102050004FEA5A0ABAF1000FA6D1206805F096F8A7
:1020600040036CD5206805F069F88246002663E0DD
:102070005FEACA705DD0F1B2206805F06DF80746DE
:10208000F80723D006F00F0108FA01F0D5F834184C
:102090008143C5F8341805EB4610C0F80889A079CB
:1020A00001280FD106EBC60004EB8000D0E9072120
:1020B0001144016236B9606A20B920680121009A92
:1020C00004F0E2FDF1B22046FFF7E8FD380703D542
:1020D00005EB4610C0F808B9F80604D505EB461024
:1020E0001021C0F80819780604D505EB46104021E8
:1020F000C0F80819B80716D53146284604F0E8FF9D
:1021000006EBC60004EB80001430C178012905D12C
:1021100080F80390F1B2204600F05DF905EB46111E
:102120000220C1F80809380603D53146204602F0DE
:102130003FFB761C4FEA5A0ABAF1000F98D120688B
:1021400005F024F8002811DAD5F8040820F0010180
:10215000C5F8041894F8CC04012829D0204600F0D2
:1021600006FA2068416901F000414161206805F0EC
:102170000DF800050BD5D5F80808C00702D0204699
:1021800000F038FA2068416901F40061416120687B
:1021900004F0FCFFC00461D5D5F8040820F001016B
:1021A000C5F804181021206804F092FF002120E0F7
:1021B00084F8CC9400212046FFF746FDD1E705EBDB
:1021C000411000F510604FF67F328260036823F4FF
:1021D00000130360C0F80822D0F8002222F4001295
:1021E000C0F80022D0F8002242F00062C0F80022BD
:1021F000491C20798842E2D8D5F81C0840F001112A
:10220000C5F81C18E07B60B1D5F8840840F00B01DC
:10221000C5F88418D5F8440840F00B01C5F84418F7
:102220000CE0D5F8140842F22B010843C5F8140855
:10223000D5F8100840F00B01C5F81018D5F80008C3
:1022400020F4FE61C5F80018A1792068009A04F016
:102250001BFD2068416901F480514161206804F050
:1022600095FF800415D5206804F05AFB206804F01F
:1022700051FFE07100F03EFB0146E279206804F076
:10228000EFFF204600F05CF92068416901F400513D
:102290004161206804F07AFF000707D5204600F06E
:1022A0006AF92068416901F008014161206804F081
:1022B0006DFF000615D5A86920F08001A9610126EF
:1022C0000CE006EBC60004EB800090F857020128F2
:1022D00003D1F1B22046FFF7F8FC761C2079B0421A
:1022E000EFD8206804F052FFC0021FD5012615E088
:1022F00005EB4610D0F8001906EBC60004EB800091
:10230000027E012A09D1002907DA80F81780F0B28D
:1023100040F080012046FFF7D8FC761C2079B042BF
:10232000E6D82068416901F480114161206804F019
:102330002DFF800230D5012026E005EB4011D1F8B9
:10234000001B00EBC00204EB820292F85832012B12
:1023500019D1002917DA94F8D43401F4803103F04C
:10236000010399420FD182F85782A96941F0800296
:10237000AA616969090606D4D5F8040840F400701A
:10238000C5F8040803E0401C21798142D5D82068B3
:10239000416901F400114161206804F0F7FE40003A
:1023A00007D52046FFF776FC2068416901F080419F
:1023B0004161206804F0EAFE40070AD520684568BC
:1023C000680702D52046FFF77CFC20684168294356
:1023D0004160BDE8F88FD0F8E00403F0E5BED0F826
:1023E000E00403F0F6BEF8B50446002C05D02668DC
:1023F00094F89504002510B106E00120F8BD84F89A
:102400009454204600F05AF8032084F89504B6F15D
:10241000A04F00D1A571206804F030FC207C8DF81D
:10242000000094E80F0004F089FA022618B184F83D
:1024300095640120F8BD0021206804F0CAFE18B19F
:1024400084F895640120F8BD002101270CE001EB20
:10245000C10004EB800047750175C1850576C56133
:1024600005624562491CC9B220798842EFD8002133
:102470000DE001EBC10004EB800000F51570457024
:10248000017005718560C5600561491CC9B220797C
:102490008842EED8207C8DF8000094E80F0004F00C
:1024A00033FB18B184F895640120F8BD657484F895
:1024B0009574206804F01AFB0020F8BD00B587B0C1
:1024C0000021029103910491059106910068B0F1F9
:1024D000A04F2BD11648016841F00101016000684E
:1024E00000F0010001904FF4C050029002200390D0
:1024F000032005900A20069002A90E48FFF7EAF98A
:102500000D48016841F0800101600C48016841F408
:1025100080410160006800F48040019000220521A4
:102520004320FFF75FFB4320FFF74EFB07B000BDE2
:102530003038024000000240343802404438024043
:1025400070B504460125E07900280ED0022801D09C
:10255000FEF738FB2946D4F8E00403F0ABFED4F8CC
:10256000E004BDE8704003F05EBE0025F2E7D0F85D
:10257000E00403F088BED0F8E00403F08EBE10B58E
:10258000044694F8940401280AD0012084F89404A5
:102590006174206804F04DFE002084F8940410BD9E
:1025A000022010BDD0F8E02400F29C41104603F058
:1025B0008DBE10B50446206894F89414012909D002
:1025C000012184F89414C168490609D5617B012969
:1025D00002D005E0022010BD816B41F4803181639F
:1025E000206804F04FFD206804F072FA002084F89F
:1025F000940410BD10B50446D4F8E00403F0AAFE1C
:102600002068D0F8001E41F00101C0F8001EE07AF9
:10261000002804D00248016841F00601016010BDA5
:1026200010ED00E02DE9F84304464FF00108206862
:102630004FF00007C10701D140072BD5DFF81891F3
:10264000C9F86870FFF736FA0646444D07E0FFF711
:1026500031FA801B022802D90320BDE8F8832868DC
:102660000001F4D46068217A800140EA01703B499E
:1026700084310860C9F86880FFF71CFA064606E056
:10268000FFF718FA801B022801D90320E5E7286824
:102690000001F5D52078800753D5304840300168D7
:1026A00041F080510160006800F0805000902C4D96
:1026B000286840F480702860FFF7FCF9064606E0C1
:1026C000FFF7F8F9801B022801D90320C5E7286825
:1026D000C005F5D5214D7035286800F44070F8B17B
:1026E000A18901F4407181421AD0286820F4407019
:1026F0001C49C1F800800F6028602868C0070FD00F
:10270000FFF7D8F9064641F2883706E0FFF7D2F91D
:10271000801BB84201D903209FE728688007F5D5C0
:10272000E0680E49C0F301220831032A0BD0086883
:1027300020F4F81008602868A189C1F30B01084350
:102740002860002089E70A68074B22F4F812184035
:1027500002430A60EFE700000000474200380240F1
:1027600000700040400E4742FFFCFF0F2DE9F0478C
:1027700004460D46002C13D0DFF82891D9F800004C
:10278000EFB200F00700A8420CD289F80070D9F827
:10279000000000F00700A84204D00120BDE8F08747
:1027A0000120FBE72068404E810712D5400703D582
:1027B000306840F4E05030602078000703D530687E
:1027C00040F4604030603068A16820F0F0000843B9
:1027D00030602078C00731D033496068083901285B
:1027E00008D002280BD0032809D0096889070BD428
:1027F0000120D3E70968890306D40120CEE70968E0
:10280000890101D40120C9E7316821F003010143A6
:102810003160FFF74FF9804641F2883A07E0FFF751
:1028200049F9A0EB0800504501D90320B6E730680C
:10283000616800F00C00B0EB810FF0D1D9F8000016
:1028400000F00700A84209D989F80070D9F8000003
:1028500000F00700A84201D001209FE72078400740
:1028600005D53068E16820F4E050084330602078F6
:10287000000706D53068216920F4604040EAC100B5
:10288000306000F05DF83168084AC1F30311515C13
:10289000C8400749086007480068FFF733F900207F
:1028A0007CE70000003C0240083802409C9E000883
:1028B000940000209C0000200F2202600B4A136845
:1028C00003F003034360136803F0F00383601368AD
:1028D00003F4E053C360126802F46042D20802615C
:1028E0000348006800F0070008607047083802409D
:1028F000003C02400148006870470000940000203E
:1029000000B5FFF7F7FF04490968044AC1F38221C3
:10291000515CC84000BD000008380240AC9E000871
:1029200000B5FFF7E7FF04490968044AC1F34231E3
:10293000515CC84000BD000008380240AC9E000851
:1029400010B51748006810F00C01164816D0164B49
:10295000042912D0082911D1114C241F216801F03B
:102960003F02216849020AD52068C0F38810A0FB05
:1029700003010023FDF7F8FC09E0184610BD2168AB
:102980000023C1F38811A1FB0001FDF7EDFC2168D4
:10299000C1F30141491C4900B0FBF1F010BD00003A
:1029A000083802400024F400001BB7002DE9F84F5E
:1029B0000446002C13D02078DFF8A083C007A8F1CC
:1029C000040556D008F104000168C1F38101012912
:1029D0000CD00068C0F38100022803D00DE0012074
:1029E000BDE8F88FD8F80000400206D528688003BB
:1029F0003FD5606870BB0120F2E76068B0F5803FAA
:102A000010D0B0F5A02F12D0286820F480302860B4
:102A1000286820F4802028606068E0B1FFF74AF859
:102A2000064614E0286840F480302860F4E72868FF
:102A300040F480202860286840F480302860EBE76C
:102A4000FFF738F8801B642801D90320C8E72868FD
:102A50008003F5D50DE0FFF72DF8064606E0FFF7F9
:102A600029F8801B642801D90320B9E7286880036E
:102A7000F5D42078BA4F80074FF0000948D5B74801
:102A8000001D016811F00C0F08D00068C0F3810030
:102A9000022813D1D8F8000040020FD4286880071C
:102AA00004D5E068012801D0012099E72868216950
:102AB00020F0F80040EAC100286029E0E068B8B1E1
:102AC00001203860FEF7F6FF064606E0FEF7F2FF4B
:102AD000801B022801D9032082E728688007F5D5EA
:102AE0002868216920F0F80040EAC10028600FE062
:102AF000C7F80090FEF7DEFF064606E0FEF7DAFFB5
:102B0000801B022801D903206AE728688007F5D4D2
:102B10002078000729D5DFF844A2924861690AF1BC
:102B2000700A89B101210160FEF7C4FF064606E084
:102B3000FEF7C0FF801B022801D9032050E7DAF816
:102B400000008007F4D510E0C0F80090FEF7B2FF57
:102B5000064606E0FEF7AEFF801B022801D90320DF
:102B60003EE7DAF800008007F4D42078400778D5F3
:102B70004FF0000A79483C300068C0000BD4774819
:102B80003C30016841F080510160006800F08050E5
:102B900000904FF0010ADFF8D0B1DBF80000C0056B
:102BA00014D4DBF8000040F48070CBF80000FEF78E
:102BB00081FF064606E0FEF77DFF801B022801D953
:102BC00003200DE7DBF80000C005F4D5634EA068D4
:102BD0006C3601280FD0052812D0306820F0010093
:102BE0003060306820F004003060A068F8B1FEF773
:102BF00061FF834617E0306840F001003060F4E781
:102C0000306840F004003060306840F0010030600F
:102C1000EBE7FEF74FFFA0EB0B0141F2883081425A
:102C200001D90320DCE630688007F2D510E0FEF71A
:102C300041FF834609E0FEF73DFFA0EB0B0141F2A7
:102C40008830814201D90320CAE630688007F2D477
:102C5000BAF1010F05D141483C30016821F08051A3
:102C60000160A069C0B33D49091D09684FF0FF36F6
:102C7000C1F38101022946D0022805D0C7F860902F
:102C8000FEF718FF04463AE0C7F86090FEF712FF1F
:102C9000814607E0FEF70EFFA0EB0900022801D9EC
:102CA00003209DE628688001F4D4D4E90701084395
:102CB000616AA26A890106EB520241EA02410843B5
:102CC00094F82C1040EA0160C8F800000120386632
:102CD000FEF7F0FE044607E03DE0FEF7EBFE001BCA
:102CE000022801D903207BE628688001F5D532E06F
:102CF000FEF7E0FE001B022801D9032070E62868D9
:102D00008001F5D427E0012823D0D8F80000E2693B
:102D100000F4800191421AD1226A00F03F019142F1
:102D200015D147F6C071626A0140B1EB821F0ED126
:102D3000A26A00F4403106EB5202B1EB024F06D119
:102D400094F82C1000F07060B0EB016F03D00120FC
:102D500046E6012044E6002042E600000438024036
:102D600000004742800E47420070004010B5044604
:102D7000002C02D0607F10B106E0012010BD0020C1
:102D80002077204600F042F8022060772068C16872
:102D9000C943C90631D5CA2141622168532048621E
:102DA000204601F073FEC8B920688168164A1140B8
:102DB00081602068816862681143D4E904231A4362
:102DC000114381602168E0680861206801692289F7
:102DD00041EA02410161204601F07BFE48B92168C9
:102DE0000A6C22F480220A6421680A6CA3691A43DF
:102DF0000A642268FF21516200E000200028BDD152
:102E00000121617710BD0000BFFF8FFF1FB50021BA
:102E100000910191029103910068084988420CD108
:102E200002200090000203906846FFF7FBFB08B108
:102E3000FDF7C8FE0249012008601FBD00280040C0
:102E40003C0E474270B504460B46207F012805D052
:102E5000012626770220607712B108E0022070BDBB
:102E60005878C10603D500F0EF000A305870A2B1BF
:102E70009878D97840EA014558781978000240EAF4
:102E8000413005432168CA204862216853204862C6
:102E9000204601F0FBFD88B117E0D87801F0EBFD8A
:102EA0000204587801F0E7FD42EA0022987801F028
:102EB000E2FD0243187842EA4035E3E7074805405F
:102EC00020684560204601F004FE00B9667722685C
:102ED000FF2151620021217770BD00003FFFFF00FC
:102EE0002DE9F04104460D46207F012821D04FF006
:102EF000010884F81C80022060770027E2B1206876
:102F00008068400600D4EF70A878297840EA01462E
:102F10006878E978000240EA815006432168CA20B7
:102F20004862216853204862204601F0AFFDC8B1D5
:102F30002BE00220BDE8F08120688068400600D4C4
:102F4000EF70287801F097FD0204687801F093FD96
:102F500042EA0022A87801F08EFD0243E87842EAB6
:102F60008056DBE70D4806402068066020688168CF
:102F700021F480218160D5E9031001432068826833
:102F800011438160204601F0A4FD08B984F81D803A
:102F90002268FF2151622777CCE700007F7F7F0006
:102FA00070B505460A482968C860FEF783FD0446E7
:102FB0004FF47A7606E0FEF77DFD001BB04201D9A2
:102FC000032070BD2868C0688006F4D5002070BD5D
:102FD0005F7F010070B50446002C09D0606A0025AF
:102FE00040B125616561A56294F8510040B10CE0E3
:102FF000012070BD6068B0F5827FF4D0E561F2E732
:1030000084F85050204600F045F8022084F8510022
:103010002068016821F040010160A088218900F446
:10302000827001F404410843A18901F4006108435E
:10303000217C01F002010843217D01F001010843D8
:10304000218B01F400710843217F01F0380108430E
:1030500094F8201001F080010843218D01F4005103
:10306000084321680860A069042101EA104094F82F
:10307000241001F010010843216848602068C169EC
:1030800021F40061C1616565012084F851000020D0
:1030900070BD000010B586B00446142101A8FDF7EC
:1030A00051FA14492068884221D10021124802684F
:1030B00042F480420260006800F4804000900E48B4
:1030C0001038026842F002020260006800F002005C
:1030D00000904FF460400190022002900391032081
:1030E00004900520059001A90448FEF7F3FB06B003
:1030F00010BD00000038004040380240000402408B
:103100002DE9FF4F81B004460E9E93461F460125D0
:10311000FEF7D0FC804694F85100616801280AD07F
:10312000B1F5827F03D1A16809B9042803D0022038
:1031300005B0BDE8F08F0298A0B3BBF1000F32D00C
:10314000380030D094F8500001282ED04FF0010AFA
:1031500084F850A094F85100042802D0052084F887
:1031600051004FF00009C4F85490C4F838B0E78714
:10317000A78702982063E786A786C4F84090C4F822
:10318000449020680168490603D4016841F0400179
:103190000160E068B0F5006F09D06068F0B3012FFE
:1031A0004DD082E0FFE70120C2E70220C0E760685F
:1031B00008B1012F3CD1206B21680088C860206BCA
:1031C000801C2063E08E401EE08631E0206881682C
:1031D00089070DD5E18E59B1012D09D1216B0988DF
:1031E000C160206B801C2063E08E401EE0860025BD
:1031F00020688168C9070BD0E18F49B1C068A16B15
:103200000880A06B801CA063E08F401EE087012532
:10321000FEF750FCA0EB0800B04200E00FE007D33F
:10322000701C05D084F851A084F8509003207FE7EB
:10323000E08E0028CAD1E08F0028C7D13BE0206B88
:10324000216800780873206B401C2063E08E401ECC
:10325000E0862AE02068816889070DD5E18E59B1A2
:10326000012D09D1216B09780173206B401C20636B
:10327000E08E401EE086002520688168C9070BD0DB
:10328000E18F49B1C068A16B0870A06B401CA063BE
:10329000E08F401EE0870125FEF70CFCA0EB080044
:1032A000B04201D3701C12D18EB1E08E0028D1D172
:1032B000E08F0028CED142463146204601F028FC5E
:1032C00058B12020606584F85090012030E784F8E0
:1032D00051A084F8509003202AE7A06818B920680C
:1032E000C1688068009084F851A084F85090606DA7
:1032F00008B101201CE700201AE770477047000062
:1033000070B590F83C20012A31D0012680F83C604D
:10331000022280F83D2002685468936824F070050A
:103320000C682C435460134C0268A24214D0B2F1D2
:10333000804F11D0104CA2420ED0104CA2420BD0A4
:103340000F4CA24208D00F4CA24205D00E4CA24214
:1033500002D00E4CA24204D123F0800349681943E5
:1033600091603C30467000210170002070BD022049
:1033700070BD000000000140000400400008004053
:10338000000C0040000401400040014000180040D3
:1033900010B50446002C03D094F83D0010B107E0AE
:1033A000012010BD002084F83C00204600F016F8F3
:1033B000022084F83D00211D206801F0B7FC0120A7
:1033C0003D3460726070A070E07020716071A07117
:1033D000E07120722070002010BD000008B5006868
:1033E0000C4A0D49904208D1086840F00800086076
:1033F000086800F00800009008BD084A9042FBD120
:10340000086840F010000860086800F010000090A4
:1034100008BD0000000C0040403802400010004091
:1034200090F83D10012901D001207047022180F859
:103430003D1000681349884214D0B0F1804F11D07C
:10344000114988420ED0114988420BD01049884258
:1034500008D01049884205D00F49884202D00F4950
:10346000884209D1816801F00701062908D0016866
:1034700041F00101016003E0016841F001010160D8
:103480000020704700000140000400400008004098
:10349000000C0040000401400040014000180040C2
:1034A00090F83D10012901D001207047022180F8D9
:1034B0003D100168CA6842F00102CA600068144900
:1034C000884214D0B0F1804F11D0124988420ED0FA
:1034D000114988420BD01149884208D010498842CE
:1034E00005D01049884202D00F49884209D181682D
:1034F00001F00701062908D0016841F001010160CF
:1035000003E0016841F00101016000207047000004
:10351000000001400004004000080040000C004092
:1035200000040140004001400018004070B504460E
:10353000002594F83C00012817D0012684F83C604F
:10354000022084F83D002068826822F0770222F48D
:103550007F4282600868502838D00DDC202853D084
:1035600005DC90B3102811D14EE0022070BD302848
:103570004AD040280AD13DE0602831D070280CD0D4
:10358000B0F5805F03D0B0F5005F12D001253C3468
:10359000667000202070284670BDCB68D1E90121FB
:1035A000206801F03EFC2068816841F0770181606D
:1035B000EDE7CB68D1E90121206801F032FC2068F9
:1035C000816841F480418160E1E71DE0CA68496893
:1035D000206801F009FD5021206801F02CFCD6E79D
:1035E000CA684968206801F010FD6021206801F078
:1035F00022FCCCE7CA684968206801F0F5FC40214C
:10360000206801F018FCC2E722680146104601F06C
:1036100012FCBCE770472DE9F04104462068C568FC
:1036200006694FF00007B10714D5A90712D5F91E96
:1036300001610120207720688069800703D020463F
:10364000FFF7E8FF05E0204600F0BCF8204600F058
:103650004CF92777700717D5680715D521686FF0E3
:1036600004000861022020772068806910F4407F00
:1036700003D02046FFF7CEFF05E0204600F0A2F879
:10368000204600F032F92777300716D5280714D5E1
:1036900021686FF008000861042020772068C06965
:1036A000800703D02046FFF7B5FF05E0204600F075
:1036B00089F8204600F019F92777F00617D5E806B3
:1036C00015D521686FF01000086108202077206868
:1036D000C06910F4407F03D02046FFF79BFF05E050
:1036E000204600F06FF8204600F0FFF82777F0073B
:1036F00008D0E80706D021686FF001000861204675
:1037000000F062F9300608D5280606D521686FF06A
:10371000800008612046FFF7F0FD700608D56806B6
:1037200006D521686FF040000861204600F056F988
:10373000B0060AD5A80608D521686FF020000861F8
:103740002046BDE8F041FFF7D9BDBDE8F08100009B
:1037500010B586B00446142101A8FCF7F3FE154904
:103760002068884224D11448016841F0800101603A
:10377000006800F0800000904FF4E05001900220BB
:103780000290012103910490059001A90B48FEF7D6
:10379000A1F80B48FFF744FE0021094800F0A6F805
:1037A0000421074800F0A2F80821054800F09EF81F
:1037B00006B010BD000C004030380240001C024032
:1037C00094090020704770B504460D46002694F811
:1037D0003C0001280FD0012084F83C006AB1042A83
:1037E0001FD0082A32D00C2A44D00126002084F8A9
:1037F0003C00304670BD022070BD2946206801F0B3
:1038000023FB2068816941F008018161206881699A
:1038100021F004018161206881692A691143816175
:10382000E4E72946206801F043FB2068816941F400
:10383000006181612068816921F480618161206873
:1038400081692A6941EA02218161CFE7294620681E
:1038500001F068FB2068C16941F00801C16120687E
:10386000C16921F00401C1612068C1692A6911435D
:10387000C161BBE72946206801F08CFB2068C16963
:1038800041F40061C1612068C16921F48061C161B6
:103890002068C1692A6941EA0221C161A6E710B521
:1038A0000446002C03D094F83D0010B107E001203D
:1038B00010BD002084F83C00204600F015F80220DE
:1038C00084F83D00211D206801F030FA01203D34CC
:1038D00060726070A070E07020716071A071E07122
:1038E00020722070002010BD7047704710B504464C
:1038F000002909D004290AD008290BD094F84100E6
:1039000001280AD0012010BD94F83E00F8E794F891
:103910003F00F5E794F84000F2E70220A9B304293C
:1039200037D0082938D084F841000122206801F0FE
:103930006BFA1E4920681E4A884201D0904203D18A
:10394000436C43F4004343642068884213D0B0F1D1
:10395000804F10D0174988420DD0174988420AD0AD
:103960001649884207D0904205D01549884202D0B6
:103970001449884213D1816801F00701062912D049
:10398000016841F0010101600DE0FFE784F83E00AD
:10399000CBE784F83F00C8E784F84000C5E701683A
:1039A00041F001010160002010BD00000000014055
:1039B000000401400004004000080040000C0040EA
:1039C000004001400018004000680349884201D1CE
:1039D000FEF776B87047000000000140704738B528
:1039E000044694F84200202801D0022038BD51B18D
:1039F0004AB10120206300206063204601F0C6FC2C
:103A0000014611B105E0012038BD206B012802D02C
:103A10000121084638BD206802684068009020688F
:103A20000C3050E8002F42F0100240E80023002B39
:103A3000F5D1EEE700680349884202D1024901202E
:103A400008707047004800400402002070470000E2
:103A5000F8B5044622681068D168536900F00F0673
:103A6000002E08D1850606D58D0604D52046BDE872
:103A7000F84001F09DBB0025002E66D003F0010642
:103A800001F49077374360D0C20705D0CA0503D54B
:103A9000626C42F001026264420705D5DA0703D086
:103AA000626C42F002026264820705D5DA0703D035
:103AB000626C42F004026264020707D501F0200242
:103AC000324303D0626C42F008026264626C002AE6
:103AD00031D0800604D5880602D5204601F068FB67
:103AE00020684069C0F38010616C090700D438B3C6
:103AF000204601F01BFB2068406940061CD5206869
:103B0000143050E8001F21F0400140E80012002A64
:103B1000F5D1E06B60B159490165E06BFDF71DFD22
:103B2000002808D0E06B016D01B0BDE8F040084707
:103B30002046FFF78BFFF8BD2046FFF787FFF8BD53
:103B40002046FFF783FF6564F8BD236B012B7DD111
:103B5000C3067BD5CB067FD51068506800905069AE
:103B60004FF0200340064FF0020644D5E16B086891
:103B7000406880B20028E7D0A28D8242E4D9E08577
:103B8000C869B0F5807F2DD020680C3050E8001F48
:103B900021F4807140E80012002AF5D12068143029
:103BA00050E8001F21F0010140E80012002AF5D181
:103BB0002068143050E8001F21F0400140E8001256
:103BC000002AF5D184F84230256320680C3050E893
:103BD000001F21F0100140E80012002AF5D1E06B2F
:103BE000FDF774FC6663A08DE18D401A81B220461A
:103BF000FFF720FFF8BDA08DE18D401A81B2E08D66
:103C00000028F7D00029F5D020680C3050E8002FAC
:103C100022F4907240E80027002FF5D1206814307C
:103C200050E8002F22F0010240E80027002FF5D1D4
:103C300084F84230256320680C3050E8002F22F0D1
:103C4000100240E80023002BF5D100E004E0666399
:103C50002046FFF7EFFEF8BD020606D50A0604D59A
:103C60002046BDE8F84001F0DBBB4006F3D548062E
:103C7000F1D52046BDE8F84001F07FBA2F5000088A
:103C800070B50446002C04D094F84100002510B112
:103C900006E0012070BD84F84050204600F024F872
:103CA000242084F841002068C16821F40051C160DB
:103CB000204601F0E1FA2068016921F49041016198
:103CC0002068416921F02A0141612068C16841F4FE
:103CD0000051C1606564202084F8410084F84200EE
:103CE0006563002070BD00002DE9F04F87B00446E9
:103CF000142102A8FCF726FC8648854B143822685C
:103D000084490225002706154FF003094FF0070BE1
:103D10004FF0006A4FF400389A4261D10A6842F0CD
:103D200010020A60096801F010010191016841F078
:103D300002010160016801F002010191016841F096
:103D400001010160006800F00100019080200290F4
:103D500003950497CDF81490CDF818B002A96E48D9
:103D6000FDF7B8FD2802029003950497CDF8149052
:103D7000CDF818B002A96948FDF7ACFD694D684857
:103D80002860C5F804A0AF60EF602E616F61AF617D
:103D9000EF61C5F820806F622846FDF7D9FC08B1B5
:103DA000FCF710FFE563AC635D485E4D3030603575
:103DB0002860C5F804A04020A860EF602E616F6104
:103DC000AF61EF61C5F820806F622846FDF7C0FC47
:103DD00008B1FCF7F7FEA563AC6307B0BDE8F08F50
:103DE000514B9A4237D14B49091F0A6842F480224D
:103DF0000A60096801F480210191016841F0040121
:103E00000160006800F0040001904FF440600290EF
:103E100003950497CDF81490CDF818B002A9434843
:103E2000FDF758FD3F4D4248C0352860C5F804A055
:103E3000AF60EF602E616F61AF61EF614FF44030B2
:103E400028626F622846FDF783FC08B1FCF7BAFED2
:103E5000E563AC63C1E7374B9A42BED10A6842F0D2
:103E600020020A60096801F020010191016841F017
:103E700040010160006800F0400001904FF4844070
:103E8000029003950497CDF814900820069002A99B
:103E90002948FDF71FFD2248284D603828604FF063
:103EA0002069C5F80490AF60EF602E616F61AF616B
:103EB0008015E861C5F820806F622846FDF748FC50
:103EC00008B1FCF77FFEE563AC6315481B4D183065
:103ED00060352860C5F804904020A860EF602E612E
:103EE0006F61AF61EF61C5F820806F622846FDF712
:103EF0002FFC08B1FCF766FEA563AC630022052128
:103F00004720FDF76FFE4720FDF75EFE65E70000E6
:103F1000001001404438024000040240000002400A
:103F200088640240FC0A002000480040000802406B
:103F30002860024000140140001802401C0C0020C0
:103F4000704770477047FEE7F0B40023002A18D985
:103F50000A24302537269C46B4EB107F04D905EBA4
:103F6000107701F8137003E006EB107701F8137077
:103F7000000101EB430787F801C05B1CDBB29342F1
:103F8000EAD3F0BC70473EB50446002C18D00020A0
:103F9000029060684169A26891434161FF200090EE
:103FA000012301AA02A92068FFF7AAF8BDF80400BE
:103FB000A08160684169A26811434161A0893EBD4A
:103FC00005203EBD3EB50446002C1BD000200290CB
:103FD000019060684169A26891434161FF200090AF
:103FE000022301AA02A92068FFF78AF860684169E4
:103FF000A26811434161BDF80400A081BDF906002B
:1040000060613EBD05203EBD0160426083600021CD
:104010008181C1817047000010B51348FFF7D2FFBE
:10402000114CE0812046FFF7AEFFA08100EE100AA0
:10403000DFED0E0AE089B8EE400AC0EB004070EEFA
:10404000600A00EE100AB8EEC00A30EE800ABDEE3B
:10405000C00A10EE100A4FF6FF7190FBF1F000EE6F
:10406000100AB8EEC00A10BD24A40020009806472C
:104070004FF48053024A03490348FFF7C5BF0000CD
:10408000000402403C09002024A4002010B50F4881
:104090000D4901600321416000218160C1604FF43E
:1040A000102202614FF4001242610176417681765E
:1040B000C17601774177FDF737F8002803D0BDE8D6
:1040C0001040FCF77FBD10BD00640040CC0800200C
:1040D00010B50F480D490160032141600021816046
:1040E000C1604FF4102202614FF400124261017668
:1040F00041768176C17601774177FDF715F8002882
:1041000003D0BDE81040FCF75DBD10BD0068004065
:10411000F408002008B51D48016841F480010160E1
:10412000016801F480010091016841F4001101600F
:10413000006800F400100090002205210C20FDF71B
:1041400051FD0C20FDF740FD002205213920FDF72F
:1041500049FD3920FDF738FD002205214420FDF7F7
:1041600041FD4420FDF730FD002205214520FDF7EB
:1041700039FD4520FDF728FD002205214620FDF7E9
:1041800031FDBDE808404620FDF71EBD3038024035
:1041900010B5B8B000222421202005F049F9334C95
:1041A000206000222421402005F042F960600022B6
:1041B0002421202005F03CF9A0601C222C4931A8C4
:1041C000FCF78EF9002131A804F047F9A0621C2207
:1041D00027491C312AA8FCF783F900212AA804F0FA
:1041E0003CF9E0601C222249383123A8FCF778F919
:1041F000002123A804F031F920611C221C4954310C
:104200001CA8FCF76DF900211CA804F026F96061D8
:104210001C221749703115A8FCF762F9002115A876
:1042200004F01BF9E0611C2211498C310EA8FCF747
:1042300057F900210EA804F010F9A0611C220C49C6
:10424000A83107A8FCF74CF9002107A804F005F9EC
:1042500020621C220649C4316846FCF741F900215E
:10426000684604F0FAF8606238B010BD0000002023
:10427000BC9D00082DE9F04387B0142102A8FCF78B
:1042800061F900244248016841F0020101600168BF
:1042900001F002010191016841F0400101600168F3
:1042A00001F040010191016841F0010101600168E4
:1042B00001F001010191016841F00801016001680C
:1042C00001F008010191016841F0040101600168F9
:1042D00001F004010191016841F4807101600168FD
:1042E00001F480710191016841F0200101600168D1
:1042F00001F020010191016841F080010160006836
:1043000000F080000190234F002280213846FDF705
:10431000C9FBDFF88480002203214046FDF7C2FB81
:10432000DFF87890BE14002231464846FDF7BAFB0C
:1043300080200290012503950494059402A9384633
:10434000FDF7C8FA0320029003950494059402A98E
:104350004046FDF7BFFA02954FF404100390049510
:1043600002A90F48FDF7B6FA029603950494059446
:1043700002A94846FDF7AEFA062100220846FDF7DD
:1043800031FC0620FDF720FC07B0BDE8F0830000FB
:104390003038024000200240001402400004024075
:1043A0000018024010B586B0142101A8FCF7CAF825
:1043B000002400941A481949016044600321816077
:1043C0000721C160046144618461FEF7CFFC08B13C
:1043D000FCF7F8FB8DF804408DF805408DF8064099
:1043E00004940594012201A90D48FEF779FD08B156
:1043F000FCF7E8FB01208DF800008DF801008DF836
:1044000002008DF80340012269460548FEF71AFDB7
:10441000002801D0FCF7D6FB06B010BD00280040F4
:104420001C09002010B511480F4901604FF482713A
:104430004160002181604FF40062C260022202618B
:1044400001224261520282613822C26101624162EC
:1044500081620A21C162FEF7BDFD002803D0BDE8DC
:104460001040FCF7AFBB10BD003800403C090020F5
:1044700010B58EB000240A940B940C940D940894FB
:1044800009941C2101A8FCF75DF826482449016025
:10449000446084604FF6FF71C16004618461FEF77F
:1044A00077FF08B1FCF78EFB4FF480500A900AA901
:1044B0001C48FFF73BF808B1FCF784FB1948FFF7ED
:1044C000EEF908B1FCF77EFB0894099408A9154899
:1044D000FEF716FF08B1FCF775FB6020019002940F
:1044E00003940594002201A90E48FFF76CF908B166
:1044F000FCF768FB042201A90A48FFF764F908B138
:10450000FCF760FB082201A90648FFF75CF908B137
:10451000FCF758FB0348FFF71BF90EB010BD000075
:10452000000C0040940900201CB500240094019464
:104530000E480D4901605321416084604FF6FF71C0
:10454000C16080218161FEF723FF08B1FCF73AFBCF
:104550000094019469460548FEF7D2FE002801D078
:10456000FCF730FB1CBD000000100040DC090020FF
:1045700010B50C480A4901604FF4E1314160002157
:104580008160C16001610C2242618161C161FFF7FC
:1045900077FB002803D0BDE81040FCF713BB10BD2B
:1045A00000100140240A002010B50D480B4901609D
:1045B0000C494160002181604FF40052C260D2106A
:1045C00002610C2242618161C161FFF759FB002841
:1045D00003D0BDE81040FCF7F5BA10BD004800401C
:1045E0006C0A0020A086010010B50C480A49016041
:1045F0004FF4E131416000218160C16001610C2212
:1046000042618161C161FFF73BFB002803D0BDE837
:104610001040FCF7D7BA10BD00140140B40A0020C6
:1046200010B500220F49104801F06CFC08B1FCF7EE
:10463000C9FA0E490C4801F0BCFE08B1FCF7C2FAF9
:104640000B49094801F01AF908B1FCF7BBFA064812
:1046500001F084FF002803D0BDE81040FCF7B2BA97
:1046600010BD000030000020240D0020FC000020C0
:1046700080000020FEE7FEE70148FDF728BC0000AF
:104680002024002070B504462068056C00EB411022
:10469000D0F8081B0C4EB54205D9090403D54FF4D8
:1046A0000041C0F8081B2046FDF77CFFB54208D941
:1046B000A079012805D104F29C420121206802F072
:1046C000E3FA002070BD00000A30544F2DE9F0419C
:1046D00005460C462E68306C06EB4411D1F8083BB9
:1046E00095F806804FF400474FF0200C05F29C42ED
:1046F000B8F1010F08D0DFF8B080404545D118046B
:104700003AD5C1F8087B4CE0284E5FEA037806D51D
:10471000B04246D9180444D5C1F8087B41E05FEAAD
:10472000836802D5C1F808CB3BE013F0280F38D1DD
:10473000B04204D9180402D5C1F8087B31E004EB7B
:10474000C40005EB800000F51570D1F8101B036A5A
:10475000C1F31201591A416124B903693BB1C2681E
:104760001144C160E1B22846FDF7A1FA19E0012128
:10477000286802F089FAF5E7980601D5C1F808CB58
:10478000E1B22846FDF793FA0BE034B9D5F864029C
:1047900018B90021304602F077FAE1B22846FDF759
:1047A00086FA0020BDE8F0810A31544F0A30544F98
:1047B0002DE9F84F80460E46D8F8007006EBC6008B
:1047C00008EB80041434D4E90410884202D9012093
:1047D000BDE8F88F081AA168814200D20846C01CC3
:1047E0004FEA900A07EB461916E0151AA268AA428A
:1047F00000D21546E81C4FEA900A98F8060000908F
:10480000ABB2F2B23846E16802F0A4FDE068284499
:10481000E060606928446061D9F8180980B25045A9
:1048200005D3D4E90420904201D2002ADDD1D4E995
:104830000401884208D806F00F0101208840D7F80B
:1048400034188143C7F834180020C1E780ED000A0E
:10485000C0ED010A80ED021AC0ED031A9FED100AA7
:1048600080ED040A80ED050A80ED060A80ED070A56
:1048700080ED0B0A80ED090A80ED0A0A80ED0F0A2F
:1048800080ED100A80ED110A80ED120A80ED130A06
:1048900080ED0C2AC0ED0D2A80ED0E3A7047000025
:1048A0000000000010B50446C4ED090A84ED0A0AB0
:1048B00030EEC00A84ED040AD4ED050AD4ED001AE6
:1048C00030EE601A21EE211A84ED0F1A94ED011AD0
:1048D00021EE001A84ED101AB0EE001A00EEC10AA3
:1048E000D4ED060A30EE200AD4ED020A20EE200AAA
:1048F00084ED110A94ED0C0A04F1400002F076FDFB
:1049000094ED0F0AD4ED100A30EE200AD4ED110A0E
:1049100030EE200A84ED130A94ED0D0A04F14C00E8
:1049200002F064FD94ED050A84ED060A94ED040A94
:1049300084ED050A94ED130A10BD10B50446C4EDCC
:10494000090A84ED0A0A30EEC00A84ED040AD4EDA7
:10495000000A60EE800AC4ED0F0AD4ED070A30EEBB
:10496000800A84ED070A94ED0C0A04F11C0002F0A1
:104970003DFD94ED010AD4ED070A60EE200AC4ED76
:10498000100A94ED040A94ED051A30EE410A94EDF4
:10499000021A20EE010A84ED110A94ED0F1A71EE4D
:1049A000200A30EE800A84ED130A94ED0D0A04F11A
:1049B0004C0002F01BFD94ED040A84ED050A94ED11
:1049C000130A10BD10B50446C4ED090A84ED0A0AA5
:1049D00030EEC00A84ED040A94ED0B1A70EEC10AA1
:1049E000C4ED080AD4ED000A60EE800AC4ED0F0A97
:1049F000D4ED070A30EE800A84ED070A94ED0C0A24
:104A000004F11C0002F0F2FC94ED010AD4ED070A57
:104A100020EE200A84ED100AD4ED040A94ED051A64
:104A200070EEC10A94ED021A20EE811A84ED111A7B
:104A3000D4ED030AD4ED081A60EEA10AC4ED120AFF
:104A4000D4ED0F1A31EE800A30EE010A30EE200A62
:104A500084ED130A94ED0D0A04F14C0002F0C6FC3B
:104A600094ED040A84ED050A94ED090A84ED0B0A1D
:104A700094ED130A10BD002102E0491C0A38C0B2AF
:104A80000A28FAD2090740EA116070472DE9F0417F
:104A9000044600252068C168490617D4C16841F062
:104AA0008001C160FDF706F806464FF47A780427C6
:104AB00006E0FCF7FFFF801B404501D96777012521
:104AC0002068C068400601D4012DF2D12846BDE817
:104AD000F08170B5044600252068C16821F080018E
:104AE000C16020688068800606D42046FEF758FA28
:104AF00010B1042060770125284670BD08B504F088
:104B000091FF00900A21684604F0B0FAFAE700002D
:104B10007CB504460E461546334601220221204646
:104B2000009500F033F828B1606D40F0200060651A
:104B300003207CBD134814490068B0FBF1F04FF42A
:104B40007A71484301906068B0F5827F0DD1334699
:104B5000002280212046009500F018F878B1606DA1
:104B600040F02000606503207CBD019838B10198B9
:104B7000401E019020688068C0430006F5D50020E3
:104B80007CBD00009400002000366E012DE9F84342
:104B900004460F4691461E46089DFCF78BFF401BBE
:104BA000351AFCF787FF804626480068C0F3CB30F3
:104BB000684300903AE0701C38D0FCF77BFFA0EB14
:104BC0000800A84203D215B1009858B32BE0206822
:104BD000416821F0E00141606068B0F5827F0BD14F
:104BE000A068B0F5004F02D0B0F5806F04D1206806
:104BF000016821F040010160A06AB0F5005F09D1B1
:104C00002068016821F4005101602068016841F4C6
:104C1000005101600120503460700020207003209A
:104C2000BDE8F88300250098401E00902068806849
:104C300037EA000004D000204845BCD10020EFE74F
:104C40000120F9E79400002010B5502080F311886E
:104C5000BFF34F8FBFF36F8F04F0EAFE18B1044922
:104C60004FF080500860002080F3118810BD0000D4
:104C700004ED00E030B593B0302107A8FBF762FCEB
:104C8000142102A8FBF75EFC00251F48016841F0D3
:104C900080510160006800F0805001901B4801685D
:104CA00041F480410160006800F4804001900920D7
:104CB00007904FF48030089001200C9002240D944E
:104CC00080050E9006200F90A820109011940720C8
:104CD000129007A8FDF76AFE08B1FBF773FF0F20DB
:104CE0000290039404954FF4A05005904FF4805027
:104CF0000690052102A8FDF739FD002801D0FBF739
:104D000061FF13B030BD0000403802400070004029
:104D10000248016841F470010160704788ED00E0CD
:104D20000148FEF778BC0000DC0C00202DE9F041C2
:104D300002682A4D2A4E2B4FDFF8ACC02B4B4FF0A8
:104D40008048A84209D0404507D0B04205D0B842BB
:104D500003D0604501D0984203D122F070044A6824
:104D60002243A8421BD0404519D0B04217D0B842C8
:104D700015D0604513D0984211D01D4CA0420ED0E2
:104D80001C4CA0420BD01C4CA04208D01B4CA04293
:104D900005D01B4CA04202D01A4CA04203D122F4F1
:104DA0004074CA6822434C6922F0800222430260A8
:104DB0008A68C2620A688262A84201D0984201D120
:104DC00009690163012141610169C90703D00169D2
:104DD00021F001010161BDE8F08100000000014007
:104DE0000004004000080040000C004000040140A6
:104DF00000400140004401400048014000180040CC
:104E0000001C00400020004010B501F01F010123EC
:104E10008B40046A9C430462036A8A401343036222
:104E200010BD10B5846824F47F4442EA03220A438B
:104E30002243826010BD826822F070020A4342F071
:104E40000701816070470000F0B5056A026A22F030
:104E5000010202624368826922F0700222F00302BA
:104E60000C68144325F002058A682A430E4E0F4F42
:104E7000B04201D0B84205D122F00805CA682A43E1
:104E800022F00402B04201D0B84207D123F480736B
:104E900023F400734D691D438B692B434360846188
:104EA000496841630262F0BD000001400004014016
:104EB000F0B5026A036A23F0100303624368846951
:104EC00024F4E04424F440740D6844EA052422F0FC
:104ED00020028D6842EA0512104D114EA84201D001
:104EE000B04206D122F08002CF6842EA071222F0D7
:104EF0004002A84201D0B04209D123F4806323F4D8
:104F000000634D6943EA85038D6943EA8503436085
:104F10008461496881630262F0BD000000000140C5
:104F200000040140F0B5026A036A23F4807303624F
:104F30004368C46924F0700424F003050C682C4312
:104F400022F400728D6842EA0522104D104EA842EC
:104F500001D0B04206D122F40062CF6842EA0722B3
:104F600022F48062A84201D0B04209D123F48053D8
:104F700023F400534D6943EA05138D6943EA051391
:104F80004360C4614968C1630262F0BD0000014032
:104F90000004014030B5036A026A22F480520262C2
:104FA0004268C46924F4E04424F440740D6844EA7F
:104FB000052423F400538D6843EA0533084DA842C5
:104FC00002D0084DA84204D122F480424D6942EA41
:104FD00085124260C46149680164036230BD00000B
:104FE000000001400004014010B5036A046A24F087
:104FF00001040462846924F0F00444EA021423F0FA
:105000000A020A438461026210BD10B5036A046A91
:1050100024F010040462846924F4704444EA0232E7
:1050200023F0A00343EA01118261016210BD10B5B3
:10503000806B0021C185C184FEF708FD10BD70B5ED
:10504000846B20684069C0F3C01094F841100025BB
:10505000212904D118B1E584204600F09BF820688E
:105060004069C0F3801094F84210222904D118B18D
:10507000E585204600F05AF8606C40F0100060644E
:105080002046FEF7E3FC70BD10B50146886B096849
:1050900009684FF00003C9052ED4C38501680C319F
:1050A00051E8002F22F4807241E80024002CF5D151
:1050B0000168143151E8002F22F0010241E8002478
:1050C000002CF5D10168143151E8002F22F0400284
:1050D00041E80024002CF5D1202180F84210016B1A
:1050E000012909D101680C3151E8002F22F010028A
:1050F00041E80024002CF5D14363016B012902D063
:10510000FEF71EFF10BD818DFEF794FC10BD10B59B
:10511000806B01214163016B012902D0FEF711FF71
:1051200010BD818D4908FEF785FC10BD01680C316A
:1051300051E8002F22F4907241E80023002BF5D1B2
:105140000168143151E8002F22F0010241E80023E8
:10515000002BF5D1016B012909D101680C3151E80F
:10516000002F22F0100241E80023002BF5D120216E
:1051700080F8421000210163704710B50168CA68C9
:1051800022F04002CA60202180F84110FEF7DAFECA
:10519000002010BD01680C3151E8002F22F0C00240
:1051A00041E80023002BF5D1202180F84110704701
:1051B00008B590F84210222901D0022008BD82686B
:1051C0004FF480539A4201D1016921B1816A9A4218
:1051D0001DD052B10BE0816A02685268C2F3080226
:1051E0000A80816A891C816209E002697AB10268D9
:1051F000526802F07F020A70816A491C8162C18D87
:10520000491E0904090CC18505D0002008BD0268AB
:1052100052680A70F0E70168CA6822F02002CA608A
:105220000168CA6822F48072CA6001684A6922F083
:1052300001024A61202180F8421000214163026B83
:10524000012A03D0FEF77CFE002008BD016301683F
:105250000C3151E8002F22F0100241E80023002B0E
:10526000F5D101680A68D20602D50A68496800913A
:10527000818DFEF7DFFBE7E72DE9F041044620686A
:105280000169E26821F4405111430161A16820697C
:10529000E26901436069104301432068C26849F232
:1052A0000C639A430A43C26020684169A26921F4F1
:1052B00040711143416133492068884202D032492C
:1052C000884202D1FDF72CFB01E0FDF719FBE169F3
:1052D0000023192764253226B1F5004F28D06168D4
:1052E0008B0F8A00A0FB0701FBF73EF80146B0FBDD
:1052F000F5F07A42504301EB800006EB0010B0FB62
:10530000F5F000F0F002B1FBF5F002EB0012B1FB9A
:10531000F5F07B42584301EB800006EB0010B0FB38
:10532000F5F0216800F00F0010448860BDE8F081BE
:1053300061684A18A0FB07015B41FBF715F80146BD
:10534000B0FBF5F00201B1FBF5F06FF01803584324
:1053500001EB800006EBC000B0FBF5F000F0F800B8
:1053600002EB4002B1FBF5F0584301EB800006EB85
:10537000C000B0FBF5F0216800F007001044886021
:10538000D4E70000001001400014014037B582B09E
:1053900004461346039AA262A3850020606422217A
:1053A00084F84210E56B1B49E963E56B1A492964EF
:1053B000E56B1A49E964E16B08652168E06B091D3A
:1053C000FCF730FA2068016840680190206948B114
:1053D00020680C3050E8001F41F4807140E8001252
:1053E000002AF5D12068143050E8001F41F0010177
:1053F00040E80012002AF5D12068143050E8001F60
:1054000041F0400140E80012002AF5D105B000202B
:1054100030BD0000895000080F5100083F500008BF
:1054200090F84110212901D0022070478168B1F520
:10543000805F01D1016961B1016A4A1C02620268A0
:1054400009785160C18C491E0904090CC1840AD035
:1054500013E0016A02680988C1F308015160016A1A
:10546000891C0162EEE70168CA6822F08002CA6006
:105470000068C16841F04001C16000207047000031
:105480000148FEF7E5BA0000B40A002070B5D0F874
:10549000C822D0F8D43200EB8303D3F8C032002BFB
:1054A00028D001F00F0C0CEB8C0400EB84050026D7
:1054B000AC6954B10CEBCC0C02EB8C02D2F81CC0E2
:1054C000B4FBFCF20CFB1242B2B1C3F81462D0F888
:1054D000D42200EB8200D0F8C402D0F810C0BCF196
:1054E000000F05D00A4603F50471D3F80802E0471F
:1054F000002070BD032070BDAE6100231A4600F08D
:1055000036FFF5E770B50446D4F8D40204EB80000A
:10551000D0F8C052002D12D0204600F001FEC5F890
:105520000C02D4F8D412D5F8040204EB8101D1F8AE
:10553000C412CA6805F503719047002070BD0320AE
:1055400070BD000070B50446224D2046297800F059
:10555000F6FC2878002600F00F0000EB800004EB3A
:10556000800086846978204600F0E9FC687800F0C5
:105570000F0000EB800004EB8000A0F86461A978C4
:10558000204600F0DCFCA87800F00F0000EB800063
:1055900004EB80008684C684D4F8D40204EB800037
:1055A000D0F8C01299B1D0F8C40240688047D4F84E
:1055B000D40204EB8000D0F8C00201F06AF9D4F8FC
:1055C000D40204EB8000C0F8C062C4F8BC620020C2
:1055D00070BD0000A800002010B5D0F8D41200EB78
:1055E0008100D0F8C042002C10D0D0F8C41259B1BC
:1055F00094F80002FF2807D08B6894F80122214616
:105600009847FF2084F80002002010BD032010BD41
:105610000A21018000487047AC00002070B50646A2
:1056200082210C4800F0E4FB05460121094800F006
:10563000DFFB04468121074800F0DAFB0DB11021A1
:10564000A971402104B1A18000B181804320308044
:10565000004870BDB800002070B5064682210D4894
:1056600000F0C6FB054601210A4800F0C1FB0446D4
:105670008121084800F0BCFB0DB11021A9714FF445
:10568000007104B1A18000B18180432030800148C5
:1056900070BD0000B800002070B5064682210C489D
:1056A00000F0A6FB05460121094800F0A1FB0446D5
:1056B0008121074800F09CFB0DB11021A971402108
:1056C00004B1A18000B1818043203080004870BDCA
:1056D000B80000202DE9F04704464FF4077001F0B0
:1056E000D9F805464FF00008002D63D04FF407713C
:1056F0002846FAF727FFD4F8D40204EB8000C0F85C
:10570000C052C4F8BC52207C0127494E4FF010090A
:10571000002858D0402302223178204600F06EFD48
:10572000307800F00F0000EB800004EB80008784ED
:10573000402302227178204600F060FD707800F06E
:105740000F0000EB800004EB8000A0F86471B078DB
:1057500000F00F0000EB800004EB8000A0F8269022
:1057600008230322B178204600F048FDB07800F00D
:105770000F0000EB800004EB80008784C5F80482F2
:10578000D4F8D40204EB8000D0F8C402006880474B
:10579000C5F81482C5F81882D5F80422002A3CD036
:1057A000207CC8B340237178204600F033FD0020F0
:1057B000BDE8F087D4F8D40204EB8000C0F8C082C2
:1057C0000220BDE8F0874FF40073022231782046B2
:1057D00000F014FD307800F00F0000EB800004EBC7
:1057E000800087844FF4007302227178204600F015
:1057F00005FD707800F00F0000EB800004EB8000E6
:10580000A0F86471B07800F00F0000EB800004EBAA
:105810008000A0F82690A3E702E00220BDE8F08710
:105820004FF400737178204600F0F4FCBFE70000ED
:10583000A800002010B5D0F8D41200EB8101D1F8F7
:10584000C01200290CD0027CDFF82CC052B1D1F874
:10585000042240239CF8011000F0DCFC002010BD65
:10586000032010BDD1F804224FF400739CF80110FE
:1058700000F0D0FCF2E70000A8000020002907D0CB
:10588000D0F8D42200EB8200C0F8C4120020704788
:1058900003207047D0F8D42200EB8200D0F8C00279
:1058A000002803D0C0F8041200207047032070477E
:1058B000D0F8D43200EB8300D0F8C002002805D025
:1058C000C0F80812C0F8102200207047032070476B
:1058D000F0B583B006460C46D6F8D40206EB80003D
:1058E000D0F8C0720021029101910025002F0DD047
:1058F000217811F060023BD0202A0AD021463046A0
:1059000000F0C9F8032503B02846F0BD03B003201A
:10591000F0BDE28812B311F0800F10D0D0F8C402AD
:1059200094F801C03946836860469847E288072AA0
:1059300000D907223946304600F0D3F8E3E7607813
:1059400087F80002E088402800D34020C2B287F8E0
:1059500001223946304600F0AAF8D4E7D0F8C40254
:1059600094F801C000228368214660469847CAE740
:10597000607858B10128C6D00A2817D00B2825D046
:105980002146304600F087F80325BCE796F89C02D4
:10599000032805D02146304600F07DF80325B2E704
:1059A000022201A9304600F09CF8ACE796F89C0270
:1059B000032805D02146304600F06DF80325A2E704
:1059C000012202A9304600F08CF89CE796F89C0270
:1059D000032898D02146304600F05DF8032592E771
:1059E00010B5D0F8D41200EB8101D1F8C02201210A
:1059F000002A03D0D2F8143213B117E0032010BDEF
:105A00000121C2F814120A49D2F810C2097801F033
:105A10000F0303EB830300EB8303C3F818C0D2F832
:105A20001032D2F8082200F0A2FC0021084610BD76
:105A3000A800002010B50024D0F8B8225268904782
:105A400000B10324204610BD90F89C22012A05D005
:105A5000022A03D0032A01D000F01DB84988012989
:105A600004D10021C0F8A41200F048B8704700200B
:105A700070470020704710B513460A46002100F019
:105A8000C9FB002010BD10B513460A46002100F0E6
:105A90006EFC002010BD10B504468021204600F0A9
:105AA00047FC2046BDE81040002100F041BC10B585
:105AB0000323C0F89432C0F85821C0F85C21134683
:105AC0000A46002100F0A6FB002010BD10B50521FC
:105AD000C0F8941200231A46194600F09BFB0020E0
:105AE00010BD10B50223C0F894328261C261134622
:105AF0000A46002100F03BFC002010BD10B5042137
:105B0000C0F8941200231A46194600F030FC002019
:105B100010BD000010B5002806D00A46054906A0B1
:105B200000F0B2F9034810BD0A46024902A000F095
:105B3000ABF9F7E70010002043444320436F6E6643
:105B4000696700001220088000487047500000205C
:105B500010B5002806D00A46054906A000F094F9C1
:105B6000034810BD0A46024902A000F08DF9F7E78C
:105B70000010002043444320496E746572666163DF
:105B80006500000004200880004870474C00002099
:105B900010B50A46024903A000F076F9004810BD8E
:105BA0000010002053544D6963726F656C65637417
:105BB000726F6E696373000010B5002806D00A4644
:105BC000054906A000F060F9034810BD0A460249E5
:105BD00002A000F059F9F7E70010002053544D33AC
:105BE00032205669727475616C20436F6D506F720C
:105BF0007400000010B51A200880FAF7E5FF01488C
:105C000010BD000064000020CA88012A01D0FFF7FF
:105C100042BF90F89C22012A05D0022A03D0032A11
:105C200008D0FFF738BF00218160012200F1080190
:105C3000FFF757BF0122011DFFF753BF2DE9F843BE
:105C400004460F4600200090002600257888010AAF
:105C5000082970D2DFE801F0AB040C22ABAB8B9AC1
:105C6000D4F8B412207C0A68694690470646A3E03F
:105C7000207C4FF0020840B1D4F8B802C16A6846EF
:105C80008847064686F8018096E0D4F8B802816A13
:105C900068468847064686F801808DE0C0B206282F
:105CA0005FD2DFE800F0031221303F4FD4F8B40296
:105CB000426822B1207C6946904706467CE039461E
:105CC0002046FFF7E8FE012576E0D4F8B4028268AA
:105CD00022B1207C6946904706466DE03946204651
:105CE000FFF7D9FE012567E0D4F8B402C26822B1FB
:105CF000207C6946904706465EE039462046FFF71D
:105D0000CAFE012558E0D4F8B402026922B1207C11
:105D10006946904706464FE039462046FFF7BBFEEE
:105D2000012549E0D4F8B40242692AB1207C6946D1
:105D30009047064640E03AE039462046FFF7ABFE82
:105D4000012539E0D4F8B402826922B1207C694689
:105D50009047064630E039462046FFF79CFE012575
:105D60002AE039462046FFF796FE012524E0207CF4
:105D700028B139462046FFF78EFE01251CE0D4F8F5
:105D8000B802416B68468847064615E0207C28B17A
:105D900039462046FFF77FFE01250DE0D4F8B80212
:105DA000016B6846884706460721717004E0394652
:105DB0002046FFF770FE0125002D0CD1FA8892B124
:105DC000BDF8000048B1824200D902460092314637
:105DD0002046FFF786FEBDE8F88339462046FFF7E8
:105DE0005AFEBDE8F8832046FFF788FEBDE8F88339
:105DF00078B50E46054600246A88297828468A42E6
:105E000012D900918A420FD9694600F01BF84178F7
:105E1000052904D10446A178B14205D0002469883F
:105E2000BDF800209142EFD8204678BD00210278CD
:105E3000002A05D0491CC9B2401C0278002AF9D1B9
:105E4000084670470A8803781A440A800178084493
:105E5000704790F89C22012A05D0022A03D0032A19
:105E600001D0FFF718BECA88022A01D0FFF713BE7F
:105E70000121C160D0F8A41209B10321C16002223E
:105E800000F10C01FFF72DBE70B50D461646002837
:105E900025D004462046FFF7C9FF022101EB400050
:105EA000B0F5007F01D9080204E02046FFF7BEFFED
:105EB0004000801C308030782870032068700220F9
:105EC000217800290BD0002122782A54641C401C20
:105ED000C0B22954401CC0B22278002AF4D170BD4F
:105EE00001460020002906D0012905D0022905D04D
:105EF000032905D003207047032070470120704715
:105F00000320704700280FD00023C0F8B832C0F833
:105F1000C432C0F8D03209B1C0F8B412012180F8FF
:105F20009C12027000F000B90320704710B5D0F841
:105F3000C802FBF7FDFEBDE81040FFF7D1BF10B56A
:105F4000D0F8C802FBF7D0FEBDE81040FFF7C8BF8D
:105F500070B504460B469446002B09D043F08001EF
:105F60002046FFF784FDFF285ED000284CD05BE080
:105F700004F11400D4F89412002502293BD1826860
:105F8000C1688A420CD9521A826061462046FFF7E6
:105F90007AFD00231A461946204600F03BF92AE014
:105FA000914214D14068884211D3D4F898128842A3
:105FB0000DD2002211462046FFF765FDC4F8985225
:105FC00000231A461946204600F024F913E094F8FD
:105FD0009C02032808D1D4F8B802C16821B1C4F8E2
:105FE000D452C168204688478021204600F0A0F99D
:105FF0002046FFF76BFD94F8A00220B1204600F088
:10600000F5F984F8A0520FE094F89C1203290BD103
:10601000D4F8B8124A693AB1C4F8D4024A691946A8
:1060200020469047002800D1002070BD10B50446DE
:106030000B4694460022002B09D003F07F01204636
:10604000FFF715FDFF2857D0002840D054E004F595
:10605000AA70D4F8941203294ED1C2688168914283
:106060000AD98A1A8260C068824200D30246614619
:106070002046FFF700FD3FE094F8AA0210F01F0051
:1060800006D0012806D002280AD0002070B11AE0FC
:106090000020FBE794F8AE122046FFF7EAFCF5E794
:1060A00094F8AE122046FFF7E2FCEFE794F89C125A
:1060B000032908D1D4F8B8120A6922B1C4F8D4026D
:1060C0000969204688472046FFF718FD14E094F838
:1060D0009C1203290DD1D4F8B812D1F818C0BCF124
:1060E000000F06D0C4F8D4028A69194620469047AA
:1060F00002460AB1104610BD002010BD00207047B6
:1061000010B50024012180F89C12D0F8B822002A92
:1061100004D052680179904700B10324204610BD95
:10612000D0F8C802FBF730BE10B50178002927D19E
:106130001449C1F8E004C0F8C8124FF0A04008604C
:10614000042008710222CA71002088714A72887284
:10615000C87208738873C8730846FCF744F908B11D
:10616000FAF730FD80210748FBF76FFD4022002140
:106170000448FBF76EFD802201210248FBF769FD10
:10618000002010BD2024002011F0800F01F07F01BD
:10619000D0F8C80201EBC10100EB810001D0807D85
:1061A000704790F85602704710B5D0F8D42200EB33
:1061B0008202D2F8B822002A04D090F89C32032B35
:1061C00002D004E0032010BD126A02B19047002003
:1061D00010BD10B5D0F8D42200EB8202D2F8B8225C
:1061E000002A04D090F89C32032B02D004E0032054
:1061F00010BD526A02B19047002010BD10B59C46F8
:106200001346D0F8C8026246FBF7C7FDBDE8104050
:10621000FFF766BE10B5D0F8C802FBF7EEFDBDE88B
:106220001040FFF75DBE2DE9F04104460025012630
:1062300084F89C620020C4F894026060C4F8A40250
:1062400084F8A002D4F8B802002806D0426822B12F
:1062500000212046904700B103250022402311462B
:106260002046FFF7CBFFA4F864614027C4F86071B3
:106270004023002280212046FFF7C0FFA68427622A
:106280002846BDE8F08190F89C12042903D190F8CB
:106290009D1280F89C120020704710B590F89C1257
:1062A000032905D1D0F8B81211B1C96901B18847E5
:1062B000002010BD01740020704710B5D0F8C8024E
:1062C000FCF75DF9BDE81040FFF70ABE10B50446C3
:1062D00004F2AA2000F054F80120C4F89402B4F8A3
:1062E000B002C4F8980294F8AA1211F01F000AD064
:1062F00001280FD0022814D02046BDE8104001F03C
:10630000800100F015B804F2AA212046BDE8104033
:1063100000F026B904F2AA212046BDE8104000F0A2
:1063200071BA04F2AA212046BDE8104000F053B92A
:1063300010B5D0F8C802FBF779FDBDE81040FFF7B3
:10634000CFBD10B5D0F8C802FCF733F9BDE8104056
:10635000FFF7C6BD90F89C12042903D090F89C1258
:1063600080F89D12042180F89C120020704710B51F
:10637000D0F8C802FBF792FDBDE81040FFF7B0BDB2
:106380000A780270491C0A784270491C0A784B1C32
:106390001B7842EA03224280891C0A784B1C1B7836
:1063A00042EA032282808A78C97842EA0121C180C8
:1063B000704738B5044600200090002914D0C4F876
:1063C000B812D4F8D40204EB8000D0F8B802C16A45
:1063D00019B168468847C4F8D002D4F8D802401CE6
:1063E000C4F8D802002038BD032038BD0020704713
:1063F00070B504468888002821D1C888F8B9488833
:1064000080281CD200F07F0594F89C0203280DD050
:1064100084F89E5229462046FFF74FFF2046FFF79B
:106420006DFB45B1022084F89C0270BD2046BDE89A
:106430007040FFF730BB012084F89C0270BD2046FD
:10644000BDE87040FFF727BB03460020D3F8B82211
:10645000002A02D012681846104770472DE9F04113
:1064600004460F460025334EB9783170012906D90C
:1064700039462046FFF70FFB0320BDE8F08194F872
:106480009C024FF0020802280DD0032825D039467F
:106490002046FFF700FB31782046FFF7CBFA0325B3
:1064A0002846BDE8F081A1B161602046FFF7CCFF2E
:1064B0000546280006D039462046FFF7ECFA84F856
:1064C0009C82EDE72046FFF719FB032084F89C022D
:1064D000E6E72046FFF712FBE2E7C9B160688842B1
:1064E00024D0C1B22046FFF7A5FA3178616020467A
:1064F000FFF7AAFF0546280014D039462046FFF7CB
:10650000CAFA21792046FFF795FA84F89C82C7E7FA
:1065100084F89C8261602046FFF78CFA2046FFF7E2
:10652000EDFABDE72046FFF7E9FAB9E72046FFF7A5
:10653000E5FAB5E7A40000204A88012A03D0022A20
:1065400006D0FFF7A8BA0121C0F8A412FFF7D6BA07
:106550008988090A80F8A012FFF7D0BAFFF7F1BEC8
:1065600010B500240A7812F0600211D0202A05D05C
:10657000402A03D0FFF78FFA204610BDD0F8D4226E
:1065800000EB8202D2F8B822926890470446F3E703
:106590004A780A2A1CD2DFE802F012181B151B08E1
:1065A000051B0F0BFFF74AFBE6E7FFF721FFE3E7C9
:1065B000FFF754FF0446DFE7FFF726FBDCE7FFF7B2
:1065C00048FCD9E7FFF7B8FFD6E7FFF73DFAD3E776
:1065D000FFF761FAD0E72DE9F04105460E460027A6
:1065E0003479307810F060001ED0202808D0402880
:1065F00006D031462846FFF74EFA3846BDE8F0810E
:1066000021462846FFF733FAFF28F6D00028F4D1B8
:10661000C5F8D402D5F8B8028268002AEDD0314618
:10662000284690470746E8E77078002872D001288E
:1066300031D0032804D031462846FFF72CFADCE796
:1066400095F89C02022806D0032815D0314628462A
:10665000FFF721FAD1E754B1802C08D02146284613
:10666000FFF766FE80212846FFF762FEC5E7314648
:106670002846FFF710FAC0E7708840B93CB1802C7B
:1066800005D0F08818B921462846FFF751FE284664
:10669000FFF734FAB1E795F89C02022806D00328E8
:1066A00015D031462846FFF7F6F9A6E754B1802CFD
:1066B00008D021462846FFF73BFE80212846FFF7F9
:1066C00037FE9AE731462846FFF7E5F995E77088E7
:1066D000002892D114F07F0F03D021462846FFF7FF
:1066E00025FC2846FFF70AFA21462846FFF7BFF99E
:1066F000FF2882D0002880D1C5F8D402D5F8B8028E
:106700008268002A3FF479AF314628469047074611
:1067100073E7FFE795F89C024FF00008022806D0C7
:10672000032827D031462846FFF7B5F965E734B18D
:10673000802C04D031462846FFF7ADF95DE714F010
:10674000800F08D004F07F0000EB800005EB800094
:1067500000F1140107E004F07F0000EB800005EB7E
:10676000800000F5AA71C1F8008002222846FFF7D8
:10677000B8F942E714F0800F0CD004F00F0000EBE2
:10678000800005EB8000808C68B931462846FFF711
:1067900082F932E704F00F0000EB800005EB800087
:1067A000B0F8640158B114F0800F0DD004F07F00F0
:1067B00000EB800005EB800000F114060CE0314690
:1067C0002846FFF768F918E704F07F0000EB800027
:1067D00005EB800000F5AA764CB1802C07D021464D
:1067E0002846FFF7D1FC28B10120306004E0C6F84C
:1067F000008001E0C6F80080022231462846FFF7FB
:1068000070F9FAE670B505460E460024307810F0AF
:10681000600009D0202807D0402805D031462846FE
:10682000FFF739F9204670BD95F89C02012808D081
:10683000022806D0032804D031462846FFF72BF95A
:10684000F0E7B088C1B201291ED8C1B22846FFF7CF
:1068500010F9FF2800D048B10324F0880028E1D1C6
:10686000002CDFD12846FFF749F9DBE7D5F8B8124D
:106870008A683AB1C5F8D4028A68314628469047FA
:106880000446EAE70324E8E731462846FFF703F920
:10689000C8E77047004870470022002070B50A78AA
:1068A0004E78012302F00F041C4DA340012E19D095
:1068B000D0F81C4844EA0343C0F81C3800EB4210EF
:1068C000D0F8002B12040BD4D0F8002B0B890979D7
:1068D000C3F30A031A4345EA81410A43C0F8002B77
:1068E000002070BDD0F81C489BB21C43C0F81C4867
:1068F00000EB4210D0F800391B04F1D4D0F8003975
:106900000C890979C4F30A048904234341EA8251BA
:106910000B432B43C0F80039E2E700000080001071
:10692000D0F800196FF30A01C0F80019D0F8041864
:1069300041F48071C0F80418002070470FB410B5FE
:1069400004469DF8110001281CD0E06840F040008A
:10695000E060204600F036F89DF8151051B3A16BA9
:1069600021F48031A1639DF80E10012907D1A1689F
:1069700041F00601A160A16841F02001A16010BCB6
:106980005DF814FBA06B20F48030A063E0680C4934
:106990000840E060E06820F44010E0609DF81800D6
:1069A000012803D1E06840F48010E060204600F048
:1069B00009F8D8E7A16B41F48031A163D3E7000067
:1069C000BFFFBDFF08B5002300934FF07062009930
:1069D000491C00910099914201D9032008BD016929
:1069E0000029F4DA0093016941F001010161009985
:1069F000491C00910099914201D9032008BD016909
:106A0000C907F4D1002008BD70B54B780A7801257C
:106A100000EB4212012B2BD0D2F8003B002B0BDAFB
:106A2000D2F8003B43F00063C2F8003BD2F8003BD1
:106A300043F08043C2F8003B00F61C00046A0B7868
:106A400003F00F0605FA06F324EA0344046204681F
:106A5000097801F00F0105FA01F324EA034101600E
:106A6000D2F8000B18490840C2F8000B002070BD96
:106A7000D2F80039002B0BDAD2F8003943F000636A
:106A8000C2F80039D2F8003943F08043C2F8003927
:106A900000F61C00046A0B7803F00F0605FA06F3F3
:106AA0009EB2B44304620468097801F00F0105FA4C
:106AB00001F399B28C430460D2F8000903490840FD
:106AC000C2F80009D2E700000078F3EF007833EC59
:106AD000D0F8001E21F00301C0F8001ED0F8041801
:106AE00021F00201C0F8041800207047D0F8001E01
:106AF00021F00301C0F8001ED0F8041841F0020193
:106B0000C0F80418002070470FB42DE9F043044684
:106B100000250020002704EB8001C1F80471401C0F
:106B20000F28F8D39DF82A6066B3A06B20F40011FB
:106B3000A163A06B40F40021A163C4F8007E9DF81E
:106B40002500012831D00321204600F081FB1021CF
:106B5000204600F0BDFA00B10125204600F098FA69
:106B600000B10125C4F81078C4F81478C4F81C7872
:106B700000204FF000634FF0904C4FF67F389DF8A7
:106B8000202034E0D4F8040840F00201C4F80418CE
:106B9000A06B40F40011A163A06B20F40021A1635D
:106BA000A06B20F48021A163C7E79DF8230020B1EA
:106BB0000121204600F04CFBC9E70021204600F0EF
:106BC00047FBC4E704EB4011D1F80099B9F1000F7D
:106BD00006DA10B1C1F800C904E0C4F8003901E0D8
:106BE000C1F80079C1F81079C1F80889401C8242C7
:106BF000E8D8002014E004EB4011D1F8009BB9F173
:106C0000000F06DA10B1C1F800CB04E0C4F8003B75
:106C100001E0C1F8007BC1F8107BC1F8088B401C73
:106C20008242E8D8D4F8100820F48071C4F8101813
:106C3000A7616FF0804060619DF8220018B9A069DB
:106C400040F01000A061A0690A490843A0619DF8C6
:106C5000260018B1A06940F00800A061012E03D100
:106C6000A06905490843A0612846BDE8F0035DF826
:106C700014FB000000383C8004000040816821F0D3
:106C8000010181600020704710B5036C124CA342D3
:106C900005D9D0F8003B002B01DA002010BD00F52B
:106CA000316000230360036843F40023036003683A
:106CB00043F018030360036843F0C0430360A0F58A
:106CC0003160012906D100F530604261016841F070
:106CD00080210160002010BD0A30544F4A780B78A3
:106CE000012A00EB43100BD0D0F8002B22F4001245
:106CF000C0F8002B0979032914D0022912D017E01B
:106D0000D0F8002922F40012C0F8002909790329DB
:106D100001D002290CD1D0F8001941F08051C0F8FF
:106D2000001905E0D0F8001B41F08051C0F8001BAD
:106D3000002070470A784B780978012B00EB41104E
:106D400012D0D0F8001B002906DB2AB1D0F8001BB6
:106D500021F08041C0F8001BD0F8001B41F4001165
:106D6000C0F8001B00207047D0F80019002906DB8E
:106D70002AB1D0F8001921F08041C0F80019D0F8EC
:106D8000001941F40011C0F80019EBE7F8B50C78D0
:106D90004F780B78914D6FF0604600EB4313012F55
:106DA00029D0D3F8107B6FF31207C3F8107BD3F808
:106DB000107B2F40C3F8107B002C7DD00D69002D77
:106DC0007BD08C6825446D1EB5FBF4F5ADB26C43E9
:106DD0000C62D3F8104B06EAC5452C43C3F8104BA0
:106DE000D3F8104B0D6AC5F312052C43C3F8104BB2
:106DF000012A6FD0D6E00F69EFB1D3F810796FF3A5
:106E00001207C3F81079D3F810792F40C3F810791E
:106E1000FCB10F698D682F447F1EB7FBF5F5ADB24D
:106E2000D3F8107906EAC5463743C3F810790E79CE
:106E3000012E1AD028E003F511631E682E401E6053
:106E40001D6845F400251D601D686FF312051D6067
:106E500022E00E698D68AE4200D90D61D0F810595C
:106E600045F40026C0F810690EE0D3F8106926F04A
:106E7000C046C3F81069D3F810694FF0C04707EA5D
:106E800045752E43C3F81069D3F810590E69C6F33F
:106E900012063543C3F81059012A1CD000EB4413E5
:106EA000D3F8004944F00444C3F800490C79012C9C
:106EB00038D00A69002A01E04DE060E009D0D0F83E
:106EC0003428097801F00F03012199400A43C0F8E2
:106ED000342881E062E0CA691AB100EB4413C3F8B8
:106EE00014290979012914D1D0F80818C90508D442
:106EF00000EB4411D1F8002942F00052C1F80029FA
:106F000007E000EB4411D1F8002942F08052C1F8AB
:106F1000002900EB4410D0F8001941F00441C0F8FA
:106F2000001959E0D0F80848E40506D4D3F8004920
:106F300044F00054C3F8004905E0D3F8004944F098
:106F40008054C3F8004900920A8A93B20A78C9684B
:106F500000F000FA40E00C690CB18C680C618C68A0
:106F60000C62D0F8105BC4F312042543C0F8105B28
:106F7000D0F8104B44F40024C0F8104B38E7D3F895
:106F8000104B8D68C5F312052C43C3F8104BD3F892
:106F9000104B44F40024C3F8104B29E7CA680AB127
:106FA000C3F8142B0979012910D1D0F80808C005BD
:106FB00006D4D3F8000B40F00050C3F8000B05E0F6
:106FC000D3F8000B40F08050C3F8000BD3F8000B4F
:106FD00040F00440C3F8000B0020F8BDFFFF07E0BD
:106FE00038B5002200920B784D7800EB431442F242
:106FF0001073012D1AD0D4F8005B002D40DAD4F8BC
:10700000005B45F00065C4F8005B0C7800EB4414AD
:10701000D4F8005B45F08045C4F8005B009C641C1C
:107020000094009C9C4224D9012229E0D4F8005904
:10703000002D25DAD4F8005945F00065C4F8005950
:107040000C7800EB4414D4F8005945F08045C4F89E
:107050000059009C641C0094009C9C4201D90122B0
:107060000EE00C7800EB4414D4F80049002CF0DB5F
:1070700006E00C7800EB4414D4F8004B002CCDDB78
:10708000104638BD816841F00101816000207047E1
:1070900008B5002300934FF070620099491C0091DD
:1070A0000099914201D9032008BD01690029F4DA51
:1070B0000093102101610099491C009100999142AF
:1070C00001D9032008BD0169C906F4D4002008BD18
:1070D00018B5002400944FF07063009A521C00927F
:1070E000009A9A4201D9032018BD0269002AF4DAF5
:1070F0000094202242EA811101610099491C00910B
:107100000099994201D9032018BD01698906F4D478
:10711000002018BDD0F8080800F00600002805D0AF
:10712000022805D0062803D00F20704700207047A2
:1071300002207047406900F001007047D0F818182D
:10714000D0F81C08084080B27047D0F81818D0F862
:107150001C080840000C704710B5D0F81038D0F863
:10716000342801F00F04E24002F0010243EAC212A7
:1071700000EB4110D0F80809104010BD00EB4111A0
:10718000D1F8081BD0F8140808407047416980699D
:107190000840704730B503460846940802F00301E2
:1071A000002203F5805303E01D6840F8045B521C85
:1071B000A242F9D300290BD000221C68D50024FA82
:1071C00005F300F8013B521C491E89B20029F5D194
:1071D00030BD70B505460024E86820F0C040E86086
:1071E000012902D089B1012070BDE86840F000504B
:1071F000E8600A20FAF74EFB0A342846FFF79AFFA8
:10720000012810D0C82CF4D30DE0E86840F080408D
:10721000E8600A20FAF73EFB0A342846FFF78AFFA7
:1072200008B1C82CF5D3C82C01D0002070BD0120B6
:1072300070BD00F50060026822F4FE620260026820
:107240004FF4FE6303EA01110A4302600020704715
:10725000D0F800280A43C0F800280020704700003A
:10726000022A0ED082B30921C26822F47052C26091
:10727000C2684FF4705303EA81210A43C2600020C0
:107280007047224A224B0A449A4201D20F21EBE76F
:10729000204A214B0A449A4201D20E21E4E71F4AB8
:1072A0001F4B0A449A4201D20D21DDE71D4A1E4BB5
:1072B0000A449A4201D20C21D6E71C4A1C4B0A44CC
:1072C0009A4202D20B21CFE71DE01A4A1A4B0A4418
:1072D0009A4201D20A21C7E7184A194B0A449A4236
:1072E00001D20921C0E7174A174B0A449A4201D23A
:1072F0000821B9E7154A1144154A914201D20721E4
:10730000B2E70621B0E70921AEE70000405327FFAE
:1073100000350C00401E1BFF40420F0000DC0BFF3D
:10732000804F1200808CF9FE20D6130060B6E5FE77
:1073300060E3160000D3CEFE40771B00C05BB3FEB7
:10734000C091210000CA91FE20753800E05459FE1A
:10735000E09C410010B5029C002C0DD1DB1C9C0868
:10736000002300EB023000F5805003E051F8042BBD
:1073700002605B1CA342F9D3002010BDFEE708B5F4
:1073800002F050FB00900A21684601F06FFEFAE718
:107390000907090E002804DB00F1E02080F8001442
:1073A000704700F00F0000F1E02080F8141D7047D6
:1073B00010B50C4C010E2170C0F3074212FB01F214
:1073C0006280C0F3072313FB01F3A380C0B210FB5C
:1073D00001F0E08004490C68606308688363086812
:1073E000C26310BDFC010020DC0C0020D0ED000ABF
:1073F000F4EEC00AF1EE10FA01DD80ED000AD0EDE6
:10740000000AB1EE400AF4EEC00AF1EE10FA01D221
:1074100080ED000A70470000DFED040A20EE200A2C
:10742000BDEEC00A10EE100A7047000000000046D2
:10743000064807490068B0FBF1F206490A704FF4AC
:107440007A72B0FBF2F048607047000094000020B0
:1074500040420F00F40100200FB410B59DF8291030
:107460009DF8282041EA022181809DF82B209DF87B
:107470002A3042EA032242809DF82D209DF82C30CC
:1074800042EA0322C28000220272C18182898A1AE2
:10749000426190F92530012B0BD112F5805F02DAA1
:1074A000C469641CC461B2F5805F02DDC269521E0A
:1074B000C2611BB90161012280F82520C2690369FC
:1074C00001EB4232D21A8261818110BC5DF814FB5B
:1074D0002DED0A8B424E9FED43AA4FF47A777CE064
:1074E00056F82500020E00EE102AB8EE408AC0F3CE
:1074F000074100EE101AF8EE408AC0F3072300EEB1
:10750000103AB8EE409AC4B200EE104AF8EE409A33
:107510006D1C56F825004FEA106C00EE10CAF8EE0C
:10752000400A00EE102AB8EE400A70EEC01AC0F30E
:10753000074200EE102AF8EE400A00EE101AB8EEEC
:10754000400A30EEC01AC0F3072100EE101AF8EE20
:10755000400A00EE103AB8EE400A70EEC00AC0B21F
:1075600000EE100AB8EE402A00EE104AB8EE400ACB
:1075700032EE400AC1EE8AAA81EE0ABAC0EE8ABA99
:1075800080EE0ACA002438EE2A8A78EE8B8A39EE19
:107590002B9A79EE8C9ABCEEC80A10EE100ABCEE5B
:1075A000E80A010610EE100ABCEEC90A41EA0041E1
:1075B00010EE100ABCEEE90A41EA002010EE101AA3
:1075C0000843FFF7F5FE012000F03AFF641CA4B267
:1075D000BC42D8D3ADB2062D82D3002580E700008F
:1075E0000802002000007A44FAF772FAFDF742FB25
:1075F000FCF740FEFCF78EFDFCF748FDFCF7B8FFFA
:10760000FCF736FFFCF764FDFCF7CEFFFCF7ECFF60
:10761000FCF7C8FEFCF706FFFCF786FFFFF708FF44
:107620004FF4FA70FAF736F9FCF7B2FD00F010FFEC
:10763000FEE701460020842900D0C81C7047018065
:107640000021418001728180C18041818181C1819D
:1076500041618161C16180F8251080F82410704774
:1076600070B504462DED028B0D46B0EE408AF0EE6B
:10767000608A208804F12C06A0F20120092833D268
:10768000DFE800F0050505053535353505007DB920
:10769000F0EE480AB0EE680A3046FDF703F9BDEE99
:1076A000C00AB4F9261010EE100A01FA80F0E08446
:1076B000012D0BD1F0EE480AB0EE680A3046FDF716
:1076C0003CF9BDEEC00A10EE100AE084022D0BD189
:1076D000F0EE480AB0EE680A3046FDF773F9BDEEE9
:1076E000C00A10EE100AE084BDEC028B70BD7DB9BB
:1076F000F0EE480AB0EE680A3046FDF7D3F8BDEE6A
:10770000C00AB4F9261010EE100A01FA80F0E084E5
:10771000012D0BD1F0EE480AB0EE680A3046FDF7B5
:107720000CF9BDEEC00A10EE100AE084022DDBD188
:10773000F0EE480AB0EE680A3046FDF743F9BDEEB8
:10774000C00A10EE100AE084CEE700002DE9F05FD9
:1077500004462DED028B1546B0EE408AFE4842F2FB
:107760001078C8F1000904F17C0A81427DD120889B
:10777000FA4EA0F20120FA4FDFF8E8B30B284AD204
:10778000DFE800F0064D9EF5F3F2F1F0EFEEED00CC
:10779000C5B97078317840EA01206081B4F90200FF
:1077A000F0EE480A00EE100A5046B8EEC00AFDF7A7
:1077B00079F8BDEEC00AB4F90A1010EE100A01FA09
:1077C00080F06081012D0FD1B4F90200F0EE480A7B
:1077D00000EE100A5046B8EEC00AFDF7AEF8BDEE56
:1077E000C00A10EE100A6081022D0FD1B4F9020018
:1077F000F0EE480A00EE100A5046B8EEC00AFDF757
:10780000E1F8BDEEC00A10EE100A60816089000A3E
:107810003070A07A7070BDEC028BBDE8F09FC5B9E6
:10782000F078B17840EA01206081B4F90200F0EE0E
:10783000480A00EE100A5046B8EEC00AFDF732F8CA
:10784000BDEEC00AB4F90A1010EE100A01FA80F079
:107850006081012D11D1B4F90200F0EE480A00EE6A
:10786000100A5046B8EEC00A00E0B6E2FDF765F82F
:10787000BDEEC00A10EE100A6081022D0FD1B4F9DE
:107880000200F0EE480A00EE100A5046B8EEC00AB8
:10789000FDF798F8BDEEC00A10EE100A6081B4F949
:1078A0000A00404502DDA4F80A8003E0484501DAF9
:1078B000A4F80A906089000AB070A07AF070AAE774
:1078C000C5B97079317940EA01206081B4F90200CC
:1078D000F0EE480A00EE100A5046B8EEC00AFCF777
:1078E000E1FFBDEEC00AB4F90A1010EE100A01FA69
:1078F00080F06081012D0FD1B4F90200F0EE480A4A
:1079000000EE100A5046B8EEC00AFDF716F8BDEEBC
:10791000C00A10EE100A6081022D0FD1B4F90200E6
:10792000F0EE480A00EE100A5046B8EEC00AFDF725
:1079300049F8BDEEC00A10EE100A6081B4F90A00E1
:10794000404502DDA4F80A8003E0484501DAA4F8C6
:107950000A906089000A3071A07A70715BE7F4E1E7
:10796000ABE162E11DE1CEE089E044E0FFE7C5B9AB
:10797000F079B17940EA01206081B4F90200F0EEBB
:10798000480A00EE100A5046B8EEC00AFCF78AFF1B
:10799000BDEEC00AB4F90A1010EE100A01FA80F028
:1079A0006081012D0FD1B4F90200F0EE480A00EE1B
:1079B000100A5046B8EEC00AFCF7BFFFBDEEC00A81
:1079C00010EE100A6081022D0FD1B4F90200F0EE22
:1079D000480A00EE100A5046B8EEC00AFCF7F2FF63
:1079E000BDEEC00A10EE100A60816089000AB07115
:1079F000A07AF0710FE7C5B97878397840EA0120AC
:107A00006081B4F90200F0EE480A00EE100A504618
:107A1000B8EEC00AFCF746FFBDEEC00AB4F90A1082
:107A200010EE100A01FA80F06081012D0FD1B4F937
:107A30000200F0EE480A00EE100A5046B8EEC00A06
:107A4000FCF77BFFBDEEC00A10EE100A6081022D2C
:107A50000FD1B4F90200F0EE480A00EE100A5046C9
:107A6000B8EEC00AFCF7AEFFBDEEC00A10EE100A79
:107A700060816089000A3870A07A7870CBE6C5B959
:107A8000F878B97840EA01206081B4F90200F0EE9C
:107A9000480A00EE100A5046B8EEC00AFCF702FF92
:107AA000BDEEC00AB4F90A1010EE100A01FA80F017
:107AB0006081012D0FD1B4F90200F0EE480A00EE0A
:107AC000100A5046B8EEC00AFCF737FFBDEEC00AF8
:107AD00010EE100A6081022D0FD1B4F90200F0EE11
:107AE000480A00EE100A5046B8EEC00AFCF76AFFDA
:107AF000BDEEC00A10EE100A60816089000AB870FD
:107B0000A07AF87087E6C5B97879397940EA01201A
:107B10006081B4F90200F0EE480A00EE100A504607
:107B2000B8EEC00AFCF7BEFEBDEEC00AB4F90A10FA
:107B300010EE100A01FA80F06081012D19D1B4F91C
:107B40000200F0EE480A00EE100A5046B8EEC00AF5
:107B5000FCF7F3FE08E00000CC080020C80100207C
:107B6000C0010020D0010020BDEEC00A10EE100AB6
:107B70006081022D0FD1B4F90200F0EE480A00EE48
:107B8000100A5046B8EEC00AFCF71CFFBDEEC00A52
:107B900010EE100A60816089000A3871A07A78714D
:107BA00039E6C5B9F879B97940EA01206081B4F9BC
:107BB0000200F0EE480A00EE100A5046B8EEC00A85
:107BC000FCF770FEBDEEC00AB4F90A1010EE100A00
:107BD00001FA80F06081012D0FD1B4F90200F0EEBE
:107BE000480A00EE100A5046B8EEC00AFCF7A5FE9F
:107BF000BDEEC00A10EE100A6081022D0FD1B4F95B
:107C00000200F0EE480A00EE100A5046B8EEC00A34
:107C1000FCF7D8FEBDEEC00A10EE100A6081608944
:107C2000000AB871A07AF871F5E5D5B99BF80100A2
:107C30009BF8001040EA01206081B4F90200F0EEE8
:107C4000480A00EE100A5046B8EEC00AFCF72AFEB9
:107C5000BDEEC00AB4F90A1010EE100A01FA80F065
:107C60006081012D0FD1B4F90200F0EE480A00EE58
:107C7000100A5046B8EEC00AFCF75FFEBDEEC00A1F
:107C800010EE100A6081022D0FD1B4F90200F0EE5F
:107C9000480A00EE100A5046B8EEC00AFCF792FE01
:107CA000BDEEC00A10EE100A60816089000A8BF8F0
:107CB0000000A07A8BF80100ADE5D5B99BF8030070
:107CC0009BF8021040EA01206081B4F90200F0EE56
:107CD000480A00EE100A5046B8EEC00AFCF7E2FD72
:107CE000BDEEC00AB4F90A1010EE100A01FA80F0D5
:107CF0006081012D0FD1B4F90200F0EE480A00EEC8
:107D0000100A5046B8EEC00AFCF717FEBDEEC00AD6
:107D100010EE100A6081022D0FD1B4F90200F0EECE
:107D2000480A00EE100A5046B8EEC00AFCF74AFEB8
:107D3000BDEEC00A10EE100A60816089000A8BF85F
:107D40000200A07A8BF8030065E5D5B99BF8050021
:107D50009BF8041040EA01206081B4F90200F0EEC3
:107D6000480A00EE100A5046B8EEC00AFCF79AFD29
:107D7000BDEEC00AB4F90A1010EE100A01FA80F044
:107D80006081012D0FD1B4F90200F0EE480A00EE37
:107D9000100A5046B8EEC00AFCF7CFFDBDEEC00A8F
:107DA00010EE100A6081022D0FD1B4F90200F0EE3E
:107DB000480A00EE100A5046B8EEC00AFCF702FE70
:107DC000BDEEC00A10EE100A60816089000A8BF8CF
:107DD0000400A07A8BF805001DE5FE488142B3D16E
:107DE0002088FD4EA0F20120FC4FDFF8F4B30B28F1
:107DF000AAD2DFE800F0064A99F0EEEDECEBEAE9F2
:107E0000E800C5B97078317840EA01206081B4F9A2
:107E10000200F0EE480A00EE100A5046B8EEC00A22
:107E2000FCF740FDBDEEC00AB4F90A1010EE100ACE
:107E300001FA80F06081012D0FD1B4F90200F0EE5B
:107E4000480A00EE100A5046B8EEC00AFCF775FD6D
:107E5000BDEEC00A10EE100A6081022D0FD1B4F9F8
:107E60000200F0EE480A00EE100A5046B8EEC00AD2
:107E7000FCF7A8FDBDEEC00A10EE100A6081608913
:107E8000000A3070A07A7070C5E4C5B9F078B17896
:107E900040EA01206081B4F90200F0EE480A00EEE9
:107EA000100A5046B8EEC00AFCF7FCFCBDEEC00A52
:107EB000B4F90A1010EE100A01FA80F06081012D69
:107EC0000FD1B4F90200F0EE480A00EE100A504655
:107ED000B8EEC00AFCF731FDBDEEC00A10EE100A84
:107EE0006081022D0FD1B4F90200F0EE480A00EED5
:107EF000100A5046B8EEC00AFCF764FDBDEEC00A99
:107F000010EE100A6081B4F90A00404502DDA4F8C1
:107F10000A8003E0484501DAA4F80A906089000A63
:107F2000B070A07AF07076E4C5B97079317940EA22
:107F300001206081B4F90200F0EE480A00EE100A58
:107F40005046B8EEC00AFCF7ADFCBDEEC00AB4F96D
:107F50000A1010EE100A01FA80F06081012D0FD195
:107F6000B4F90200F0EE480A00EE100A5046B8EEEE
:107F7000C00AFCF7E2FCBDEEC00A10EE100A6081F8
:107F8000022D0FD1B4F90200F0EE480A00EE100AFB
:107F90005046B8EEC00AFCF715FDBDEEC00A10EE63
:107FA000100A6081B4F90A00404502DDA4F80A8095
:107FB00003E0484501DAA4F80A906089000A3071AC
:107FC000A07A707127E4F3E1AAE161E11CE1CEE05F
:107FD00089E044E0FFE7C5B9F079B17940EA0120D2
:107FE0006081B4F90200F0EE480A00EE100A504633
:107FF000B8EEC00AFCF756FCBDEEC00AB4F90A1090
:1080000010EE100A01FA80F06081012D0FD1B4F951
:108010000200F0EE480A00EE100A5046B8EEC00A20
:10802000FCF78BFCBDEEC00A10EE100A6081022D39
:108030000FD1B4F90200F0EE480A00EE100A5046E3
:10804000B8EEC00AFCF7BEFCBDEEC00A10EE100A86
:1080500060816089000AB071A07AF0712FE4C5B91F
:108060007878397840EA01206081B4F90200F0EEB6
:10807000480A00EE100A5046B8EEC00AFCF712FC9F
:10808000BDEEC00AB4F90A1010EE100A01FA80F031
:108090006081012D0FD1B4F90200F0EE480A00EE24
:1080A000100A5046B8EEC00AFCF747FCBDEEC00A05
:1080B00010EE100A6081022D0FD1B4F90200F0EE2B
:1080C000480A00EE100A5046B8EEC00AFCF77AFCE7
:1080D000BDEEC00A10EE100A60816089000A387097
:1080E000A07A78703AE4C5B9F878B97840EA012006
:1080F0006081B4F90200F0EE480A00EE100A504622
:10810000B8EEC00AFCF7CEFBBDEEC00AB4F90A1007
:1081100010EE100A01FA80F06081012D0FD1B4F940
:108120000200F0EE480A00EE100A5046B8EEC00A0F
:10813000FCF703FCBDEEC00A10EE100A6081022DB0
:108140000FD1B4F90200F0EE480A00EE100A5046D2
:10815000B8EEC00AFCF736FCBDEEC00A10EE100AFD
:1081600060816089000AB870A07AF87042E4C5B9ED
:108170007879397940EA01206081B4F90200F0EEA3
:10818000480A00EE100A5046B8EEC00AFCF78AFB17
:10819000BDEEC00AB4F90A1010EE100A01FA80F020
:1081A0006081012D0FD1B4F90200F0EE480A00EE13
:1081B000100A5046B8EEC00AFCF7BFFBBDEEC00A7D
:1081C00010EE100A6081022D18D1B4F9020000EE01
:1081D000100A07E0F4080020E0010020D801002088
:1081E000E8010020B8EEC00AF0EE480A5046FCF75D
:1081F000E9FBBDEEC00A10EE100A60816089000A3A
:108200003871A07A787139E4C5B9F879B97940EA5A
:1082100001206081B4F90200F0EE480A00EE100A75
:108220005046B8EEC00AFCF73DFBBDEEC00AB4F9FB
:108230000A1010EE100A01FA80F06081012D0FD1B2
:10824000B4F90200F0EE480A00EE100A5046B8EE0B
:10825000C00AFCF772FBBDEEC00A10EE100A608186
:10826000022D0FD1B4F90200F0EE480A00EE100A18
:108270005046B8EEC00AFCF7A5FBBDEEC00A10EEF2
:10828000100A60816089000AB871A07AF87139E437
:10829000D5B99BF801009BF8001040EA01206081ED
:1082A000B4F90200F0EE480A00EE100A5046B8EEAB
:1082B000C00AFCF7F7FABDEEC00AB4F90A1010EED6
:1082C000100A01FA80F06081012D0FD1B4F902008B
:1082D000F0EE480A00EE100A5046B8EEC00AFCF76D
:1082E0002CFBBDEEC00A10EE100A6081022D0FD1EA
:1082F000B4F90200F0EE480A00EE100A5046B8EE5B
:10830000C00AFCF75FFBBDEEC00A10EE100A6081E8
:108310006089000A8BF80000A07A8BF801003FE426
:10832000D5B99BF803009BF8021040EA0120608158
:10833000B4F90200F0EE480A00EE100A5046B8EE1A
:10834000C00AFCF7AFFABDEEC00AB4F90A1010EE8D
:10835000100A01FA80F06081012D0FD1B4F90200FA
:10836000F0EE480A00EE100A5046B8EEC00AFCF7DC
:10837000E4FABDEEC00A10EE100A6081022D0FD1A2
:10838000B4F90200F0EE480A00EE100A5046B8EECA
:10839000C00AFCF717FBBDEEC00A10EE100A6081A0
:1083A0006089000A8BF80200A07A8BF803003BE496
:1083B000D5B99BF805009BF8041040EA01206081C4
:1083C000B4F90200F0EE480A00EE100A5046B8EE8A
:1083D000C00AFCF767FABDEEC00AB4F90A1010EE45
:1083E000100A01FA80F06081012D0FD1B4F902006A
:1083F000F0EE480A00EE100A5046B8EEC00AFCF74C
:108400009CFABDEEC00A10EE100A6081022D0FD159
:10841000B4F90200F0EE480A00EE100A5046B8EE39
:10842000C00AFCF7CFFABDEEC00A10EE100A608158
:108430006089000A8BF80400A07A8BF805003BE401
:1084400010B5002800D1012000F0E8FD002010BD8B
:1084500010B500F0F3FE002010BD7FB504460D46B8
:108460006169B4F90800002910D0A16971B1FFF762
:10847000E0F8D4E90521CDE901210090D4E900100C
:108480002B46226901F092FA039010E0FFF7D1F831
:1084900003A9CDE90001208A2B4682B2D4E900105D
:1084A00001F052FA012802D0002004B070BD0398F8
:1084B000FBE700002DE9F04104460F46174EF56832
:1084C0003068001D00F074FC38B9306890F82C104A
:1084D00001208840316981433161601C07D137B187
:1084E0003168BDE8F041091D0D4800F0B1BC2C44D5
:1084F00030684460AC4206D23168B06B091DBDE8FB
:10850000F04100F08DBC3168706B091D00F088FCF3
:10851000B06A844200D2B462BDE8F0813401002028
:10852000202A002070B5044600F09EFC1C4DA8686F
:10853000401CA860286810B1686938B10CE02C6054
:10854000A868012808D100F089F905E02868E16AE7
:10855000C06A884200D82C60686A401C6862E06A81
:1085600001212A698140114329610E4900EB8000F5
:1085700001EB8000211D00F06BFC00F095FC6869A8
:1085800000280CD02868E16AC06A884207D20649F0
:108590004FF080500860BFF34F8FBFF36F8F70BDF7
:1085A000340100204429002004ED00E038B500F03B
:1085B0005BFC104C2068C8B90F4800F023FC0E4843
:1085C000143000F01FFC0C48E060143020610A4BAE
:1085D0000020C03B009003F148020C210A2000F06B
:1085E00049FF206010B105A100F0E2FCBDE8384071
:1085F00000F05ABC70010020F42A0020546D725122
:108600000000000070B50C4D0C4E11E000F02CFC89
:10861000F068C468201D00F0CBFBA868401EA8606D
:108620006868401E686000F03FFC204600F053F888
:1086300068680028EAD170BD340100200C2A0020AF
:1086400030B40B46026C002A0CD0C1681144C160E2
:108650008468A14201D30168C160C16830BC18467A
:10866000F7F7F9BE30BC70472DE9F04104461746D4
:108670000026A56B226C002A10D0C7B1E068F7F77E
:10868000EAFEE168206C091AE1602268914202D298
:10869000A168081AE060022F16D017E02068A8B978
:1086A000A06801F02DFA06460020A0600EE0606888
:1086B000F7F7D1FE216C606808446060A1688842C9
:1086C00004D32068606001E005B16D1E6D1CA563D8
:1086D0003046BDE8F08110B5044694F851000028FA
:1086E0000BD0012811D0022814D0502080F311881B
:1086F000BFF34F8FBFF36F8FFEE7206B00F0EAFBF5
:108700002046BDE8104000F0E5BB2046BDE8104023
:1087100000F0E0BB10BD00000749CA6811680029DD
:1087200004D00021016019B1002070470121F9E750
:10873000D068006870470000700100204FF4F041DD
:108740000F48420706D0C01D20F007000C49411A0F
:10875000C1F5F0410B4A1060002353600144083911
:1087600021F00701183A11604B600B600B1A43604F
:1087700001604068906050604FF000405061704769
:108780001C2B00209C010020074E4FF08054074D09
:10879000FFF738FF30680128FAD92C60BFF34F8FFC
:1087A000BFF36F8FF4E700004429002004ED00E0E0
:1087B00003460098002905D00260C36301640121CB
:1087C00000F08EBE0060F8E72DE9F0478246DDE953
:1087D00008580A9C9946521E206B00EB820020F03C
:1087E0000706700707D0502080F31188BFF34F8F22
:1087F000BFF36F8FFEE7002761B1002023180A5CEA
:1088000083F834200A5C12B1401C1028F6D384F897
:10881000437001E084F83470072D00D30625E5622B
:108820006564A764201D00F0F8FA04F1180000F058
:10883000F4FA2461C5F10700A0616462E76484F87A
:1088400050704A465146304600F0A0FA2060B8F118
:10885000000F01D0C8F80040BDE8F08770B50024D3
:10886000124D04EB840005EB800000F0CBFA641C91
:10887000072CF6D30D488C3000F0C4FA0B48A0301A
:1088800000F0C0FA0948B43000F0BCFA0748C8301C
:1088900000F0B8FA0548DC3000F0B4FA03490448A7
:1088A0008C3141631431816370BD00004429002084
:1088B0003401002030B5134900E011460A688242B5
:1088C000FBD34B685C18844203D14068184448606D
:1088D00008460D6844682318AB420DD1094B183B7C
:1088E0001B689A4206D05268224442600A681268A5
:1088F000026002E0036000E00260814200D0086094
:1089000030BD00009C01002070B500244160006172
:108910000C4D91420AD8D11A8269914201D30124A7
:108920000EE0011D286900F07BFA09E09A4203D2AB
:10893000994201D3012403E0011DE86800F070FAB8
:10894000204670BD7001002010B5044600F08CFA7E
:10895000A06B20B1002400F0A7FA204610BD01242E
:10896000F9E710B5044600F07FFAA06BE16B88428E
:1089700001D1012400E0002400F096FA204610BD49
:10898000F8B505460E461748C068C068C468201D83
:1089900000F00EFA94F82400410718D5A0692B4680
:1089A000411932462046FFF7AFFFA0B10020034631
:1089B000014600902A46204601F0C6F958B95020D9
:1089C00080F31188BFF34F8FBFF36F8FFEE720F066
:1089D000010084F82400216A01B02046BDE8F0407F
:1089E000084700007001002030B585B0394D67E0C0
:1089F0000298002864DB049C606910B1201D00F01F
:108A0000D7F901A800F0B0F8024602980A2857D218
:108A1000DFE800F00505052D334A05052D3394F8F0
:108A2000240040F0010084F824000398A169034663
:108A300001442046FFF768FF68B3216A2046884753
:108A400094F8240040073BD5002000900398A169CA
:108A5000002342181946204601F076F9D8B9502073
:108A600080F31188BFF34F8FBFF36F8FFEE714F8C9
:108A7000240F20F00100207022E094F8240040F040
:108A8000010084F824000398A06128B181181346DE
:108A90002046FFF739FF13E0502080F31188BFF321
:108AA0004F8FBFF36F8FFEE794F82400810703D444
:108AB000204600F00FFA03E020F0010084F82400C3
:108AC000002202A9286800F063FE002890D105B0BA
:108AD00030BD000070010020F8B506460D4600F0DC
:108AE000F5FB684600F040F80446009810B101F02C
:108AF00091F8F8BD45B9A64206D801F08BF8214699
:108B00003046FFF73DFFF8BD0C481DB1016909680B
:108B100091B10025311B2A46006800F05BFA01F094
:108B200079F80028EFD106494FF080500860BFF374
:108B30004F8FBFF36F8FF8BD0125EBE77001002069
:108B400004ED00E00748416B0968002905D0416B3E
:108B5000C968C9684968816270474FF0FF31816216
:108B6000704700003401002070B5054600F05AFF40
:108B70000446074EB068844204D200F00BF801208E
:108B8000286001E000202860B460204670BD00002D
:108B900070010020F8B51A4E20E0C0680568C4686E
:108BA000201D00F005F9216A2046884794F824002A
:108BB000400713D5A0692844A84206D96060246103
:108BC000211DF06800F02CF908E000200346014662
:108BD00000902A46204601F0B7F840B1F0680168DD
:108BE0000029DAD1F0683169F1603061F8BD5020B8
:108BF00080F31188BFF34F8FBFF36F8FFEE7000044
:108C00007001002009484068401C07D0502080F3C4
:108C10001188BFF34F8FBFF36F8FFEE7502080F3B3
:108C20001188BFF34F8FBFF36F8FFEE7A4010020C1
:108C300008B56846FFF770FD0099FFF74DFFFFF795
:108C4000D3FEF6E72DE9F041044600F00DF994F962
:108C5000455004F1240609E0606A48B1304600F04E
:108C60009BFF08B100F0ACFA6D1E6DB2002DF3DC75
:108C70004FF0FF3684F8456000F016F900F0F4F884
:108C800094F9445004F1100709E0206948B13846CE
:108C900000F082FF08B100F093FA6D1E6DB2002D56
:108CA000F3DC84F84460BDE8F04100F0FDB800005A
:108CB0002DE9F0410546002600F008FB324F3868E8
:108CC00008B9FFF73BFD786905424DD18DB10835F4
:108CD00068070ED005F00700C0F1080005446807DA
:108CE00007D0502080F31188BFF34F8FBFF36F8FF1
:108CF000FEE7CDB37868854236D823491831084657
:108D0000046801E0214604466068A84202D2206857
:108D10000028F7D13868844226D00E6808362068CB
:108D200008606068411B10290ED96019420707D0FE
:108D3000502080F31188BFF34F8FBFF36F8FFEE792
:108D400041606560FFF7B6FD61687868401A786039
:108D5000BA68904200D2B86078690143616000202F
:108D60002060F868401CF86000F054FF700707D0DE
:108D7000502080F31188BFF34F8FBFF36F8FFEE752
:108D80003046BDE8F08100008401002024384FF017
:108D90008073036221F00101C16104498161426075
:108DA0006FF0020140F8201970470000058C0008A0
:108DB0000169D0E901329A60D0E901235A604A681A
:108DC000824201D182684A60002202610868401E26
:108DD0000860086870470000034B036003F154000B
:108DE000086080201060704724020020044B03605C
:108DF00003F1540008604FF4807010607047000069
:108E00007804002000F1080141604FF0FF328260D9
:108E1000C16001610021016070470021016170475C
:108E200030B50C68621C02D000F1080202E0026951
:108E300004E01A4653681D68A542FAD953684B608E
:108E400099608A60516008610168491C016030BD09
:108E500042684A6093688B609368596091600861CA
:108E60000168491C01607047502080F31188BFF3EE
:108E70004F8FBFF36F8F0A494868401C4860012834
:108E80000CD10848006810F0FF0F07D0502080F385
:108E90001188BFF34F8FBFF36F8FFEE7704700005D
:108EA000A401002004ED00E009494868002806D02C
:108EB000401E4860002801D180F31188704750207F
:108EC00080F31188BFF34F8FBFF36F8FFEE7000071
:108ED000A401002070B500282AD008380446154D9A
:108EE00060686969084207D1502080F31188BFF398
:108EF0004F8FBFF36F8FFEE722683AB1502080F3A7
:108F00001188BFF34F8FBFF36F8FFEE78843606018
:108F100000F0DCF960686968084468602046FFF783
:108F2000C9FC2869401C2861BDE8704000F072BE91
:108F300070BD0000840100204FF0E020002101619D
:108F4000816105494FF47A720968B1FBF2F1491E5B
:108F500041610721016170479400002010B5F7F7C7
:108F6000DFF9114910280ED300F1E02090F8F0034A
:108F70000A78904207D2502080F31188BFF34F8FB8
:108F8000BFF36F8FFEE709480068896800F4E0606E
:108F9000884207D9502080F31188BFF34F8FBFF369
:108FA0006F8FFEE710BD0000A40100200CED00E073
:108FB00010B50022064B53F832401CB1521C082A4F
:108FC000F9D310BD43F8321003EBC201486010BD65
:108FD0000429002070B504460D461646FFF744FFED
:108FE00094F944304FF000005B1C01D184F8440038
:108FF00094F94510491C01D184F84500FFF754FF4E
:10900000A06B28B93246294604F1240000F0F8F894
:109010002046BDE87040FFF715BE000010B50246BF
:109020000020002A12D00F48006B38B1502080F386
:109030001188BFF34F8FBFF36F8FFEE700F046F943
:1090400000211046FFF736FA00F0E4FD002807D1B2
:1090500005494FF080500860BFF34F8FBFF36F8F0B
:1090600010BD00003401002004ED00E070B505469D
:109070000E460023002D0BD096B1204A106BB8B1DC
:10908000502080F31188BFF34F8FBFF36F8FFEE73F
:10909000502080F31188BFF34F8FBFF36F8FFEE72F
:1090A000502080F31188BFF34F8FBFF36F8FFEE71F
:1090B00000F00CF9D2682C68A119944205D98C42B1
:1090C00008D9914206D9012304E08C4201D891428B
:1090D00000D9012329601BB1881A0021FFF7EAF9A2
:1090E00000F098FD002807D105494FF08050086036
:1090F000BFF34F8FBFF36F8F70BD000034010020AE
:1091000004ED00E070B50446FFF7AEFE254D04B94E
:109110002C68201DFFF74CFE58B9E06A224A00EB8C
:10912000800152F8211021B901218140286988432A
:109130002861A06A18B104F11800FFF739FE686AC7
:10914000401C68622868844208D11748211DC83035
:10915000FFF77EFE6868401C686007E0A868401E54
:10916000A8602046FFF7B7FAFFF7ECFCFFF79CFE7C
:109170006869002814D02868844211D1286B38B15E
:10918000502080F31188BFF34F8FBFF36F8FFEE73E
:1091900006494FF080500860BFF34F8FBFF36F8FC9
:1091A00070BD0000340100204429002004ED00E0DF
:1091B00002490A6A0260C9684160704734010020B0
:1091C00001490120C86170473401002010B50C46E8
:1091D00000280AD0094909681831FFF721FE204606
:1091E000BDE810400121FFF765B9502080F31188D8
:1091F000BFF34F8FBFF36F8FFEE7000034010020F5
:1092000070B50D46144600280DD00B490968183179
:10921000FFF71EFE0CB14FF0FF3521462846BDE892
:109220007040FFF747B9502080F31188BFF34F8F8C
:10923000BFF36F8FFEE700003401002030B587B028
:1092400000250695059504AA05A906A8FFF7C4FD03
:10925000DDE90510CDE900510290002317A119485E
:10926000049A00F0A3FB184CE06208B1012000E072
:109270000020012801D100F033FD012809D0401C55
:1092800019D1502080F31188BFF34F8FBFF36F8F38
:10929000FEE7502080F31188BFF34F8FBFF36F8F2D
:1092A0004FF0FF30A06201206061E56007B0BDE8CB
:1092B000304000F043B807B030BD000049444C4591
:1092C0000000000089870008340100200248016B7B
:1092D000491C01637047000034010020154A106BDF
:1092E000002802D00120D06170470020D0611069B1
:1092F000B0FA80F0C0F11F000F4900EB800051F878
:10930000203073B101EB800041684968416000F191
:109310000803994201D1496841604068C068106003
:109320007047502080F31188BFF34F8FBFF36F8FCA
:10933000FEE7000034010020442900201CB5374816
:109340000168374A914207D1502080F31188BFF35A
:109350004F8FBFF36F8FFEE700683149491E884287
:1093600007D1502080F31188BFF34F8FBFF36F8F69
:10937000FEE72C4908780190FF20087008780090DB
:109380009DF800009DF8002000F0F000904207D00A
:10939000502080F31188BFF34F8FBFF36F8FFEE72C
:1093A0009DF80000204C00F0500020700720A060C5
:1093B00006E0A068401EA0609DF8000040000090FC
:1093C0009DF800000006F4D4A068032807D05020C0
:1093D00080F31188BFF34F8FBFF36F8FFEE74FF419
:1093E0004070A060019808700C482030016841F47A
:1093F00070010160016841F070410160FFF79CFD60
:1094000000206060F6F754FF0848016841F04041D1
:109410000160F6F739FF00201CBD000000ED00E000
:1094200071C20F4100E400E0A401002034EF00E02D
:10943000F8B505460E461746002D13D005FB06F07D
:109440004830FFF735FC044654B12246483200202C
:1094500084F846003B46314628460094FFF7A8F9B9
:109460002046F8BD502080F31188BFF34F8FBFF323
:109470006F8FFEE738B5049D002804D05BB102B1C0
:1094800089B1C2B120E0502080F31188BFF34F8F23
:10949000BFF36F8FFEE7502080F31188BFF34F8F2B
:1094A000BFF36F8FFEE7502080F31188BFF34F8F1B
:1094B000BFF36F8FFEE739B1502080F31188BFF3FF
:1094C0004F8FBFF36F8FFEE7482400941C460123A3
:1094D00084F846302B460094FFF76AF9204638BDE1
:1094E00070B504460D46002C25D0FFF7BDFCD4E92D
:1094F0000F20216802FB0011A1600021A1632168F7
:109500006160E06B2268216C401E00FB0121E1607C
:109510004FF0FF3084F8440084F8450004F1100057
:109520008DB1FFF76FFC04F12400FFF76BFCFFF730
:10953000BBFC012070BD502080F31188BFF34F8F1A
:10954000BFF36F8FFEE721690029F0D000F024FB04
:109550000028ECD004494FF080500860BFF34F8FD3
:10956000BFF36F8FE3E7000004ED00E02DE9FF4754
:1095700082B004468A461E460025002C03D0BAF16C
:10958000000F08D011E0502080F31188BFF34F8FF7
:10959000BFF36F8FFEE7206C38B1502080F3118845
:1095A000BFF34F8FBFF36F8FFEE7022E0AD1E06B40
:1095B000012807D0502080F31188BFF34F8FBFF3ED
:1095C0006F8FFEE700F020FA48B9049838B15020B8
:1095D00080F31188BFF34F8FBFF36F8FFEE74FF01B
:1095E00000094FF08057DFF8E480FFF73DFCA06BE7
:1095F000E16B884205D3022E03D0049808B325B34B
:1096000027E0324651462046FFF72EF8616A59B1ED
:1096100004F1240000F0C0FA68B1C8F80070BFF38C
:109620004F8FBFF36F8F06E028B1C8F80070BFF30B
:109630004F8FBFF36F8FFFF737FC012006B0BDE8F7
:10964000F087FFF731FC0020F8E76846FFF7B0FD30
:109650000125FFF729FCFFF739FEFFF705FC94F918
:109660004400401C01D184F8449094F94500401C0A
:1096700001D184F84590FFF717FC04A9684600F073
:1096800025F930B12046FFF7DDFA00F0C3FA0020DB
:10969000D4E72046FFF765F990B104F11000049972
:1096A000FFF794FD2046FFF7CDFA00F0B3FA00284B
:1096B0009BD1C8F80070BFF34F8FBFF36F8F94E753
:1096C0002046FFF7BFFA00F0A5FA8EE704ED00E0B0
:1096D0002DE9F0470446894690461F46002C03D0EA
:1096E000B9F1000F08D011E0502080F31188BFF3CA
:1096F0004F8FBFF36F8FFEE7206C38B1502080F39F
:109700001188BFF34F8FBFF36F8FFEE7022F0AD18F
:10971000E06B012807D0502080F31188BFF34F8FF2
:10972000BFF36F8FFEE7FFF719FC5020EFF31186B0
:1097300080F31188BFF34F8FBFF36F8FA06BE16B86
:10974000884206D3022F04D0002086F31188BDE89A
:10975000F08794F94550A06B3A4649462046FEF7FB
:1097600083FF681C04D06D1C84F845500120ECE791
:10977000606A0028FAD004F1240000F00DFA0028F5
:10978000F4D0B8F1000FF1D00120C8F80000EDE7E7
:109790002DE9F74783B004468A460026002C03D003
:1097A000BAF1000F08D011E0502080F31188BFF308
:1097B0004F8FBFF36F8FFEE7206C38B1502080F3DE
:1097C0001188BFF34F8FBFF36F8FFEE700F01CF9D6
:1097D00048B9059838B1502080F31188BFF34F8FF6
:1097E000BFF36F8FFEE700274FF08058DFF8D89067
:1097F000FFF73AFBA56BC5B151462046FEF720FFA7
:109800006D1EA563206950B104F1100000F0C4F989
:1098100028B1C9F80080BFF34F8FBFF36F8FFFF7F8
:1098200043FB012006B0BDE8F087059808B126B1DA
:1098300007E0FFF739FB0020F4E701A8FFF7B8FCC9
:109840000126FFF731FBFFF741FDFFF70DFB94F910
:109850004400401C01D184F8447094F94500401C38
:1098600001D184F84570FFF71FFB05A901A800F09E
:109870002DF858B12046FFF7E5F900F0CBF9204666
:10988000FFF762F80028B3D00020CBE72046FFF7AF
:109890005BF890B104F124000599FFF797FC20468E
:1098A000FFF7D0F900F0B6F90028A1D1C9F800807F
:1098B000BFF34F8FBFF36F8F9AE72046FFF7C2F9D0
:1098C00000F0A8F994E7000004ED00E02DE9F04174
:1098D00005460C46002D11D0C4B1FFF7C5FA194E4C
:1098E000F0686B68C11A2268571C17D02F68366A57
:1098F000B74215D0834213D801241DE0502080F3D5
:109900001188BFF34F8FBFF36F8FFEE7502080F3B6
:109910001188BFF34F8FBFF36F8FFEE700240BE07A
:109920008A4206D9501A20602846FFF741FC0024DD
:1099300002E0002020600124FFF7B6FA2046BDE8CF
:10994000F0810000340100202DE9FF5F8146DDE950
:109950000E788A4616469B46B000FFF7A9F90546E1
:1099600028000AD05420FFF7A3F904460CB1256360
:1099700004E02846FFF7AEFA00E000249CB1002086
:1099800084F85100CDE90240CDE900785B463246CB
:1099900051464846FEF718FF2046FEF7C3FD01205A
:1099A00004B0BDE8F09F4FF0FF30F9E7F0B585B0A7
:1099B0000746DDE90A600C9C002815D0E4B1542567
:1099C00003952063022084F85100002004ADCDE906
:1099D0000240CDE900653846FEF7F6FE2046FEF768
:1099E000A1FD049805B0F0BD502080F31188BFF3AD
:1099F0004F8FBFF36F8FFEE7502080F31188BFF3C6
:109A00004F8FBFF36F8FFEE705484169002903D0F0
:109A1000006B18B10020704701207047022070478A
:109A2000340100200148C068704700003401002064
:109A30002DE9F0410026304F386B002805D0B86979
:109A4000401CB8613046BDE8F081FD686D1CFD60CA
:109A50009DB9786B006838B1502080F31188BFF34E
:109A60004F8FBFF36F8FFEE7786BB96B7963B86385
:109A7000386A401C3862FFF765F8B86ADFF87C8006
:109A800085420DD3786B006838B1786BC068C468C4
:109A90006068854212D2B86202E04FF0FF30B862CF
:109AA0003868C06A00EB800058F82000012800D90F
:109AB0000126F8690028C5D00126C3E7201DFFF75D
:109AC00077F9A06A18B104F11800FFF771F9E06A9C
:109AD00001213A6981401143396100EB800008EBB4
:109AE0008000211DFFF7B4F9E06A3968C96A88422D
:109AF000C8D30126C6E70000340100204429002015
:109B000070B504460020002C41D0214D29688C42BC
:109B100007D0502080F31188BFF34F8FBFF36F8FB2
:109B2000FEE7A16C71B1491EA164636CE26A9A42BE
:109B30002DD000292BD1201DFFF73AF9154A01211C
:109B400040B112E0502080F31188BFF34F8FBFF374
:109B50006F8FFEE7E06A00EB800352F8233023B9F1
:109B600001FA00F3286998432861606CE062C0F153
:109B70000700A061E06A2B6981401943296100EB6D
:109B8000800002EB8000211DFFF762F9012070BD0B
:109B900034010020442900202DE9F041C068C46848
:109BA000002C15D004F118000746FFF701F9174DF6
:109BB0002A6B0126A2B139461548FFF749F9E06A38
:109BC0002968C96A88421ED90120EE61BDE8F0818A
:109BD000502080F31188BFF34F8FBFF36F8FFEE7E4
:109BE000201DFFF7E5F8E06A2A6906FA00F1114343
:109BF0002961074900EB8000B43901EB8000211D89
:109C0000FFF726F9DBE70020E0E700003401002041
:109C1000F82900202DE9F041002400272D4D286B64
:109C2000002807D0FFF720F9286B401E2863286B17
:109C300040B14AE0502080F31188BFF34F8FBFF34B
:109C40006F8FFEE7A868E8B3DFF88C8001261EE07E
:109C5000D8F80C00C46804F11800FFF7A9F8201D1B
:109C6000FFF7A6F8E06A2A6906FA00F111432961B4
:109C7000194900EB8000B43901EB8000211DFFF78A
:109C8000E7F8E06A2968C96A884200D3EE61D8F82B
:109C900000000028DCD10CB1FEF754FFAC6944B1E0
:109CA000FFF7C6FE00B1EE61641E002CF8D1002063
:109CB000A861E86930B10127084938070860BFF397
:109CC0004F8F00E001E0BFF36F8FFFF7EDF83846EC
:109CD000BDE8F08134010020F829002004ED00E007
:109CE00030B587B00024FEF761FC134D2868B0B191
:109CF00000200690059004AA05A906A8FFF776F8AB
:109D0000DDE905100222CDE90021029000230BA11C
:109D10000C48049AFFF74AFE686000B1012414B1B0
:109D200007B0204630BD502080F31188BFF34F8F1D
:109D3000BFF36F8FFEE7000070010020546D7220AA
:109D400053766300318C0008FEB50646089F9C469A
:109D50000020002E13D0154D2C68002C0ED0009141
:109D600001920296062919DAFFF74EFE02280ED05C
:109D700000231A4669462868FFF7F8FBFEBD50200D
:109D800080F31188BFF34F8FBFF36F8FFEE700237F
:109D90003A4669462868FFF7E9FBFEBD00236246A4
:109DA00069462046FFF794FCFEBD000070010020CC
:109DB0004FF04070E1EE100A70470000209F00084D
:109DC0000D060008030000000000000080000000F5
:109DD0000000000000000000E49E00082D090008BB
:109DE00003000000000000008000000000000000F0
:109DF000000000000C9F00086D090008030000002F
:109E0000040000000001000000000000000000004D
:109E1000D49E000851060008030000000000000066
:109E2000000100000000000000000000BC9E0008CF
:109E3000D174000801000000000000008000000054
:109E40000000000000000000F89E0008FD4A000825
:109E500003000000000000000001000000000000FE
:109E6000000000002C9F00087F7300080300000022
:109E70000000000080000000000000000000000062
:109E8000C09E0008B90700080300000000000000A1
:109E900000010000000000000000000000000000C1
:109EA000000000000102030406070809000000008A
:109EB0000102030400061016000610166C6564000B
:109EC00041726D5F436F6E74726F6C5F5461736B40
:109ED0000000000043616E5F53656E645461736BF4
:109EE0000000000043616E315F526563656976650D
:109EF0005461736B00000000535049325F52656338
:109F0000656976655461736B0000000043616E32D1
:109F10005F526563656976655461736B000000008C
:109F200053746172745461736B000000566F666104
:109F30004173736973745461736B00005C9F000814
:109F40000000002024020000C401000834A0000822
:109F5000240200204CA90000200200080130134513
:109F60005B1B0885041A91041AB9041AF5041A1522
:109F7000041A510417040309041201140202021600
:109F80004083044057260201020301031A1A0313F7
:109F9000B1081B08AB041AA3041AD5041AFD041156
:109FA0001324F4193711B21014810182130A0632F6
:109FB000022A401C1C0902435F1125C03209041B00
:109FC00001020B13052416100105240110090104D8
:109FD000240202052406170107058203081C100944
:109FE0000495320A2E0705010240072A8107111342
:109FF000D556140845551C08D15874311AD90C137C
:10A000008D541B080508C11A59281A1D041A9904F1
:10A010001A110401741AAA01C11339081B086D042E
:10A0200001482AFF03190519074AFF07791302009F
:04A03000FF0000002D
:040000050800018965
:00000001FF
