:020000040800F2
:1000000028BE0020290300082D5A0008514C000882
:1000100025590008A90B0008AD9300080000000056
:10002000000000000000000000000000690200085D
:100030002117000800000000C5020008F16900084F
:100040004303000843030008430300084303000878
:100050004303000843030008231700084303000874
:100060004303000843030008430300084303000858
:100070005514000843030008430300084303000825
:10008000430300084303000843030008B90B0008BA
:10009000AD0B0008430300084303000843030008B6
:1000A00043030008C96A000843030008430300082B
:1000B0004303000843030008430300084303000808
:1000C00043030008430300084303000843030008F8
:1000D00043030008430300084303000843030008E8
:1000E00043030008430300084303000843030008D8
:1000F00043030008430300084303000843030008C8
:1001000043030008430300084303000843030008B7
:1001100043030008430300084303000843030008A7
:100120004303000861140008430300084303000868
:10013000430300084303000843030008D10B0008F1
:10014000C50B00084303000843030008315A0008A8
:100150006D1400087914000885140008B1740008B3
:100160004303000843030008430300084303000857
:100170004303000843030008430300080000000095
:10018000430300084303000800F002F800F05CF8A5
:100190000AA090E8000C82448344AAF10107DA45E2
:1001A00001D100F051F8AFF2090EBAE80F0013F0D8
:1001B000010F18BFFB1A43F001031847FCEF0000C2
:1001C0001CF000000A444FF0000C10F8013B13F043
:1001D000070408BF10F8014B1D1108BF10F8015BA0
:1001E000641E05D010F8016B641E01F8016BF9D193
:1001F00013F0080F1EBF10F8014BAD1C0C1B09D1EA
:100200006D1E58BF01F801CBFAD505E014F8016B5B
:1002100001F8016B6D1EF9D59142D6D370470000ED
:100220000023002400250026103A28BF78C1FBD8FF
:10023000520728BF30C148BF0B6070471FB50EF092
:1002400092FA1FBD10B510BD00F0DCF91146FFF7A2
:10025000F5FF0BF047FA00F0FAF903B4FFF7F2FFED
:1002600003BC00F0FDF900002C4B19680868B0E8E9
:10027000F04F80F30988BFF36F8F4FF0000080F3D9
:10028000118870470000000008480068006880F38B
:1002900008884FF0000080F3148862B661B6BFF39F
:1002A0004F8FBFF36F8F00DF00BF00BF08ED00E08E
:1002B000DFF80C00016841F470010160704700BF75
:1002C00088ED00E0EFF30980BFF36F8F134B1A68DE
:1002D0001EF0100F08BF20ED108A20E9F04F1060CB
:1002E00009B44FF0500080F31188BFF34F8FBFF374
:1002F0006F8F0CF09DFD4FF0000080F3118809BC5A
:1003000019680868B0E8F04F1EF0100F08BFB0EC95
:10031000108A80F30988BFF36F8F7047C4050020EF
:10032000EFF30580704700000948804709480047FF
:10033000FEE7FEE7FEE7FEE7FEE7FEE7FEE7FEE795
:10034000FEE7FEE704480549054A064B70470000F2
:10035000B96A00088901000828B8002028BE0020DA
:1003600028BA002028BA002053EA020C00F0698065
:100370002DE9F04B4FF00006002B1FBFB3FA83F5B9
:1003800003FA05F424FA05F65E4012BF1643B2FAEA
:1003900082F502FA05F4C5F120051EBF22FA05FC1C
:1003A00044EA0C04203556EA044C4FEA144418BFC2
:1003B000641C4FF000084FF00009904271EB030CF1
:1003C00039D3002919BFB1FA81F701FA07F6B0FA5B
:1003D00080F700FA07F6C7F120071EBF20FA07FCD6
:1003E00046EA0C062037B6FBF4FCA7EB0507103FE6
:1003F00007F01F0BCBF120060CFA0BFB2CFA06F6CC
:1004000044BFB3460026202FA4BF5E464FF0000B2A
:100410005BEA060C08BF4FF0010B19EB0B09ABFBB5
:10042000027C48EB0608C01B06FB02CC0BFB03CC8E
:1004300071EB0C01C1E70B46024641464846BDE858
:10044000F08B13B54FF000004FF00001AFF30080C8
:10045000BDE81C407047032A40F2308010F0030CC6
:1004600000F0158011F8013BBCF1020F624498BF07
:1004700011F801CB00F8013B38BF11F8013BA2F1A4
:10048000040298BF00F801CB38BF00F8013B11F01F
:10049000030300F02580083AC0F0088051F8043BBF
:1004A000083A51F804CBA0E80810F5E7121D5CBF2C
:1004B00051F8043B40F8043BAFF30080D20724BF5F
:1004C00011F8013B11F801CB48BF11F8012B24BFF3
:1004D00000F8013B00F801CB48BF00F8012B704742
:1004E00010B5203AC0F00B80B1E81850203AA0E8CF
:1004F0001850B1E81850A0E81850BFF4F5AF5FEA03
:10050000027C24BFB1E81850A0E8185044BF18C9B5
:1005100018C0BDE810405FEA827C24BF51F8043B5C
:1005200040F8043B08BF7047D20728BF31F8023BB0
:1005300048BF11F8012B28BF20F8023B48BF00F844
:10054000012B70474FF000020429C0F0128010F018
:10055000030C00F01B80CCF1040CBCF1020F18BF9F
:1005600000F8012BA8BF20F8022BA1EB0C0100F032
:100570000DB85FEAC17C24BF00F8012B00F8012B05
:1005800048BF00F8012B70474FF0000200B513463A
:1005900094469646203922BFA0E80C50A0E80C50A3
:1005A000B1F12001BFF4F7AF090728BFA0E80C5054
:1005B00048BF0CC05DF804EB890028BF40F8042B4D
:1005C00008BF704748BF20F8022B11F0804F18BFBA
:1005D00000F8012B704770477047704710B500F066
:1005E00009F8006810BD10B5044600F003F8046077
:1005F00010BD000000487047C8B700200048704791
:10060000C8B700207546FFF7F9FFAE4605006946FA
:10061000534620F00700854618B020B5FFF792FE3C
:10062000BDE820404FF000064FF000074FF00008F3
:100630004FF0000B21F00701AC46ACE8C009ACE874
:10064000C009ACE8C009ACE8C0098D46704710B5D8
:100650000446AFF300802046BDE81040FFF7FDBD23
:1006600001491820ABBEFEE72600020070470000DB
:100670002DED108B05F02CF9404C9FED41AA9FED1C
:10068000418A9FED419ADFED418ADFED41AA9FED5E
:1006900041BADFED41BADFED419A9FED41CADFED8E
:1006A00041CA9FED41DADFED41DA9FED41EADFED2E
:1006B00041EA9FED41FA0CF081F9226801213F489F
:1006C0009047226802213E48904700F0E7FB01F086
:1006D0001DF8B0EE4A3AF0EE482AB0EE492AF0EEA4
:1006E000681AB0EE6A1AF0EE4B0AB0EE6B0A3548A3
:1006F00005F04EFBB0EE483AF0EE482AB0EE492A3B
:10070000F0EE681AB0EE681AF0EE690AB0EE4C0A24
:100710002D4805F03DFBB0EE483AF0EE482AB0EE29
:10072000492AF0EE6C1AB0EE4D1AF0EE6D0AB0EEFA
:100730004E0A264805F02CFBB0EE483AF0EE482A67
:10074000B0EE492AF0EE681AB0EE6E1AF0EE690AC1
:10075000B0EE4F0A1E4805F01BFB00F0FDFC1D48E3
:1007600004F0FAFA06F080F81B48406880471B48FE
:10077000C06A0CF071FA0CF041F99CE7C803002044
:100780000080BB4500401C460060EA4600000000B7
:1007900000009644CDCCCC3D00C0C144ACC5273749
:1007A000E7FBA93D0000FA43000048440000704206
:1007B0000080D444CDCC4C3D6F12033DEC0C0020A6
:1007C000140D0020601F0020B01F0020002000201A
:1007D000502000208C0E00208C0300200000002000
:1007E0008AB0084C6D464FF0FF3707AE3A4669466F
:1007F00020680CF0EFFD09AB3246291D009801F08E
:1008000015F9F3E70800002010B504462DED048B20
:10081000B0EE419A84ED000AC4ED010A70EE609AD0
:10082000C4ED029AB6EE000A29EE000A10EE100A94
:100830000DF028FF41EC180B19EE900A0DF022FF85
:1008400041EC100B09F004F953EC182B51EC100B90
:100850000DF020FD13D294ED020AF7EE000A79EEB6
:10086000200AB5EEC00AF1EE10FA04DD30EE600A9F
:1008700084ED020A03E030EE200A84ED020A94EDD2
:10088000010AD4ED030A30EE600A84ED040A94ED07
:10089000000A94ED061A30EE411A84ED051AD4EDE3
:1008A000071A94ED020A61EE801AC4ED0B1AD4ED1A
:1008B0000C1A94ED082A42EE001AC4ED0C1A30EE20
:1008C000600AD4ED090A20EE200A84ED0D0A94EDA9
:1008D0000A0A20EE010A84ED0E0A94ED120A04F1D0
:1008E00030000AF0EFFB94ED0B0AD4ED0C0A30EE69
:1008F000200AD4ED0D0A30EE200AD4ED0E0A30EEB7
:10090000200A84ED0F0A94ED100A04F13C000AF06D
:10091000D9FB94ED020A84ED030A94ED000A84EDFC
:10092000060A94ED0F0ABDEC048B10BD2DE9F04FC3
:10093000DDE90BC8DDE90EABDDF83490DDE90967D0
:10094000002404E0C4F1020E00F80E50641C032CD5
:1009500002DA0D5D002DF5D110F8031F21F03801EA
:10096000203162F302010170018863F38911018073
:10097000417866F385014170818868F309018180BF
:10098000B0F8051069F38C01A0F80510C1886AF36E
:100990004F11C180B0F8011067F38E11A0F801105B
:1009A00041886CF3CF114180B0F809106BF38C01D2
:1009B000A0F809104289109961F34F124281BDE8F5
:1009C000F08F00003EB50020019002901B498889FD
:1009D000020A8DF804208DF80500088B020A8DF8B4
:1009E00006208DF807001648DFED160AD0F87600CD
:1009F00000EE100A20EE200ABDEEC00A10EE100A2A
:100A0000020A8DF808208DF80900CA7C9DF80A00BA
:100A100002F001021043897E01F0010140EA410029
:100A20008DF80A0001A80090074840F21F13002229
:100A30004468074805490068A0473EBD2C110020C6
:100A4000D011002000007A44C8030020140D0020BB
:100A5000080000200FB49DF81D009DF81C1040EA0E
:100A6000012000B200EE100AF8EEC00A9DF81F0047
:100A70009DF81E1040EA012000B200EE100AB8EE08
:100A8000C01A9DF821009DF8201040EA012000B214
:100A900000EE100AF8EEC01A9DF823009DF822100F
:100AA00040EA012000B200EE100A0F48B8EEC00A7A
:100AB00080ED000A0D48C0ED000A80ED011ADFED5F
:100AC0000C0A81EEA01A80ED021A0A48007C002868
:100AD00008D109489FED091AD0ED020A40EE410AFB
:100AE000C0ED020A04B070477400002054210020B9
:100AF000000048C32C110020302100208FC2753D1A
:100B00000FB49DF81D009DF81C1040EA012000B2B2
:100B100000EE100AB8EEC00A9DF81E001C494008FD
:100B2000C8739DF81F0000F001028A74C0F34002F0
:100B30000A74C0F380034B74C0F3C00088739DF83F
:100B400021009DF8201040EA0120124988801248B7
:100B5000002A17D0B5EEC00A1049F1EE10FA01D103
:100B600091ED020AD0ED010A90ED001ADFED0C1AAA
:100B700041EE610AC0ED010A30EE200A81ED020A61
:100B800004B070479FED070A80ED010AF8E7000006
:100B90002C110020401F0020740000203021002074
:100BA000CDCC4C3D00000000FEE70000014801F004
:100BB000C1B80000EC0C0020014801F0BBB80000F7
:100BC000EC0C0020014801F0B5B80000140D002025
:100BD000014801F0AFB80000140D002010B50B461D
:100BE000002101614161416281610122C2610262B1
:100BF000016041608160C1600146184600F088FFD5
:100C0000002803D0BDE8104000F08EBD10BD0000EC
:100C100010B50446491EC8B200EB400101EB0010BC
:100C2000074901EB80002146FFF7D8FF204601F07D
:100C30001EFB2046BDE81040022100F0E5BE00008A
:100C40006C15002010B58AB00C9C0191002A12D0BE
:100C50000393049200210591082206928DF81C103E
:100C6000216808916168099100231A4601A90CF0D6
:100C70009FFA0AB010BD0293EBE704284FF0000082
:100C8000704700207047000010B500220449054855
:100C900006F026FE0449034806F014FE002010BDAD
:100CA000AC2E0020D0210020AC26002070B50546D7
:100CB0000C462946064806F005FE054806F0D2FD1A
:100CC0002188284689B200F007F8002070BD000096
:100CD000D02100200020704710B50A460849D1F8FD
:100CE000BC12D1F81412002901D0012010BD014618
:100CF000034806F0F5FDBDE81040014806F088BE47
:100D0000D02100208EB01C4E4FF0FF3809AF424674
:100D100005A930680CF05EFB059CA4F201200328B5
:100D20000BD8142239466846FFF7DAFB134806A9A8
:100D30000EC905682046A847E9E7A4F50071053902
:100D40000DD0512CE3D1142239466846FFF7C8FB79
:100D50000B4806A90EC945682046A847D7E71422C4
:100D600039466846FFF7BCFB064806A90EC9456828
:100D70002046A847CBE70000000000202004002008
:100D800060040020340400208EB01D4F1D4E4FF033
:100D9000FF390DF124084A4605A938680CF01AFB02
:100DA000059CA4F2052002280BD81422414668466F
:100DB000FFF796FB144806A90EC945682046A847C8
:100DC000E9E7A4F580710F390ED0A4F580711F39C1
:100DD000E1D1142241466846FFF782FB06A97568F7
:100DE0000EC92046A847D6E7142241466846FFF7B9
:100DF00077FB06A935680EC92046A847CBE7000057
:100E0000040000207C000020340400202DE9F04F75
:100E10000BAFDDE909C897E8800E0F9D002404E0C0
:100E2000C4F1020E00F80E60641C032C02DA0E5DA1
:100E3000002EF5D110F8031F41F0380162F30201D2
:100E40000170018863F38911018041786CF3850199
:100E50004170B0F8011068F38E11A0F801104188BC
:100E600067F3CF114180818869F309018180B0F86F
:100E700005106AF38C01A0F80510C1886BF34F11BF
:100E8000C180C01E002104E0431815F8012BDA735D
:100E9000491CB942F8D3BDE8F08F000010B52DED24
:100EA000068B40F20121724804F0EAF8704840F2E3
:100EB0000221C83004F0E4F840F203216D4804F048
:100EC000DFF86C484FF40171C83004F0D9F840F2F3
:100ED0000621694804F03CF940F20721674804F014
:100EE00037F9DFED679AB0EE693ADFED668AF0EE2A
:100EF000682A9FED659AB0EE492A9FED648AF0EE6C
:100F0000481AB0EE481A9FED62AA5948B2EE040A98
:100F1000F0EE4A0A283004F03BFF5648B0EE693A3A
:100F2000F0EE682AB0EE492AF0EE481AB0EE481A00
:100F3000F0EE4A0AB2EE040AA03804F029FF4D4848
:100F4000B0EE693AF0EE682AB0EE492AF0EE481A9F
:100F5000B0EE481AF0EE4A0AB2EE040A283004F065
:100F600017FF4448B0EE693AF0EE682AB0EE492A1D
:100F7000F0EE481AB0EE481AF0EE4A0AB2EE040A51
:100F8000F03004F005FFB0EE693AF0EE682AB0EEFA
:100F9000492AF0EE481A9FED3FAADFED3FAA3648F6
:100FA000B0EE4A1AF0EE480AB0EE6A0A783004F061
:100FB000EFFE3248B0EE693AF0EE682AB0EE492A08
:100FC000F0EE481AB0EE4A1AF0EE480AB0EE6A0A9D
:100FD000783004F0DDFE9FED319A9FED31AADFED10
:100FE00031AA2548B0EE493AF0EE492AB0EE682A17
:100FF000F0EE481AB0EE4A1AF0EE6A0AB6EE000AAF
:10100000283004F0C5FE1D48B0EE493AF0EE492AFA
:10101000B0EE682AF0EE481AB0EE4A1AF0EE6A0A0C
:10102000B6EE000A283004F0B3FEB0EE693AF0EEF6
:10103000492AB0EE682AF0EE481A9FED1B1ADFED40
:101040001B0A9FED1B0A1B4804F0A2FE0849002062
:101050004881A1F8D200A1F89A01A1F862020649DC
:1010600040F6C370486105494861BDEC068B10BD70
:101070007017002000190020B01D0020781E0020ED
:101080000080BB450060EA4600008046000000008A
:10109000AE47613E0000204200000C4300401C4669
:1010A000CDCC4C3DACC5273700009644CDCCCC3DD3
:1010B00000C0C144802100202DE9F047DDE90AC8C5
:1010C000DDE90867DDF83090002404E0C4F1020A8D
:1010D00000F80A50641C032C02DA0D5D002DF5D1D6
:1010E00010F8031F21F03801103162F30201017082
:1010F000018863F389110180417866F385014170AD
:10110000818867F309018180B0F805106CF38C01C8
:10111000A0F80510C18868F34F11C180018969F3F7
:1011200009010181BDE8F0879FED0A0A80ED000A00
:1011300080ED010A80ED020A80ED040A80ED030AC9
:1011400080ED0B0A80ED0C0A80ED0D0A80ED0F0A90
:10115000704700000000000010B51A489FED1A1AF1
:1011600090ED020A1948C0EE010A40889FED181A56
:1011700000EE100A1748B8EE400A00EE810A80ED32
:10118000020AF2EE040AB7EE000A903804F070FC8E
:10119000F2EE040AB7EE000A0F4804F069FC0D48AD
:1011A000F1EE080AB7EE000A603804F061FC094865
:1011B000BDE81040F1EE080AB7EE000A303804F03E
:1011C00057BC0000301700200000B443E81C00208A
:1011D0000000004630210020FC100020FEB522480F
:1011E0000024224D807B01283BD095F82200012865
:1011F00036D11F488068804701940294688800EEC9
:10120000100A1B480C38B8EE400AD0ED020A30EE46
:10121000200A10EE100AB0F18B4F03DDDFED150A46
:1012200030EE600ADFED140A20EE200ADFED130A2B
:1012300020EE200A05F0D6FB01AE114900960023EE
:101240000C68B5F920001A461946A0470D480096CB
:1012500040F2FF1344680D4800220B490068A04784
:10126000FEBDAC84FEBD00002C110020E81C002057
:101270005004002000000046000000390000B4C304
:1012800034040020C8030020EC0C002008000020DB
:1012900070B52DED028B624CA38C9FED621A624AF1
:1012A0002046624992ED020A4088C0EE010A9FED95
:1012B000601A1E2B07D800EE100AB8EE400A00EEA6
:1012C000810A81ED020A91ED020A10EE103AB3F1A3
:1012D0008C4F04DD30EE410A81ED020A08E0B5EEE4
:1012E000C00AF1EE10FA03D230EE010A81ED020AD3
:1012F00020EE810A00EE900AF8EE600A30EE800AD5
:1013000010EE100AB0F18B4F01DD30EE410A494872
:10131000FDEEC00A10EE903A8381D1ED020A464DEF
:1013200030EE600AD2ED050AD5ED011A01EEA00AF1
:1013300010EE101A11F16A5F01D330EE010A007C41
:101340009FED3E8A48B3012824D13848F0EE400A88
:10135000B0EE480AE03804F0C1FC84ED040AD4ED94
:10136000010A37493748F8EEE00A04F039FDBDEECE
:10137000C00A10EE100A00B2208400EE100A2B48BA
:10138000B8EEC00A603804F08BFBBDEEC00A10EE68
:10139000100A2084BDEC028B70BD10EE100A2A49A1
:1013A000884206DA10EE100A2849884201D2B0EECF
:1013B000480A1E48903804F073FBF0EE400A687843
:1013C0002978884209D31F48B0EE480A503804F003
:1013D00085FC84ED040A0020687094ED010A194828
:1013E0001B49F8EEC00A94ED040AA03804F0F8FC9A
:1013F000BDEEC00A10EE100A00B2208400EE100A02
:101400000A48B8EEC00A303804F04AFBBDEEC00A04
:1014100010EE100A20846878401C6870BAE700005B
:10142000E81C00200000B4433017002030210020C9
:10143000000000462C1100204404002000000000A1
:1014400054000020002000200000A0400000A0C0A8
:1014500034000020014800F097BF0000940F0020E6
:10146000014800F091BF0000F40F0020014800F097
:101470008BBF0000D40E0020014800F085BF0000A3
:1014800054100020014800F07FBF0000340F0020FE
:101490000168CAB2103A1823B2FBF3F2064B9B5C08
:1014A000C3656FF30901032A02D9091D816500E0B4
:1014B0008165806D70470000CCEE000810B50146D4
:1014C00000208A6A8B694FF0C074002B0ED0B3F5F0
:1014D000005F1AD062B3012A2AD0022A28D0032A38
:1014E00003D1C96AC90100D5012010BD1AB1012A72
:1014F00006D0022AF9D1C96AC901F6D5012010BD6A
:10150000C96AA142FBD1012010BD52B1012A0AD003
:10151000022A06D0032AF7D1C96AA142F4D10120D8
:1015200010BD012010BDC96AC901FBD5012010BD45
:10153000012010BD30B50468256825F4802525609C
:10154000046863608368402B04D003689960006876
:10155000C26030BD03689A600068C16030BD0000A1
:101560002DE9F0412DED028B00245E4D2C705E487C
:101570000178427841EA0221C1F30A03A0F1160181
:10158000A3F580630B80D608827846EA4216C6F33C
:101590000A06A6F580664E80C778920942EA870758
:1015A000027947EA8227C7F30A07A7F580678F8089
:1015B0004FEA520C42794CEAC21CCCF30A0CACF54F
:1015C000806CA1F806C05B1D0A2B00D80C80761D2C
:1015D0000A2E00D84C807F1D0A2F00D88C800CF179
:1015E000050CBCF10A0F00D8CC8093090B72C2F332
:1015F00001164E728279C77942EA07224A81027A3D
:10160000477A42EA07228A81827AC77A42EA072227
:10161000CA81027B0A74427B4A74827BC77B42EA9E
:1016200007224A82027C407C42EA0020A0F58060CA
:1016300000B2888200F52570B0F5A56F00D98C82C4
:101640002A4A032B10D09FED2A0A82ED000A82ED70
:10165000010A82ED020A1222BDEC028B2249BDE88A
:10166000F041244802F0B3BFB1F9060000EE100AC1
:10167000B8EEC00A82ED000AB1F9040000EE100ACB
:10168000B8EEC00A82ED010AB1F9140064234142A8
:1016900091FBF3F100EE101AB8EEC00A82ED020AD7
:1016A0000CF093FC9FED141B53EC112B0CF0F4FC8D
:1016B0009FED131B53EC112B0CF0EEFC124F41EC81
:1016C000180BB8680CF0DEFF53EC182B0CF0D0F9B7
:1016D0000CF09CF9B860022E01D06C60BBE70120D1
:1016E0006860B8E7180400205E170020542100202D
:1016F00000000000440E0020FCA9F1D24D62403FE2
:101700000000000000003940302100201222024970
:10171000024802F05CBF00005E170020440E00206B
:101720007047012000F0CEBF72B6FEE72DE9F04F02
:10173000DDE90BC8DDE90D9ADDE90967002404E065
:10174000C4F1020B00F80B50641C032C02DA0D5D8F
:10175000002DF5D110F8031F21F03801283162F374
:1017600002010170018863F389110180417866F3F9
:1017700085014170818868F309018180B0F8051006
:1017800069F38C01A0F80510C1886AF34F11C1807C
:10179000B0F8011067F38E11A0F8011041886CF3C6
:1017A000CF114180DFED0C0A20EE200ABDEEC00A09
:1017B00010EE101A028961F309020281B0F80920C3
:1017C0008B0A63F38C02A0F809204A0D418962F369
:1017D0004F114181BDE8F08F00007A4470B58AB0A6
:1017E0000446002008900990069007900490059008
:1017F000029003900090019008A9204603F023FC7A
:101800009DED080A06A904A804F08EF89DED090ACA
:1018100002A9684604F088F80698454BC0EBC00161
:10182000029803EB810202EB80059DED000AD5EDE5
:10183000000A039D02EB850260EE801A92ED001A09
:10184000DDED010A079A40EE811A9DED041AC2EB04
:10185000C20203EB820303EB800521EE812AD5ED62
:10186000001A039D03EB850361EE802AD3ED001A75
:1018700040EEA12ADDED051A01EEA22A2C4DC43559
:1018800005EB810303EB8006D6ED002A039E03EBF4
:10189000860362EE802A93ED003A05EB820303EBA8
:1018A000800540EE832A95ED003A03EB860323EE94
:1018B000003AD3ED003A62EE812A00EEA33A41EEFF
:1018C000832A1C4B03EB810101EB800595ED003A67
:1018D000039D01EB850123EE003AD1ED003A03EBC5
:1018E000820101EB800000EEA33A23EE011A90ED95
:1018F000003A01EB850023EE000A90ED003A00EE7D
:10190000830A01EE801A94ED050A20EE020A84EDA6
:10191000000A94ED060A20EE220A84ED010A94EDF5
:10192000070A20EE010A84ED020A0AB070BD000029
:1019300068E90008F0EA000810B503461046002BDD
:1019400001D0084C0AE04FF6FF7010BD13F8012BD0
:101950004240D2B234F8122082EA1020491E4A1CBA
:10196000F4D110BD8C01002010B503461046002BA9
:1019700001D0084C0AE04FF6FF7010BD13F8012BA0
:101980004240D2B234F8122082EA1020491E4A1C8A
:10199000F4D110BDB4EC000810B5054C03E010F80C
:1019A000013B5340E25C491E4B1CF8D1104610BD70
:1019B0008C00002010B5054C03E010F8013B5340AB
:1019C000E25C491E4B1CF8D1104610BDB4EB000878
:1019D00070B50B480168001D0568001D00680844CB
:1019E00000280CD0074C0822A11C03F087F904F151
:1019F00012012846BDE87040042203F07FB970BD93
:101A0000107AFF1FF404002090F82020012A07D04C
:101A1000022A05D0416A41F48021416201207047C9
:101A2000006842690A43426100207047F0B590F8AF
:101A300020500468A468012D07D0022D05D0416A0A
:101A400041F4802141620120F0BD04F0806504F082
:101A50000066354301D1E50053D5C4F30164012587
:101A6000A5401D608B684FF4C0759BB1CE6805EB37
:101A7000041733434E6843EAC6030668F3514FF434
:101A8000C273076803EB04130E69FE50097D012938
:101A900009D00DE00E88CB6805EB041743EA4653E6
:101AA0000668F351EBE70168CE5846F48076CE50D5
:101AB0001179D379567941EA036193791B0443EA9A
:101AC000062319434FF4C676036806EB04169951B2
:101AD0001178D37841EA0361937852781B0443EA82
:101AE000022211434FF4C473026803EB0413D15074
:101AF000006805EB0411425842F0010242500020F8
:101B0000F0BD416A41F4001141620120F0BD0000C6
:101B100010B590F82020012A07D0022A05D0416A8A
:101B200041F480214162012010BD3C4800F5007065
:101B3000026842F001020260026822F47C520260F4
:101B400002684B6A42EA032202600A7D02F01F0328
:101B500001229A40C3699343C361A0F50070CB6929
:101B6000B3B9D0F80C329343C0F80C328C894B686F
:101B700064F31F434C6900EBC404C4F840320C8981
:101B80000B6864F31F434C6900EBC404C4F844328F
:101B9000CB69012B16D1D0F80C321343C0F80C32AC
:101BA0000C884B6864F31F434C6900EBC404C4F811
:101BB00040320C89CB6864F31F434C6900EBC404CA
:101BC000C4F844328B697BB1D0F804321343C0F8B7
:101BD00004320B6973B1D0F814321343C0F81432D5
:101BE000096A01290CD010E0D0F804329343C0F800
:101BF0000432EEE7D0F814329343C0F81432EFE722
:101C0000D0F81C121143C0F81C12D0F8001221F0B9
:101C10000101C0F80012002010BD00000064004067
:101C2000704770B590F82040012C07D0022C05D0E9
:101C3000416A41F480214162012070BD21B10468F4
:101C40002469A4072AD003E00468E468A4071FD02D
:101C50004FF4D874056804EB01142D5905F0040500
:101C600095600DB305682D59ED08556005682C5930
:101C700004F00204D4604FF4DA74056804EB011434
:101C80002E5906F00F06082E13D30825156114E00F
:101C9000416A41F400114162012070BD416A41F482
:101CA00000114162012070BD05682D596D0D156050
:101CB000DCE72D5905F00F05156105682D59C5F3B1
:101CC0000725956105682C59240C54614FF4DC728A
:101CD000046802EB0112A4581C700468A458240A7A
:101CE0005C700468A458240C9C700468A258120EFE
:101CF000DA704FF4DE72046802EB0112A4581C7112
:101D00000468A458240A5C710468A458240C9C71CB
:101D10000468A258120EDA7131B10068016941F00D
:101D200020010161002070BD0068C16841F0200100
:101D3000C160F7E72DE9F05F054600242868466991
:101D4000D0F804908768D0F80CA0D0F810B0D0F884
:101D50001880F10748D0F90714D001218160B80735
:101D600003D5284600F0B0FA0CE0780702D54FF40E
:101D7000006407E0380702D54FF4805402E028469B
:101D800000F0A1FAF80516D529684FF48070886034
:101D9000B80503D5284600F099FA0CE0780502D57D
:101DA00044F4005407E0380502D544F4804402E0CE
:101DB000284600F08AFAF80316D529684FF48030D7
:101DC0008860B80303D5284600F082FA0CE0780357
:101DD00002D544F4004407E0380302D544F48034CB
:101DE00002E0284600F073FA300707D55FEACA60C0
:101DF00004D544F4007429681020C86070074FF0BF
:101E0000080707D55FEA0A7004D52868C760284626
:101E100000F0C8F9B00706D52868C068800702D06E
:101E2000284600F0C1F9700607D55FEACB6004D5FB
:101E300044F48064296810200861B00607D55FEA81
:101E40000B7004D528680761284600F00DFAF006EB
:101E500006D528680069800702D0284600F005FAF8
:101E6000B00308D55FEAC96005D52968102048602D
:101E7000284600F0FBF9F00307D55FEA097004D5A6
:101E800028684760284600F024FA300446D55FEA07
:101E9000497040D5F00504D55FEAC87001D044F020
:101EA0000104B00504D55FEA887001D544F002044E
:101EB000700504D55FEA487001D544F0040430058C
:101EC00029D518F0700F26D008F07000402815D0E2
:101ED00006DC102809D020280AD0302816D10AE0C4
:101EE00050280ED0602811D10EE044F008040DE017
:101EF00044F010040AE044F0200407E044F04004F9
:101F000004E044F0800401E044F4807428688169AE
:101F100021F070018161296804204860002C05D0FF
:101F2000686A204368622846FFF77AFEBDE8F09FA2
:101F300070B50446002C03D094F8200010B104E0E2
:101F4000012070BD204600F09DF82068016841F036
:101F50000101016000F0B2FC054605260CE000F02E
:101F6000ADFC401B0A2807D9606A40F4003060626B
:101F700084F82060012070BD20684068C007EED062
:101F80002068016821F00201016000F097FC05461D
:101F90000CE000F093FC401B0A2807D9606A40F46B
:101FA0000030606284F82060012070BD20684068C5
:101FB0008007EED4207E01283FD02068016821F000
:101FC00080010160607E01283DD02068016821F019
:101FD00040010160A07E01283BD02068016821F00B
:101FE00020010160E07E012839D02068016841F0BD
:101FF00010010160207F012837D02068016821F09E
:1020000008010160607F012835D02068016821F057
:1020100004010160D4E902010843D4E90412114328
:1020200008436168491E08432168C8610020606256
:10203000012084F82000002070BD2068016841F074
:1020400080010160BEE72068016841F04001016045
:10205000C0E72068016841F020010160C2E7206804
:10206000016821F010010160C4E72068016841F0B7
:1020700008010160C6E72068016841F004010160C1
:10208000C8E700002DE9F04186B00446142101A8FC
:10209000FEF77AFA3E4B3F4ADFF8F0801868216875
:1020A0003C4C03260227401C103200254FF0090C3F
:1020B00041452FD11860012807D1106840F0007009
:1020C0001060106800F000700090206840F0080078
:1020D0002060206800F008000090019602970395A8
:1020E0000496CDF814C001A92B4800F0F7FA00229D
:1020F0000521132000F07AFC132000F069FC002277
:102100000521142000F072FC142000F061FC06B0E0
:10211000BDE8F081DFF884804145F8D1116841F0D5
:1021200080611160116801F08061009118600128E0
:1021300007D1106840F000701060106800F0007067
:102140000090206840F002002060206800F002004B
:10215000009060200190029703950496CDF814C07A
:1021600001A90F4800F0BAFA002205213F2000F033
:102170003DFC3F2000F02CFC00220521402000F017
:1021800035FC402000F024FCC1E700000064004062
:102190003000002030380240000C0240006800404F
:1021A0000004024070470000F8B5294B0268002186
:1021B000284D9A4201D1297001E001212970297826
:1021C000254C01EB410202EB011104EB810202F10B
:1021D000440328320021FFF724FD287804F19806F3
:1021E00000EB400101EB001104EB810100EBC000AA
:1021F000283106EB80001C22FEF772F9287800EBEC
:10220000400202EB001204EB820200EBC00106EB7D
:102210008101936C526CC1E9072388B10F480023F8
:102220006A4600680BF076F80098002807D00C4941
:102230004FF080500860BFF34F8FBFF36F8FF8BD32
:102240000848314600236A4600680BF063F8EBE764
:1022500000640040000400206C15002004000020F1
:1022600004ED00E00000002070477047704770B533
:10227000044694F82000012805D0606A40F400204C
:102280006062012070BD022084F82000206801688F
:1022900021F00101016000F011FB05460DE000F0A6
:1022A0000DFB401B0A2808D9606A40F400306062C8
:1022B000052084F82000012070BD20684068C00718
:1022C000EDD1606270BD70477047704770477047CE
:1022D000704770472DE9F0410446A76D00F0EEFA13
:1022E000054694F835000026022806D08020606557
:1022F00084F834600120BDE8F0812068016821F095
:10230000160101602068416921F080014161206C63
:1023100008B9A06C20B12068016821F008010160B3
:102320002068016821F0010101600BE000F0C6FAAD
:10233000401B052806D92020343420620320607019
:102340002670D8E720680068C007EFD134343F20FA
:1023500094F828108840B860012060702670002032
:10236000C9E790F83510022903D08021416501208A
:102370007047052180F835100068016821F00101DF
:1023800001600020704700002DE9F84304464FF03B
:102390000009CDF800906F484FF416510068B0FB6B
:1023A000F1F7A56D2E6894F85C00082202FA00F19E
:1023B000314210D02068016849070CD5016821F02E
:1023C0000401016094F85C0002FA00F1A960606DFC
:1023D00040F00100606594F85C104FF0010808FAC5
:1023E00001F0304208D021684969090604D5A86087
:1023F000606D40F00200606594F85C100420884035
:10240000304208D021680968890704D5A860606D4A
:1024100040F00400606594F85C1010208840304261
:1024200020D02168096809071CD5A86020680168C8
:1024300049030CD50068000304D4216C91B12046F7
:1024400088470FE0A16C69B1204688470AE001681F
:10245000C90503D4016821F008010160216C09B1AC
:102460002046884794F85C102020884030424CD0A9
:1024700021680968C90648D5A86094F83500052880
:102480000BD020680168490330D50068000328D4C8
:10249000616C51B32046884737E02068016821F01D
:1024A000160101602068416921F080014161206CC2
:1024B00008B9A06C20B12068016821F00801016012
:1024C00094F85C103F208840A86084F8358084F838
:1024D0003490216D00293BD001B02046BDE8F04387
:1024E0000847E16B09B1204688470EE00168C9053D
:1024F00007D4016821F01001016084F8358084F868
:102500003490E16B09B120468847606D00281FD0E8
:10251000606DC00714D0052084F83500206801687C
:1025200021F0010101600098401C0090B84203D8DE
:1025300020680068C007F6D184F8358084F83490AC
:10254000E16C002904D001B02046BDE8F043084703
:10255000BDE8F883240500202DE9F041044600F091
:10256000ADF905465CB1022084F83500002684F8F8
:1025700034602068016821F0010101600DE0012054
:10258000BDE8F08100F09AF9401B052805D920200C
:102590006065032084F83500F2E720680068C00712
:1025A000F0D121680A6820480240D4E901031843A9
:1025B000D4E903352B43184363691843A3691843CF
:1025C000E3691843236A18431043626A042A03D15B
:1025D000D4E90B231A43104308602068406920F0B7
:1025E0000700656A29460543012704290DD1A06A21
:1025F0000543E06A48B12046FEF760FF28B140205D
:10260000606584F835700120BAE72068456120468E
:10261000FEF73EFF94F85C203F21914081606665A3
:1026200084F835700020ABE73F8010F02DE9F041D1
:1026300004460025A66D94F8340001280DD0012031
:1026400084F8340094F835700020012F07D084F806
:10265000340002252846BDE8F0810220FBE702276E
:1026600084F8357060652046FEF764FF94F85C10CE
:102670003F208840B0602068016841F01601016089
:10268000206C20B12068016841F0080101602068D9
:10269000016841F001010160DCE7000070B504460B
:1026A00000F00CF90546601C02D004480078044490
:1026B00000F004F9401BA042FAD370BD28050020A9
:1026C0007047000010B504490A68024202D0086051
:1026D000FFF7F6FF10BD0000143C01402DE9F84F54
:1026E0000022DFF89C914FF0010803274FF00F0CF8
:1026F00009F1040AA9F1040B08FA02F50B682B4052
:10270000AB426ED10C7904F00304012C01D0022CF1
:1027100015D18668540007FA04FE26EA0E06D1F8A1
:102720000CE00EFA04FE4EEA060EC0F808E044681B
:10273000AC430D79C5F300159540254345600C79F0
:10274000E443A40708D0C568540007FA04F6B5436B
:102750008E68A6402E43C6600C7904F00304022C58
:1027600011D1D40800EB8406356A5407E40E0CFA44
:1027700004FE25EA0E05D1F810E00EFA04FE4EEA3A
:10278000050EC6F820E00568540007FA04F6B543C4
:102790000E7906F00306A6402E4306604C6814F43A
:1027A000403F67D0374C256845F480452560246854
:1027B00004F480440094344C22F003052E19D6F81A
:1027C000085894074FEA147E0CFA0EF4A5432F4CD8
:1027D000A04201D1002424E02D4CA04202D10124CA
:1027E0001FE047E02B4CA04201D1022419E02A4C03
:1027F000A04201D1032414E0284CA04201D10424BA
:102800000FE0274CA04201D105240AE0254CA0424C
:1028100001D1062405E0244CA04201D1072400E0A8
:10282000082404FA0EF42C43C6F80848D9F80040EE
:102830009C434D68ED0200D51C43C9F80040DAF80E
:1028400000409C434D68AD0200D51C43CAF80040CF
:10285000DBF800409C434D68AD0300D51C43CBF82A
:102860000040074D083D2C689C434E68F60300D598
:102870001C432C60521C102AFFF43EAFBDE8F88FB9
:10288000083C014044380240003001400000024052
:102890000004024000080240000C02400010024008
:1028A0000014024000180240001C0240002A01D01F
:1028B00081617047090481617047000001488068A8
:1028C0007047000028050020024881680278114402
:1028D000816070472805002010B50B48016841F45D
:1028E00000710160016841F480610160016841F498
:1028F00080710160032000F099F8052000F006F8CF
:1029000000F04AF8002010BD003C024030B587B00E
:10291000054600241B48016841F001010160006880
:1029200000F00100009001A902A800F0C9FE00F02B
:10293000FBFE40001449B0FBF1F1491E1448134A54
:10294000026040F2E732C2604160046184608461E9
:1029500001F024FB044694B90D4801F099FB0446AC
:102960006CB9192000F034F8102D07D20022294646
:10297000192000F03BF80748056000E0012407B08B
:10298000204630BD4438024040420F000000014064
:10299000B41000202C05002082B00C48016841F4DE
:1029A00080410160006800F4804001900748001FEA
:1029B000016841F080510160006800F08050019092
:1029C00000220F21901E02B000F010B844380240DF
:1029D000002809DB00F01F0201219140400980001E
:1029E00000F1E020C0F8001170470000F0B40D467F
:1029F0000D4B1B68C3F30223C3F10704042C00D959
:102A00000424191D072901D2002300E0DB1E012642
:102A100006FA04F1491E294099409E40761E164050
:102A20003143F0BC06F032BD0CED00E000F00701D0
:102A3000054A10684FF6FF03184040EA0120034999
:102A400008431060704700000CED00E00000FA053C
:102A50007047006841620020704770B50368586A8B
:102A6000002907D09C6A00EB144400204FF48275C3
:102A7000491E0AE040EA024098620DE005EB80063C
:102A80009E5904EB1644401CC0B28842F6D305EBB5
:102A9000810144EA02405850002070BDD0F8E004A3
:102AA00005F044BB01EBC10200EB8202D0F8E00468
:102AB000126A05F065BA01EBC10200EB8202D0F8A0
:102AC000E004D2F8602205F0C9BAD0F8E00405F0BD
:102AD0002FBB0A0601F00F0101EBC10100EB8101E0
:102AE00001D5143101E001F51571006806F090BAC6
:102AF00070B504460B0601F00F0000EBC00104EBBB
:102B000081014FF001024FF0000502D514314A70E7
:102B100002E001F515714D70087094F894040128D5
:102B200008D084F89424206805F086FF84F8945433
:102B3000002070BD022070BD70B5044601F00F008A
:102B40002279904201D9012070BD0B0601F00F01DE
:102B500001EBC10104EB81014FF001024FF00005D0
:102B600002D514314A7002E001F515714D708D7077
:102B7000087094F89404012808D084F894242068FC
:102B800006F0C4F884F89454002070BD022070BD93
:102B900001F00F0101EBC10100EB8100D0F86802E8
:102BA00070472DE9F04104460F0601F00F0000EBDD
:102BB000C00104EB81014FF001064FF0000502D582
:102BC00014314E7002E001F515714D700870C2F3BA
:102BD0000A028A600B714A7802B14883022B00D145
:102BE0004D7194F89404012809D084F89464206805
:102BF00005F06CFE284684F89454BDE8F08102206C
:102C0000FBE710B501F00F0404EBC40100EB8101F8
:102C100001F51571CA600B6100234B614B700C709C
:102C20008379012B00D1CA618279006806F0C6F869
:102C3000002010BD70B504460D46217905F00F0047
:102C4000884201D9012070BD29064FF000064FF0DF
:102C5000010206D500EBC00104EB810114314A707A
:102C600006E005EBC50104EB810101F515714E701D
:102C70008A70087094F89404012807D084F894248A
:102C8000206806F06FF8280702D007E0022070BD28
:102C9000A17904F29C42206806F00EF884F894644E
:102CA000002070BD10B501F00F0404EBC40100EB6F
:102CB00081011431CA600B6100234B6101234B7009
:102CC0000C708379012B00D1CA618279006806F00B
:102CD00075F8002010BD2DE9F84F044625682846F8
:102CE00006F040FA00287ED1206806F067FA002836
:102CF00079D0D5F80808C0F30D20C4F8D4042068B2
:102D000006F05CFA800704D52068416901F00201F1
:102D10004161206806F052FAC10604F29C4000901E
:102D200035D52068816921F0100181612F6A07F093
:102D30000F0000EBC00004EB800606F51576C7F324
:102D40004340022802D0062812D01BE047F6F0705C
:102D5000074217D0C7F30A1217462846F16806F053
:102D600031FAF0683844F06070693844706109E005
:102D700008222846009906F025FA7069C7F30A115F
:102D8000084470612068816941F010018161206808
:102D900006F014FA00034FF0080B4FF000094FF053
:102DA00001085ED50026206806F0E7F9824655E066
:102DB0005FEACA704FD0F1B2206806F0F7F9074613
:102DC000F80707D005EB4610C0F8088B31462046BF
:102DD00002F0B8FE380709D505EB4610C0F808BB6D
:102DE0003146204600E0F8E102F088FEF80604D5FE
:102DF00005EB46101021C0F8081BB8071CD5686900
:102E0000000605D5D5F8040840F48061C5F804181B
:102E100006EBC60004EB800000F51570C1780129AF
:102E200005D180F80390F1B2204600F0DCF905EB03
:102E300046110220C1F8080BB80604D505EB461070
:102E40002021C0F8081BB80405D505EB46104FF447
:102E50000051C0F8081B761C4FEA5A0ABAF1000F5D
:102E6000A6D1206806F0AAF940036CD5206806F0C8
:102E70007DF98246002663E05FEACA705DD0F1B258
:102E8000206806F081F90746F80723D006F00F0105
:102E900008FA01F0D5F834188143C5F8341805EB69
:102EA0004610C0F80889A07901280FD106EBC600AA
:102EB00004EB8000D0E907211144016236B9606A51
:102EC00020B920680121009A05F0F6FEF1B22046F3
:102ED000FFF7E8FD380703D505EB4610C0F808B941
:102EE000F80604D505EB46101021C0F8081978063D
:102EF00004D505EB46104021C0F80819B80716D5CF
:102F00003146284606F0FCF806EBC60004EB8000CC
:102F10001430C178012905D180F80390F1B2204620
:102F200000F05DF905EB46110220C1F808093806EA
:102F300003D53146204602F077FE761C4FEA5A0A46
:102F4000BAF1000F98D1206806F038F9002811DA9C
:102F5000D5F8040820F00101C5F8041894F8CC0451
:102F6000012829D0204600F006FA2068416901F0C6
:102F700000414161206806F021F900050BD5D5F824
:102F80000808C00702D0204600F038FA20684169DE
:102F900001F400614161206806F010F9C00461D5B8
:102FA000D5F8040820F00101C5F8041810212068A4
:102FB00006F0A6F8002120E084F8CC9400212046F9
:102FC000FFF746FDD1E705EB411000F510604FF625
:102FD0007F328260036823F400130360C0F8082284
:102FE000D0F8002222F40012C0F80022D0F800220B
:102FF00042F00062C0F80022491C20798842E2D8E1
:10300000D5F81C0840F00111C5F81C18E07B60B130
:10301000D5F8840840F00B01C5F88418D5F84408A9
:1030200040F00B01C5F844180CE0D5F8140842F242
:103030002B010843C5F81408D5F8100840F00B011F
:10304000C5F81018D5F8000820F4FE61C5F800187E
:10305000A1792068009A05F02FFE2068416901F4EB
:1030600080514161206806F0A9F8800415D52068D8
:1030700005F06EFC206806F065F8E07100F03EFB9C
:103080000146E279206806F003F9204600F05CF979
:103090002068416901F400514161206806F08EF812
:1030A000000707D5204600F06AF92068416901F061
:1030B00008014161206806F081F8000615D5A8696D
:1030C00020F08001A96101260CE006EBC60004EBAC
:1030D000800090F85702012803D1F1B22046FFF793
:1030E000F8FC761C2079B042EFD8206806F066F82C
:1030F000C0021FD5012615E005EB4610D0F80019D7
:1031000006EBC60004EB8000027E012A09D10029EB
:1031100007DA80F81780F0B240F080012046FFF710
:10312000D8FC761C2079B042E6D82068416901F4C9
:1031300080114161206806F041F8800230D50120FD
:1031400026E005EB4011D1F8001B00EBC00204EBB8
:10315000820292F85832012B19D1002917DA94F81B
:10316000D43401F4803103F0010399420FD182F885
:103170005782A96941F08002AA616969090606D4EB
:10318000D5F8040840F40070C5F8040803E0401CBA
:1031900021798142D5D82068416901F4001141614B
:1031A000206806F00BF8400007D52046FFF776FCB4
:1031B0002068416901F080414161206805F0FEFF0F
:1031C00040070AD520684568680702D52046FFF702
:1031D0007CFC2068416829434160BDE8F88FD0F845
:1031E000E00404F0F9BFD0F8E00405F00AB8F8B53F
:1031F0000446002C05D0266894F89504002510B1EB
:1032000006E00120F8BD84F89454204600F05AF8F6
:10321000032084F89504B6F1A04F00D1A571206871
:1032200005F044FD207C8DF8000094E80F0005F0C7
:103230009DFB022618B184F895640120F8BD002199
:10324000206805F0DEFF18B184F895640120F8BD10
:10325000002101270CE001EBC10004EB8000477561
:103260000175C1850576C56105624562491CC9B213
:1032700020798842EFD800210DE001EBC10004EB7A
:10328000800000F515704570017005718560C5609E
:103290000561491CC9B220798842EED8207C8DF89E
:1032A000000094E80F0005F047FC18B184F895641D
:1032B0000120F8BD657484F89574206805F02EFC33
:1032C0000020F8BD00B587B0002102910391049160
:1032D000059106910068B0F1A04F2BD11648016806
:1032E00041F001010160006800F0010001904FF41D
:1032F000C050029002200390032005900A200690FF
:1033000002A90E48FFF7EAF90D48016841F0800173
:1033100001600C48016841F480410160006800F4DC
:1033200080400190002205214320FFF75FFB4320EE
:10333000FFF74EFB07B000BD3038024000000240EE
:10334000343802404438024070B504460125E07923
:1033500000280ED0022801D0FEF7E6F92946D4F85D
:10336000E00404F0BFFFD4F8E004BDE8704004F0CE
:1033700072BF0025F2E7D0F8E00404F09CBFD0F85B
:10338000E00404F0A2BF10B5044694F894040128A8
:103390000AD0012084F894046174206805F061FF6C
:1033A000002084F8940410BD022010BDD0F8E02461
:1033B00000F29C41104604F0A1BF10B504462068FD
:1033C00094F89414012909D0012184F89414C16857
:1033D000490609D5617B012902D005E0022010BD14
:1033E000816B41F480318163206805F063FE2068C1
:1033F00005F086FB002084F8940410BD10B5044647
:10340000D4F8E00404F0BEFF2068D0F8001E41F0BC
:103410000101C0F8001EE07A002804D002480168CB
:1034200041F00601016010BD10ED00E02DE9F84308
:1034300004464FF0010820684FF00007C10701D192
:1034400040072BD5DFF81891C9F86870FFF736FAF6
:103450000646444D07E0FFF731FA801B022802D9E7
:103460000320BDE8F88328680001F4D46068217A5D
:10347000800140EA01703B4984310860C9F86880E6
:10348000FFF71CFA064606E0FFF718FA801B022831
:1034900001D90320E5E728680001F5D520788007E9
:1034A00053D530484030016841F0805101600068D8
:1034B00000F0805000902C4D286840F48070286007
:1034C000FFF7FCF9064606E0FFF7F8F9801B022833
:1034D00001D90320C5E72868C005F5D5214D703511
:1034E000286800F44070F8B1A18901F4407181426C
:1034F0001AD0286820F440701C49C1F800800F6081
:1035000028602868C0070FD0FFF7D8F9064641F2B7
:10351000883706E0FFF7D2F9801BB84201D90320B3
:103520009FE728688007F5D5E0680E49C0F30122BF
:103530000831032A0BD0086820F4F81008602868C6
:10354000A189C1F30B0108432860002089E70A68BC
:10355000074B22F4F812184002430A60EFE700001C
:10356000000047420038024000700040400E4742D1
:10357000FFFCFF0F2DE9F04704460D46002C13D049
:10358000DFF82891D9F80000EFB200F00700A84258
:103590000CD289F80070D9F8000000F00700A842AA
:1035A00004D00120BDE8F0870120FBE72068404EF1
:1035B000810712D5400703D5306840F4E0503060F1
:1035C0002078000703D5306840F4604030603068F0
:1035D000A16820F0F000084330602078C00731D0A7
:1035E000334960680839012808D002280BD0032825
:1035F00009D0096889070BD40120D3E7096889033A
:1036000006D40120CEE70968890101D40120C9E769
:10361000316821F0030101433160FFF74FF9804623
:1036200041F2883A07E0FFF749F9A0EB080050455E
:1036300001D90320B6E73068616800F00C00B0EBF8
:10364000810FF0D1D9F8000000F00700A84209D995
:1036500089F80070D9F8000000F00700A84201D0F6
:1036600001209FE72078400705D53068E16820F405
:10367000E050084330602078000706D530682169A3
:1036800020F4604040EAC100306000F05DF831682D
:10369000084AC1F30311515CC84007490860074854
:1036A0000068FFF733F900207CE70000003C02408F
:1036B00008380240B4EE0008240500202C05002044
:1036C0000F2202600B4A136803F003034360136880
:1036D00003F0F0038360136803F4E053C3601268DF
:1036E00002F46042D20802610348006800F007005B
:1036F0000860704708380240003C024001480068FA
:10370000704700002405002000B5FFF7F7FF0449CB
:103710000968044AC1F38221515CC84000BD000021
:1037200008380240C4EE000800B5FFF7E7FF04497F
:103730000968044AC1F34231515CC84000BD000031
:1037400008380240C4EE000810B51748006810F0B1
:103750000C01164816D0164B042912D0082911D195
:10376000114C241F216801F03F02216849020AD54B
:103770002068C0F38810A0FB03010023FCF7F4FDD0
:1037800009E0184610BD21680023C1F38811A1FB90
:103790000001FCF7E9FD2168C1F30141491C490022
:1037A000B0FBF1F010BD0000083802400024F40026
:1037B000001BB7002DE9F84F0446002C13D02078E9
:1037C000DFF8A083C007A8F1040556D008F1040073
:1037D0000168C1F3810101290CD00068C0F38100A8
:1037E000022803D00DE00120BDE8F88FD8F80000D2
:1037F000400206D5286880033FD5606870BB012071
:10380000F2E76068B0F5803F10D0B0F5A02F12D07D
:10381000286820F480302860286820F48020286000
:103820006068E0B1FFF74AF8064614E0286840F403
:1038300080302860F4E7286840F4802028602868F9
:1038400040F480302860EBE7FFF738F8801B6428ED
:1038500001D90320C8E728688003F5D50DE0FFF7FC
:103860002DF8064606E0FFF729F8801B642801D9E9
:103870000320B9E728688003F5D42078BA4F800781
:103880004FF0000948D5B748001D016811F00C0F32
:1038900008D00068C0F38100022813D1D8F80000D6
:1038A00040020FD42868800704D5E068012801D0C1
:1038B000012099E72868216920F0F80040EAC1005A
:1038C000286029E0E068B8B101203860FEF7F6FF13
:1038D000064606E0FEF7F2FF801B022801D903200E
:1038E00082E728688007F5D52868216920F0F8006C
:1038F00040EAC10028600FE0C7F80090FEF7DEFF45
:10390000064606E0FEF7DAFF801B022801D90320F5
:103910006AE728688007F5D42078000729D5DFF802
:1039200044A2924861690AF1700A89B101210160DB
:10393000FEF7C4FF064606E0FEF7C0FF801B022824
:1039400001D9032050E7DAF800008007F4D510E031
:10395000C0F80090FEF7B2FF064606E0FEF7AEFFA5
:10396000801B022801D903203EE7DAF80000800717
:10397000F4D42078400778D54FF0000A79483C30DD
:103980000068C0000BD477483C30016841F080519A
:103990000160006800F0805000904FF0010ADFF8ED
:1039A000D0B1DBF80000C00514D4DBF8000040F40F
:1039B0008070CBF80000FEF781FF064606E0FEF7B8
:1039C0007DFF801B022801D903200DE7DBF80000F2
:1039D000C005F4D5634EA0686C3601280FD00528C9
:1039E00012D0306820F001003060306820F0040010
:1039F0003060A068F8B1FEF761FF834617E03068D9
:103A000040F001003060F4E7306840F004003060BE
:103A1000306840F001003060EBE7FEF74FFFA0EBAD
:103A20000B0141F28830814201D90320DCE6306885
:103A30008007F2D510E0FEF741FF834609E0FEF76C
:103A40003DFFA0EB0B0141F28830814201D90320F8
:103A5000CAE630688007F2D4BAF1010F05D14148B7
:103A60003C30016821F080510160A069C0B33D493C
:103A7000091D09684FF0FF36C1F38101022946D0C4
:103A8000022805D0C7F86090FEF718FF04463AE018
:103A9000C7F86090FEF712FF814607E0FEF70EFFC1
:103AA000A0EB0900022801D903209DE628688001C7
:103AB000F4D4D4E907010843616AA26A890106EBDC
:103AC000520241EA0241084394F82C1040EA016096
:103AD000C8F8000001203866FEF7F0FE044607E053
:103AE0003DE0FEF7EBFE001B022801D903207BE638
:103AF00028688001F5D532E0FEF7E0FE001B0228C1
:103B000001D9032070E628688001F5D427E0012858
:103B100023D0D8F80000E26900F4800191421AD164
:103B2000226A00F03F01914215D147F6C071626AE6
:103B30000140B1EB821F0ED1A26A00F4403106EBC6
:103B40005202B1EB024F06D194F82C1000F07060D5
:103B5000B0EB016F03D0012046E6012044E60020CF
:103B600042E600000438024000004742800E47420F
:103B70000070004010B50446002C02D0607F10B1E8
:103B800006E0012010BD00202077204600F042F81A
:103B9000022060772068C168C943C90631D5CA21AF
:103BA0004162216853204862204602F0F6F9C8B904
:103BB00020688168164A11408160206881686268C7
:103BC0001143D4E904231A43114381602168E0685A
:103BD000086120680169228941EA024101612046A9
:103BE00002F0FEF948B921680A6C22F480220A64C6
:103BF00021680A6CA3691A430A642268FF21516292
:103C000000E000200028BDD10121617710BD000037
:103C1000BFFF8FFF1FB50021009101910291039119
:103C20000068084988420CD10220009000020390ED
:103C30006846FFF7FBFB08B1FDF776FD024901205E
:103C400008601FBD002800403C0E474270B5044686
:103C50000B46207F012805D00126267702206077B9
:103C600012B108E0022070BD5878C10603D500F0FB
:103C7000EF000A305870A2B19878D97840EA01452F
:103C800058781978000240EA413005432168CA207B
:103C90004862216853204862204602F07EF988B1CC
:103CA00017E0D87802F06EF90204587802F06AF949
:103CB00042EA0022987802F065F90243187842EA55
:103CC0004035E3E70748054020684560204602F09C
:103CD00087F900B966772268FF21516200212177B8
:103CE00070BD00003FFFFF002DE9F04104460D4686
:103CF000207F012821D04FF0010884F81C80022089
:103D000060770027E2B120688068400600D4EF7039
:103D1000A878297840EA01466878E978000240EA04
:103D2000815006432168CA204862216853204862B6
:103D3000204602F032F9C8B12BE00220BDE8F08144
:103D400020688068400600D4EF70287802F01AF9E5
:103D50000204687802F016F942EA0022A87802F01C
:103D600011F90243E87842EA8056DBE70D48064045
:103D7000206806602068816821F480218160D5E98F
:103D8000031001432068826811438160204602F0DD
:103D900027F908B984F81D802268FF21516227772E
:103DA000CCE700007F7F7F0070B505460A48296890
:103DB000C860FEF783FD04464FF47A7606E0FEF70E
:103DC0007DFD001BB04201D9032070BD2868C0688A
:103DD0008006F4D5002070BD5F7F010070B50446F9
:103DE000002C09D0606A002540B125616561A5629B
:103DF00094F8510040B10CE0012070BD6068B0F54E
:103E0000827FF4D0E561F2E784F85050204600F05C
:103E100045F8022084F851002068016821F0400133
:103E20000160A088218900F4827001F404410843F4
:103E3000A18901F400610843217C01F002010843DB
:103E4000217D01F001010843218B01F40071084339
:103E5000217F01F03801084394F8201001F080011F
:103E60000843218D01F40051084321680860A069CE
:103E7000042101EA104094F8241001F010010843D5
:103E8000216848602068C16921F40061C1616565ED
:103E9000012084F85100002070BD000010B586B0EC
:103EA0000446142101A8FCF76FFB144920688842DE
:103EB00021D100211248026842F480420260006869
:103EC00000F4804000900E481038026842F0020270
:103ED0000260006800F0020000904FF46040019022
:103EE000022002900391032004900520059001A96F
:103EF0000448FEF7F3FB06B010BD00000038004098
:103F000040380240000402407047704770B590F896
:103F10003C20012A31D0012680F83C60022280F842
:103F20003D2002685468936824F070050C682C43A7
:103F30005460134C0268A24214D0B2F1804F11D0E9
:103F4000104CA2420ED0104CA2420BD00F4CA242F9
:103F500008D00F4CA24205D00E4CA24202D00E4C0B
:103F6000A24204D123F080034968194391603C3098
:103F7000467000210170002070BD022070BD00005D
:103F8000000001400004004000080040000C004018
:103F900000040140004001400018004010B50446F4
:103FA000002C03D094F83D0010B107E0012010BDB3
:103FB000002084F83C00204600F016F8022084F827
:103FC0003D00211D206802F085FD01203D34607216
:103FD0006070A070E07020716071A071E07120725B
:103FE0002070002010BD000008B500680649884216
:103FF00008D10648016841F008010160006800F03E
:104000000800009008BD0000000C0040403802404D
:1040100090F83D10012901D001207047022180F85D
:104020003D1000681349884214D0B0F1804F11D080
:10403000114988420ED0114988420BD0104988425C
:1040400008D01049884205D00F49884202D00F4954
:10405000884209D1816801F00701062908D001686A
:1040600041F00101016003E0016841F001010160DC
:10407000002070470000014000040040000800409C
:10408000000C0040000401400040014000180040C6
:1040900090F83D10012901D001207047022180F8DD
:1040A0003D100168CA6842F00102CA600068144904
:1040B000884214D0B0F1804F11D0124988420ED0FE
:1040C000114988420BD01149884208D010498842D2
:1040D00005D01049884202D00F49884209D1816831
:1040E00001F00701062908D0016841F001010160D3
:1040F00003E0016841F00101016000207047000009
:10410000000001400004004000080040000C004096
:1041100000040140004001400018004070B5044612
:10412000002594F83C00012817D0012684F83C6053
:10413000022084F83D002068826822F0770222F491
:104140007F4282600868502838D00DDC202853D088
:1041500005DC90B3102811D14EE0022070BD30284C
:104160004AD040280AD13DE0602831D070280CD0D8
:10417000B0F5805F03D0B0F5005F12D001253C346C
:10418000667000202070284670BDCB68D1E90121FF
:10419000206802F01AFD2068816841F07701816093
:1041A000EDE7CB68D1E90121206802F00EFD20681F
:1041B000816841F480418160E1E71DE0CA68496897
:1041C000206802F0E5FD5021206802F008FDD6E7E6
:1041D000CA684968206802F0ECFD6021206802F09E
:1041E000FEFCCCE7CA684968206802F0D1FD402196
:1041F000206802F0F4FCC2E722680146104602F093
:10420000EEFCBCE770472DE9F04104462068C56824
:1042100006694FF00007B10714D5A90712D5F91E9A
:1042200001610120207720688069800703D0204643
:10423000FFF7E8FF05E0204600F0BCF8204600F05C
:104240004CF92777700717D5680715D521686FF0E7
:1042500004000861022020772068806910F4407F04
:1042600003D02046FFF7CEFF05E0204600F0A2F87D
:10427000204600F032F92777300716D5280714D5E5
:1042800021686FF008000861042020772068C06969
:10429000800703D02046FFF7B5FF05E0204600F079
:1042A00089F8204600F019F92777F00617D5E806B7
:1042B00015D521686FF0100008610820207720686C
:1042C000C06910F4407F03D02046FFF79BFF05E054
:1042D000204600F06FF8204600F0FFF82777F0073F
:1042E00008D0E80706D021686FF001000861204679
:1042F00000F062F9300608D5280606D521686FF06F
:10430000800008612046FFF7FFFD700608D56806AB
:1043100006D521686FF040000861204600F056F98C
:10432000B0060AD5A80608D521686FF020000861FC
:104330002046BDE8F041FFF7E8BDBDE8F081000090
:1043400010B586B00446142101A8FCF71DF91549E3
:104350002068884224D11448016841F0800101603E
:10436000006800F0800000904FF4E05001900220BF
:104370000290012103910490059001A90B48FEF7DA
:10438000ADF90B48FFF744FE0021094800F0A6F8FC
:104390000421074800F0A2F80821054800F09EF823
:1043A00006B010BD000C004030380240001C024036
:1043B000B40D0020704770B504460D46002694F8F1
:1043C0003C0001280FD0012084F83C006AB1042A87
:1043D0001FD0082A32D00C2A44D00126002084F8AD
:1043E0003C00304670BD022070BD2946206802F0B6
:1043F000FFFB2068816941F00801816120688169C3
:1044000021F004018161206881692A691143816179
:10441000E4E72946206802F01FFC2068816941F426
:10442000006181612068816921F480618161206877
:1044300081692A6941EA02218161CFE72946206822
:1044400002F044FC2068C16941F00801C1612068A4
:10445000C16921F00401C1612068C1692A69114361
:10446000C161BBE72946206802F068FC2068C16989
:1044700041F40061C1612068C16921F48061C161BA
:104480002068C1692A6941EA0221C161A6E710B525
:104490000446002C03D094F83D0010B107E0012041
:1044A00010BD002084F83C00204600F015F80220E2
:1044B00084F83D00211D206802F00CFB01203D34F2
:1044C00060726070A070E07020716071A071E07126
:1044D00020722070002010BD7047704710B5044650
:1044E000002909D004290AD008290BD094F84100EA
:1044F00001280AD0012010BD94F83E00F8E794F896
:104500003F00F5E794F84000F2E70220A9B3042940
:1045100037D0082938D084F841000122206802F001
:1045200047FB1E4920681E4A884201D0904203D1B1
:10453000436C43F4004343642068884213D0B0F1D5
:10454000804F10D0174988420DD0174988420AD0B1
:104550001649884207D0904205D01549884202D0BA
:104560001449884213D1816801F00701062912D04D
:10457000016841F0010101600DE0FFE784F83E00B1
:10458000CBE784F83F00C8E784F84000C5E701683E
:1045900041F001010160002010BD00000000014059
:1045A000000401400004004000080040000C0040EE
:1045B000004001400018004000680349884201D1D2
:1045C000FEF782B97047000000000140704738B51F
:1045D000044694F84200202801D0022038BD51B191
:1045E0004AB10120206300206063204602F0C8FD2C
:1045F000014611B105E0012038BD206B012802D031
:104600000121084638BD2068026840680090206893
:104610000C3050E8002F42F0100240E80023002B3D
:10462000F5D1EEE770B5054612492868884217D1E2
:10463000114C207838B14C2210491148FBF70BFF80
:104640000020207007E00E484C220C494C38FBF744
:1046500002FF012020704C2208490A48FFF7B7FFEB
:1046600009492868884204D1BDE87040074800F035
:1046700065BB70BD00100140140400204C160020E2
:10468000E4160020FC0D0020001401408C0E0020D8
:1046900070470000F8B5044622681068D168536975
:1046A00000F00F06002E08D1850606D58D0604D52C
:1046B0002046BDE8F84002F075BC0025002E66D00B
:1046C00003F0010601F49077374360D0C20705D0AC
:1046D000CA0503D5626C42F001026264420705D547
:1046E000DA0703D0626C42F002026264820705D5E9
:1046F000DA0703D0626C42F004026264020707D555
:1047000001F02002324303D0626C42F0080262647E
:10471000626C002A31D0800604D5880602D5204676
:1047200002F040FC20684069C0F38010616C09070A
:1047300000D438B3204602F0F3FB206840694006FD
:104740001CD52068143050E8001F21F0400140E8DB
:104750000012002AF5D1E06B60B159490165E06BA8
:10476000FDF7FFFD002808D0E06B016D01B0BDE84A
:10477000F04008472046FFF78BFFF8BD2046FFF7C3
:1047800087FFF8BD2046FFF783FF6564F8BD236B04
:10479000012B7DD1C3067BD5CB067FD51068506831
:1047A000009050694FF0200340064FF0020644D5B8
:1047B000E16B0868406880B20028E7D0A28D824291
:1047C000E4D9E085C869B0F5807F2DD020680C3031
:1047D00050E8001F21F4807140E80012002AF5D152
:1047E0002068143050E8001F21F0010140E8001259
:1047F000002AF5D12068143050E8001F21F0400154
:1048000040E80012002AF5D184F842302563206880
:104810000C3050E8001F21F0100140E80012002A7F
:10482000F5D1E06BFDF756FD6663A08DE18D401A72
:1048300081B22046FFF7F6FEF8BDA08DE18D401A4B
:1048400081B2E08D0028F7D00029F5D020680C3027
:1048500050E8002F22F4907240E80027002FF5D195
:104860002068143050E8002F22F0010240E80027B1
:10487000002FF5D184F84230256320680C3050E8D1
:10488000002F22F0100240E80023002BF5D100E0B9
:1048900004E066632046FFF7C5FEF8BD020606D5B4
:1048A0000A0604D52046BDE8F84002F0B3BC400635
:1048B000F3D54806F1D52046BDE8F84002F057BBD5
:1048C000D76D000870B50446002C04D094F8410060
:1048D000002510B106E0012070BD84F8405020464C
:1048E00000F024F8242084F841002068C16821F4F5
:1048F0000051C160204602F0B9FB2068016921F433
:10490000904101612068416921F02A0141612068DC
:10491000C16841F40051C1606564202084F8410001
:1049200084F842006563002070BD00002DE9F04F5F
:1049300087B00446142102A8FBF726FE8648854B63
:104940001438226884490225002706154FF0030910
:104950004FF0070B4FF0006A4FF400389A4261D1D4
:104960000A6842F010020A60096801F01001019122
:10497000016841F002010160016801F0020101914A
:10498000016841F001010160006800F00100019040
:104990008020029003950497CDF81490CDF818B0BC
:1049A00002A96E48FDF79AFE28020290039504972B
:1049B000CDF81490CDF818B002A96948FDF78EFE25
:1049C000694D68482860C5F804A0AF60EF602E61AB
:1049D0006F61AF61EF61C5F820806F622846FDF717
:1049E000BBFD08B1FCF7A0FEE563AC635D485E4D1E
:1049F000303060352860C5F804A04020A860EF6022
:104A00002E616F61AF61EF61C5F820806F6228464B
:104A1000FDF7A2FD08B1FCF787FEA563AC6307B004
:104A2000BDE8F08F514B9A4237D14B49091F0A68B4
:104A300042F480220A60096801F480210191016832
:104A400041F004010160006800F0040001904FF49F
:104A50004060029003950497CDF81490CDF818B0FB
:104A600002A94348FDF73AFE3F4D4248C035286051
:104A7000C5F804A0AF60EF602E616F61AF61EF61B8
:104A80004FF4403028626F622846FDF765FD08B19B
:104A9000FCF74AFEE563AC63C1E7374B9A42BED1EF
:104AA0000A6842F020020A60096801F020010191C1
:104AB000016841F040010160006800F04000019091
:104AC0004FF48440029003950497CDF81490082089
:104AD000069002A92948FDF701FE2248284D6038BA
:104AE00028604FF02069C5F80490AF60EF602E6138
:104AF0006F61AF618015E861C5F820806F6228465C
:104B0000FDF72AFD08B1FCF70FFEE563AC6315481D
:104B10001B4D183060352860C5F804904020A8600F
:104B2000EF602E616F61AF61EF61C5F820806F6249
:104B30002846FDF711FD08B1FCF7F6FDA563AC634F
:104B4000002205214720FDF751FF4720FDF740FFD8
:104B500065E70000001001404438024000040240B4
:104B60000000024088640240D40E0020004800404B
:104B70000008024028600240001401400018024072
:104B8000F40F002090F84230202B01D00220704713
:104B900021B11AB10023036302F0F2BA0120704779
:104BA00010B500680649884208D101F067FEBDE8EB
:104BB00010404C2203490448FFF7E4BF10BD000039
:104BC000001001404C160020FC0D00207047000032
:104BD00037B5044694F84100202801D002203EBD9C
:104BE000019959B352B32162A284E2840020606427
:104BF000212384F84130A56B114BEB63A56B114B5E
:104C00002B64A56B104BEB64A36B186520681346EF
:104C1000001DA56B02462846FDF708FD21686FF0D0
:104C2000400008602068143050E8001F41F0800107
:104C300040E80012002AF5D100203EBD01203EBD13
:104C4000D56E0008176F0008E76D000870477047C1
:104C5000FEE700002748284990F84200012814D0B8
:104C6000652818D003281CD0672820D0042824D019
:104C7000682828D005282CD0692830D0072834D0BF
:104C80006B2801D14880888070470120488040F21D
:104C90000110888070476520488040F26510888048
:104CA00070470320488040F20310888070476720D7
:104CB000488040F2671088807047042048804FF495
:104CC000827088807047682048804FF4B470888074
:104CD00070470520488040F20510888070476920A1
:104CE000488040F26910888070470720488088809B
:104CF00070470000D0110020C0030020F0B4002352
:104D0000002A18D90A24302537269C46B4EB107F98
:104D100004D905EB107701F8137003E006EB107768
:104D200001F81370000101EB430787F801C05B1C19
:104D3000DBB29342EAD3F0BC7047000010B50446E2
:104D4000044800F00FF82046BDE8104088220149D1
:104D5000FFF73DBC4811002088220149FFF737BC0E
:104D6000481100202DE9F0470446002C70D07D4DFD
:104D70002068E8602079287405F108073879A528AB
:104D800066D10521204604F033FB01285CD1B7F839
:104D900005100931204604F00BFB0128F6D160799B
:104DA000A17940EA01207881E11D40F20623A0F2BA
:104DB0000622984271D023DC40F205136A4EA0F21D
:104DC00005124FF000084FF00109984253D00EDC55
:104DD000032841D004DC012829D0022834D138E04E
:104DE000A0F5807001383DD003282DD13DE0FC2A8C
:104DF00047D0FD2A59D0FE2A5FD0FF2A24D164E093
:104E000058488030052A74D008DC012A69D0022A6B
:104E100075D0032A79D0042A16D179E0062A6BD0FE
:104E2000072A6AD0082A69D0FE2A0DD189E00868CD
:104E300068614868A8610889A883887AA877387B60
:104E4000000902D086F81A9082E086F81A807FE086
:104E500086E00878E8777BE0424820222030FBF7A4
:104E6000FAFA75E00868286472E0088825F8440FAB
:104E70008878A8706CE0088825F8470F8878A870B3
:104E800066E038480D224A30FBF7E5FA97F8420011
:104E9000642803D286F8139003E01EE001D986F857
:104EA0001380B7F84400308352E02E484FF01002D0
:104EB00000F15700FBF7CFFA4AE0086845F8670FA2
:104EC000486868608868A86042E0086845F8730F21
:104ED0008888A8808879A8713AE0087885F87A00EF
:104EE00036E0086845F87B0F8888A8808879A87123
:104EF0002EE012E003E008E015E018E01DE00A688B
:104F0000C0F802208988C18022E0096881601FE022
:104F10000A68C260898801821AE012482822923009
:104F2000FBF799FA14E0097880F83A1010E00A6863
:104F300040F83B2F898881800AE0097880F8411089
:104F400006E00A480A6802604A684260896881602F
:104F5000B7F805000934015DA52901D1044404E72F
:104F6000BDE8F087C81100202C1100205D1300203F
:104F70002DE9F04106460F4614460025DFF848802B
:104F800013E006EB850090ED000A0F4806F014FBD5
:104F9000002318F80300606022685006FCD55B1CF3
:104FA000DBB2042BF5D36D1CADB2BD42E9D30020BA
:104FB000064A115C616021684906FCD5401CC0B2FC
:104FC0000428F6D3BDE8F08140060020D4EE0008A6
:104FD0002DE9F04FDDE90BC8DDE90D9ADDE9096740
:104FE000002404E0C4F1020B00F80B50641C032CF5
:104FF00002DA0D5D002DF5D110F8031F62F30201F6
:105000000170018863F389110180417866F385019D
:105010004170818867F309018180B0F805106CF355
:105020008C01A0F80510C18868F34F11C180B0F859
:10503000091069F38C01A0F8091041896AF34F1136
:105040004181BDE8F08F70EE600A90ED031AD0ED5B
:10505000041A71EE611AB0EE081A20EE010A80EE11
:10506000212A81ED002A90ED030AD0ED041A60EEAA
:10507000810A30EE610A80EE801A81ED011A7047D4
:1050800001800021818001724180C18001824161E3
:105090000183418380F82010704700000FB410B5E1
:1050A0000298A0F201209DF825109DF8242041EAE5
:1050B000022100EBC00202EB00121B4800EBC20011
:1050C00041809DF827109DF8262041EA0221818029
:1050D0009DF829109DF8282041EA0221C1809DF801
:1050E0002A1001724188028A104B8C1A9C4203DA02
:1050F000018B491C018305E0511A994202DA018BA8
:10510000491E01834188B0F9182001EB4231416109
:1051100041880182418C491C4184012180F8201082
:1051200010BC5DF814FB00007017002090E8FFFF32
:1051300030B5039C050A25706070080AA070E17004
:10514000100A20716271180AA071E37130BD00006D
:1051500001800021416081724180018181819FED48
:10516000040A80ED070A0183018480F82210704749
:10517000000000004188818100EE101AB8EE400A5C
:1051800080ED070A00210183704700000FB430B59D
:105190000398A0F205202A4A52F820104B888B81F0
:1051A0009DF829109DF8283041EA032152F820305B
:1051B00059809DF82B109DF82A3041EA032152F8BE
:1051C000203009B259609DF82D109DF82C3041EA2D
:1051D000032152F82030198152F820309DF82E100A
:1051E000997252F820104B888C891C1B154B9C42DD
:1051F00002DA0C8B641C0C8352F820108C894D88C9
:10520000641B9C4202DA0B8B5B1E0B8352F820104E
:105210004B88B1F9184003EB443300EE103AB8EE76
:10522000C00A81ED070A52F820108B8C5B1C8B841E
:1052300052F82000012180F8221030BC5DF814FBE8
:10524000280400209CE6FFFF70B504469FED1F1A5E
:10525000258804F12800A5F20125082D1CD2DFE8DD
:1052600005F0040404041C1C1C1C012914D100EECC
:10527000103AF8EEC00A00EE102AB8EEC00AFBF7AA
:10528000C3FABDEEC00A10EE100A00B200EE100A1A
:10529000B8EEC00A84ED040A70BD0129FCD100EE0D
:1052A000103AF8EEC00A00EE102AB8EEC00AFBF77A
:1052B000ABFABDEEC00A10EE100A00B200EE100A02
:1052C000B8EEC00A84ED040A70BD000000F8FF4586
:1052D0004161704730B5039C050A25706070080A6B
:1052E000A070E170100A20716271180AA071E37158
:1052F00030BD000070B504463548824228D122886E
:10530000344DA2F50072053A04F1780008D0012A64
:105310001FD0022A36D0032A1AD1012946D050E0E4
:1053200001290FD1618800EE901AB8EE601AD4ED11
:10533000010AF8EEE00A07F055FABDEEC00A10EED9
:10534000100A2084208C000A287094F820006870CD
:1053500070BD01290FD1618800EE901AB8EE601A75
:10536000D4ED010AF8EEE00A07F03CFABDEEC00AFF
:1053700010EE100A2084208C000AA87094F82000F7
:10538000E87070BD01290AD1D4ED010AF8EEE00AF7
:1053900000F0A4FCBDEEC00A10EE100A2084208CA0
:1053A000000A287194F82000687170BDD4ED010ADC
:1053B000F8EEE00A00F092FCBDEEC00A10EE100A12
:1053C0002084208C000AA87194F82000E87170BD38
:1053D000140D0020E803002010B50F480D490160AE
:1053E0000321416000218160C1604FF410220261FD
:1053F0004FF400124261017641768176C1760177E1
:105400004177FCF795FD002803D0BDE81040FCF77C
:105410008BB910BD00640040EC0C002010B50F48A3
:105420000D4901600321416000218160C1604FF49A
:10543000102202614FF400124261017641768176BA
:10544000C17601774177FCF773FD002803D0BDE8F2
:105450001040FCF769B910BD00680040140D002031
:1054600008B51D48016841F480010160016801F43C
:1054700080010091016841F400110160006800F4AE
:1054800000100090002205210C20FDF7AFFA0C203F
:10549000FDF79EFA002205213920FDF7A7FA3920F1
:1054A000FDF796FA002205214420FDF79FFA4420DB
:1054B000FDF78EFA002205214520FDF797FA4520D9
:1054C000FDF786FA002205214620FDF78FFABDE898
:1054D00008404620FDF77CBA3038024010B5C0B015
:1054E00000222421202007F0C5FD394C2060002235
:1054F0002421402007F0BEFD6060002224212020EE
:1055000007F0B8FDA0601C22324939A8FAF7E8FF7D
:10551000002139A806F0BBFCE0621C222D491C3199
:1055200032A8FAF7DDFF002132A806F0B0FCE060F7
:105530001C22284938312BA8FAF7D2FF00212BA8CA
:1055400006F0A5FC20611C222249543124A8FAF758
:10555000C7FF002124A806F09AFC60611C221D49A7
:1055600070311DA8FAF7BCFF00211DA806F08FFCC2
:10557000A0611C2217498C3116A8FAF7B1FF00214F
:1055800016A806F084FCE0611C221249A8310FA87D
:10559000FAF7A6FF00210FA806F079FC20621C2272
:1055A0000C49C43108A8FAF79BFF002108A806F0AF
:1055B0006EFC60621C220749E03101A8FAF790FFF7
:1055C000002101A806F063FCA06240B010BD0000FD
:1055D000000000206CE80008F0B587B0142102A894
:1055E000FAF7D2FF00262A48016841F00201016063
:1055F000016801F002010191016841F04001016080
:10560000016801F040010191016841F00101016070
:10561000016801F001010191016841F00801016098
:10562000016801F008010191016841F00401016085
:10563000016801F004010191016841F080010160FD
:10564000006800F080000190124F4FF48055002256
:1056500029463846FDF72AF9012402944FF4041034
:105660000390049402A90C48FDF738F802950394BE
:105670000496059602A93846FDF730F80621002267
:105680000846FDF7B3F90620FDF7A2F907B0F0BD13
:1056900030380240000402400018024010B586B0C5
:1056A000142101A8FAF770FF002400941A48194940
:1056B00001604460032181600721C160046144618D
:1056C0008461FEF757FA08B1FCF72EF88DF8044014
:1056D0008DF805408DF8064004940594012201A937
:1056E0000D48FEF701FB08B1FCF71EF801208DF80C
:1056F00000008DF801008DF802008DF803400122B2
:1057000069460548FEF7A2FA002801D0FCF70CF81C
:1057100006B010BD002800403C0D002010B5114817
:105720000F4901604FF482714160002181604FF4A4
:105730000062C26002220261012242615202826161
:105740003822C2610162416281620A21C162FEF7B0
:1057500045FB002803D0BDE81040FBF7E5BF10BDB6
:10576000003800405C0D002010B58EB000240A9473
:105770000B940C940D94089409941C2101A8FAF739
:1057800003FF264824490160446084604FF6FF719E
:10579000C16004618461FEF701FC08B1FBF7C4FF3E
:1057A0004FF480500A900AA91C48FEF7B7FC08B1D4
:1057B000FBF7BAFF1948FEF76AFE08B1FBF7B4FF22
:1057C0000894099408A91548FEF7A0FB08B1FBF757
:1057D000ABFF60200190029403940594002201A97C
:1057E0000E48FEF7E8FD08B1FBF79EFF042201A971
:1057F0000A48FEF7E0FD08B1FBF796FF082201A971
:105800000648FEF7D8FD08B1FBF78EFF0348FEF708
:1058100097FD0EB010BD0000000C0040B40D00203C
:1058200010B50C480A4901604FF4E1314160002194
:105830008160C16001610C2242618161C161FFF739
:1058400041F8002803D0BDE81040FBF76DBF10BD44
:1058500000100140FC0D002010B50D480B490160FF
:105860000C494160002181604FF40052C260D210A7
:1058700002610C2242618161C161FFF723F80028B7
:1058800003D0BDE81040FBF74FBF10BD00480040FB
:10589000440E0020A086010010B50C480A490160A2
:1058A0004FF4E131416000218160C16001610C224F
:1058B00042618161C161FFF705F8002803D0BDE8AE
:1058C0001040FBF731BF10BD001401408C0E0020CA
:1058D00010B500220F49104802F02CFB08B1FBF76D
:1058E00023FF0E490C4802F07CFD08B1FBF71CFFBA
:1058F0000B49094801F0DAFF08B1FBF715FF06482C
:1059000002F044FE002803D0BDE81040FBF70CBFB6
:1059100010BD0000C0040020D02100208C05002014
:1059200010050020FEE7000070B510EE102A6FF0A1
:1059300040434FF480051A440123F1EE400AB0EED3
:10594000001AB0EE082AAA420BD200220A604B606D
:1059500070EEC10AC0ED000A30EE020A80ED010AC5
:1059600070BD10EE102A304C4FF400061444022291
:10597000F7EE001AB4420AD20B604A6070EEE10AF8
:10598000C0ED000A30EE010A80ED010A70BD10EE94
:10599000103A032413F1814F0DD8B5EEC00AF1EE91
:1059A00010FA08D20A604C60C0ED000A30EE210AFD
:1059B00080ED010A70BDB5EEC00A0423F1EE10FAC5
:1059C0000DDB10EE102AB2F17E5F08DA0C604B603E
:1059D00071EEC00AC0ED000A80ED010A70BD10EE44
:1059E000102A0524A2F17E52B2420AD20B604C600A
:1059F00071EE400AC0ED000A30EE610A80ED010A46
:105A000070BD10EE102AA2F18042AA42F8D80C60B4
:105A100006224A6072EE400AC0ED000A30EE410AEA
:105A200080ED010A70BD0000FFFF7F40FEE700002F
:105A30000148FDF750B90000CC38002008B507F048
:105A400013FE0090084C094D0026A08C298888423E
:105A500002D184F82260A684A08C28806421684644
:105A600007F0AEF8F1E70000E81C0020BC040020BD
:105A70009FED0A1A80ED001A80ED031A80ED090AE5
:105A8000C0ED0A0AB7EE000A80ED070A80ED081A99
:105A900080ED0B0A80ED011A704700000000000045
:105AA000D0ED071AD0ED000A21EEA01A80ED011A00
:105AB000D0ED090A90ED032A41EE820AC0ED040AF6
:105AC000D0ED0A1A30EEA12AC0EE821AC0ED061AF5
:105AD00030EE412AB0EE410A01EE820A80ED020A60
:105AE000B7EE001A31EE611A61EE200AC0ED050A28
:105AF000C0ED030A80ED000A7047000070B504464F
:105B00002068056C00EB4110D0F8081B0C4EB54224
:105B100005D9090403D54FF40041C0F8081B2046FD
:105B2000FDF744FCB54208D9A079012805D104F25B
:105B30009C420121206803F0BFF8002070BD0000E6
:105B40000A30544F2DE9F04105460C462E68306C62
:105B500006EB4411D1F8083B95F806804FF4004756
:105B60004FF0200C05F29C42B8F1010F08D0DFF88D
:105B7000B080404545D118043AD5C1F8087B4CE0C7
:105B8000284E5FEA037806D5B04246D9180444D5BA
:105B9000C1F8087B41E05FEA836802D5C1F808CB11
:105BA0003BE013F0280F38D1B04204D9180402D5D5
:105BB000C1F8087B31E004EBC40005EB800000F580
:105BC0001570D1F8101B036AC1F31201591A416113
:105BD00024B903693BB1C2681144C160E1B22846EF
:105BE000FCF769FF19E00121286803F065F8F5E783
:105BF000980601D5C1F808CBE1B22846FCF75BFF57
:105C00000BE034B9D5F8640218B90021304603F02E
:105C100053F8E1B22846FCF74EFF0020BDE8F081C2
:105C20000A31544F0A30544F2DE9F84F80460E4642
:105C3000D8F8007006EBC60008EB80041434D4E9F1
:105C40000410884202D90120BDE8F88F081AA16823
:105C5000814200D20846C01C4FEA900A07EB461961
:105C600016E0151AA268AA4200D21546E81C4FEAAF
:105C7000900A98F806000090ABB2F2B23846E1689C
:105C800003F080FBE0682844E060606928446061BC
:105C9000D9F8180980B2504505D3D4E904209042C0
:105CA00001D2002ADDD1D4E90401884208D806F0E7
:105CB0000F0101208840D7F834188143C7F8341801
:105CC0000020C1E710B50448FBF72EFA0248BDE8F2
:105CD00010405030FBF728BA601F002010B5044672
:105CE00084ED000AC4ED010A30EE601A84ED021A58
:105CF000D4ED031A70EEE10AC4ED040AD4ED060AED
:105D000030EE600A84ED050AD4ED070A60EE810AE0
:105D1000C4ED0B0AD4ED0C0A94ED082A42EE010AF8
:105D2000C4ED0C0A71EE610A94ED091A60EE810A65
:105D3000C4ED0D0AD4ED0A0A20EE800A84ED0E0AA5
:105D400094ED120A04F1300005F0BCF994ED0B0A51
:105D5000D4ED0C0A30EE200AD4ED0D0A30EE200A04
:105D6000D4ED0E0A30EE200A84ED0F0A94ED100AED
:105D700004F13C0005F0A6F994ED020A84ED030A53
:105D800094ED000A84ED060A94ED0F0A10BD0000A0
:105D900080ED070AC0ED080A80ED091AC0ED0A1A65
:105DA00080ED102AC0ED112A80ED123A9FED0B0A0A
:105DB00080ED0B0A80ED0D0A80ED0C0A80ED020AE1
:105DC00080ED030A80ED040A80ED050A80ED0F0ADC
:105DD00080ED010A80ED000A70470000000000001D
:105DE00070B504462DED028B0D46B0EE408AF0EE04
:105DF000608AD4ED030A94ED020A2846FBF7EEFC14
:105E000084ED008AC4ED018A38EE681A84ED021A26
:105E100094ED030A71EE400AC4ED040AD4ED060ABB
:105E200078EE600AC4ED050AD4ED071A95ED002A54
:105E300071EE821A61EE811AC4ED0B1AD4ED081AC4
:105E400095ED012A31EE822AD4ED0C1A42EE011AA8
:105E5000C4ED0C1AD4ED091A95ED022A38EEC00AE9
:105E600071EE821A21EE800A84ED0D0A94ED0A0A81
:105E700020EE200A84ED0E0A94ED110AB4EEC01A49
:105E8000F1EE10FA04DB9FED170A84ED0C0A05E031
:105E900094ED120A04F1300005F014F994ED0B0AA8
:105EA000D4ED0C0A30EE200AD4ED0D0A30EE200AB3
:105EB000D4ED0E0A30EE200A84ED0F0A94ED100A9C
:105EC00004F13C0005F0FEF894ED010A84ED030AAC
:105ED00094ED000A84ED060A94ED0F0ABDEC028BE6
:105EE00070BD0000000000000FB40F489DF81C10AA
:105EF00001709DF81D109DF820209DF81E3041EA8C
:105F000002619DF81F20120442EA032211434160FE
:105F10009DF821109DF82220114301819DF8231046
:105F2000817204B0704700004821002038B50D4848
:105F3000017841F0010121F0020101700A49B1F834
:105F40004C20A0F80120B1F85710A0F803100090E1
:105F50000648612300224468064805490068A047B6
:105F600038BD000068040020D0110020C8030020C4
:105F7000EC0C00200800002008B5006800909DEDA2
:105F8000000A08BD002102E0491C0A38C0B20A28F4
:105F9000FAD2090740EA116070472DE9F041044642
:105FA00000252068C168490617D4C16841F0800106
:105FB000C160FCF783FC06464FF47A78042706E0BC
:105FC000FCF77CFC801B404501D9677701252068E0
:105FD000C068400601D4012DF2D12846BDE8F08109
:105FE00070B5044600252068C16821F08001C160B9
:105FF00020688068800606D42046FDF7D5FE10B1E3
:10600000042060770125284670BD2DE9F04FDDE9B9
:106010000BC8DDE90D9ADDE90967002404E0C4F14D
:10602000020B00F80B50641C032C02DA0D5D002DEE
:10603000F5D110F8031F21F03801083162F3020195
:106040000170018863F389110180417866F385014D
:106050004170818867F309018180B0F805106CF305
:106060008C01A0F80510C18868F34F11C180B0F809
:10607000091069F38C01A0F8091041896AF34F11E6
:106080004181BDE8F08F000008B507F0EDFA0090FF
:10609000094C0A4D0A4E00F0F1FB60688047A86881
:1060A0008047FBF75DFA3068804700F021FC022151
:1060B000684606F085FDEEE7500400207C000020D5
:1060C000600400202DED068B90B04FF4967006F022
:1060D0004FFDFE48012600F10D010F910F310E9189
:1060E0000F310D910F310C910F310B910F31673042
:1060F000CDE90901F7484FF00F0BF54C4FF0080AB6
:10610000089007F0B1FA07900A2107A806F058FD99
:10611000F14D2888401C80B228804FF47A71B0FB82
:10612000F1F201FB120008B920688047288840F28C
:106130002D11B0FBF1F201FB1201F9B140F2371160
:10614000B0FBF1F201FB120100297CD040F24111B9
:10615000B0FBF1F201FB1201002975D040F273117E
:10616000B0FBF1F201FB120100296ED01521B0FB4A
:10617000F1F201FB1200002868D0C4E24FF4027073
:1061800002254FF487614FF452720095CDE9022049
:10619000CDE904100195676900230122CFA1D04801
:1061A000B8474FF4F07040F2294140F25732009561
:1061B000CDE90220CDE904100195C94867690023A3
:1061C0000122C8A10F30B8474FF4DC7040F21A41E9
:1061D00040F266320095CDE90220CDE90410019528
:1061E000BF48676900230122BFA11E30B8474FF4A2
:1061F000C87040F20B4140F27F320095CDE9022099
:10620000CDE904100195B648676900230122B7A1C2
:106210002D30B8474FF470704FF42A72CDE9020266
:106220004FF4A0710095CDE904010195AC48656972
:1062300000230122AEA13C30A847A949A2680D392C
:10624000052090475DE702E01BE02FE0E2E01E2022
:106250000523CDE90330A04940F252321031CDE997
:1062600005210022CDE900201C210291E56A0323CB
:106270000122A0A1A048A8479F480D3801F0B8F816
:106280003FE76420C10002010323CDE900A3CDE96B
:1062900002210490256A01231A4698A19848A8472C
:1062A0009749A2680D39012090472AE796204FF4BC
:1062B0000C71CDE90210CDE904101E200227CDE9B2
:1062C0000070656901231A468EA10F98A8474FF008
:1062D000C8084FF496600525CDE904081820CDE9DB
:1062E0000275CDE900A0D4F828C09FED870A0123EC
:1062F0001A4686A10E98E0474FF01409CDE900A98F
:10630000CDE9035840F25230059081480296D4F806
:1063100028C0C07B012300EE100A1A467DA1B8EE0A
:10632000400A0D98E047CDE900A9CDE9035840F2B5
:106330002A30059076480296D4F828C0B0F90400B7
:10634000012300EE100A1A4673A1B8EEC00A0C9899
:10635000E0474FF0070940F2FD20CDE900ABCDE961
:106360000309CDF80880D4F820C001231A466BA198
:106370000B98E04740F2DA20CDE900ABCDE9030904
:10638000CDF80880D4F820C001231A4664A10A98E9
:10639000E0479FED649BB0EE490AF0EE690A04F015
:1063A0008BF99FED628B51EC100B53EC182B07F01F
:1063B00073FE9FED601B53EC112B07F059FB07F0A8
:1063C000D7FD8046B0EE490AF0EE690A03F0DCFA28
:1063D00053EC182B51EC100B07F05EFE9FED571B92
:1063E00053EC112B07F044FB07F0C2FD4FF448714A
:1063F0004A00CDE90408CDE90221CDE900756569BF
:1064000001231A464FA10998A847A2682F490720DF
:10641000904776E64C48807A00EE100AB8EE400AC3
:10642000DFED4A0A60EE200A9FED491A2A4880EE05
:10643000810A80ED010A9620DFED460AB2EE001ACD
:106440004FF40C7140EE010ACDE902104FF0020941
:106450004A46BDEEE00A2BA18DED040A05901E20F0
:10646000CDE90090656901230F98A847C8254FF42E
:106470009660CDE904051820CDE900A04FF005088D
:10648000CDE902681448A76A012390ED010A0222AF
:106490001EA10E98B8471E4FB87CA8B12E49B1F97D
:1064A0000410B1F5FA6F02DA11F5FA6F79DC40F2F7
:1064B0005230CDE904501420CDE90268CDE90060E6
:1064C000F87B00EE100A49E053E0000011140020B0
:1064D0008C030020DC1400209004002030303100B8
:1064E000C4130020303032003030330030303400FC
:1064F0003030350030303600961400203030370010
:1065000079130020313031000000000031303200BA
:106510002C1100203130330031303400313035005F
:1065200031303600000000000000000000000000D4
:1065300000005940000000000000894000000000F9
:106540000000994031303700482100200000C84247
:1065500000007F4300000C44401F0020B8EE400ABA
:10656000D4F828C001230222AFF258010D98E04769
:106570002FE040F25230CDE904501420CDE90268FA
:10658000CDE900A0F87BD4F828C000EE100A012362
:106590000222B8EE400AAFF284010D98E04718E0FD
:1065A000FFE7012815D140F25230CDE90450142004
:1065B000CDE90268CDE90090F87BD4F828C000EE60
:1065C000100A01230222B8EE400AAFF2B8010D987A
:1065D000E04740F22A30CDE904501420CDE900A074
:1065E000CDE902687948D4F828C0012390ED050A66
:1065F0000222AFF2DC010C98E047387C01287DD004
:1066000040F2FD21CDE902510720CDE900AB049015
:10661000D4F820C001230222AFF200110B98E0470A
:10662000787C01286BD040F2DA21CDE902510720B5
:10663000CDE900AB0490256A01230222AFF22011BC
:106640000A98A847624F788800EE100AB8EE400A10
:10665000DFED609A60EE290A9FED5FAA9FED5F9AD9
:10666000B0EE490A10EE8A0A10EE100A08F00AF895
:1066700041EC100B04F020F81FED548B51EC100B83
:1066800053EC182B07F008FD1FED561B53EC112B94
:1066900007F0EEF907F06CFC0546788800EE100A6A
:1066A000B8EE400A20EE290A10EE0A9A19EE100AF6
:1066B00007F0E8FF41EC100B03F066F953EC182BE0
:1066C00051EC100B07F0E8FC1FED641B53EC112B91
:1066D00007F0CEF907F04CFCCDE900984FF4487173
:1066E0004A00CDE90405CDE90221656901230222B2
:1066F000AFF2B0110998A847A26801E02BE03BE097
:10670000374907209047374A1B211088B0FBF1F327
:1067100001FB130000287FF495AD3349506888428F
:106720003ADC02F108004FF461720423CDE9033230
:106730004FF42F71CDE905101820CDE9010A002191
:106740000091E56A0323012228A10898A847E1687F
:1067500027488847D5E440F2FD20CDE9009BCDE9EC
:10676000025007210491D4F820C001230222AFF285
:1067700054210B98E04753E740F2DA21CDE9009B22
:10678000CDE9025107200490256A01230222AFF2CD
:1067900070210A98A84755E74FF461720423114805
:1067A000CDE9033208304FF42F71CDE905101820E0
:1067B000CDE9010A00210091E56A03231A460BA1E5
:1067C0000898A847E1680A4888479AE430170020EB
:1067D000E81C0020DB0FC94000000039DB0F493FF7
:1067E000111400209004002000004842343034008E
:1067F000CF14002070B51B4C257865709822217845
:10680000435C412B20D14B1CB3FBF2F602FB163349
:10681000C35C782B18D18B1CB3FBF2F602FB16334A
:10682000C35CFF2B10D1CB1CB3FBF2F602FB16337B
:10683000C35C062B08D101F14B03B3FBF2F602FB5C
:106840001633C35C6D2B0BD0491CC9B2217098293B
:1068500001D3002121702178A942D0D1982070BDA8
:10686000207870BD150400204C2202490248FDF733
:10687000AEBE00004C160020FC0D002070B51A487A
:10688000FFF7B8FF194EB07098282CD2164C4C3C2C
:1068900020441830FFF770FB04F1E40585ED030A8E
:1068A000B07820441C30FFF767FB85ED040AB07810
:1068B00020442030FFF760FB85ED050AB0782044C6
:1068C0003A30FFF759FB85ED000AB07820443E309E
:1068D000FFF752FB85ED010AB07820444230FFF704
:1068E0004BFB85ED020A70BD9816002015040020B0
:1068F000F8B504F037FC324C0121A08AB4F902301B
:1069000002B22046FEF7A0FC2E4D0121A88AB5F95F
:10691000023002B22846FEF797FC94ED040A2A4A98
:1069200001212046FEF7E6FC95ED040A264A0121E6
:106930002846FEF7DFFC254C254A0121B4F90A0060
:1069400000EE100A2046B8EEC00A04F0F5FEB4F9D5
:10695000D2001F4A00EE100A012104F1C800B8EE6F
:10696000C00A04F0E9FEB4F99A01194A00EE100ACF
:10697000012104F5C870B8EEC00A04F0DDFEB4F9D8
:106980006202134A00EE100A012104F51670B8EEF7
:10699000C00A04F0D1FE104E0E48104D00907468ED
:1069A0004FF4007300220A492868A0470C48009061
:1069B000746840F2FF13002203492868A047F8BD1D
:1069C000B01D0020781E0020140D0020701700203C
:1069D000EC0C0020D8030020C80300200800002091
:1069E000E8030020014880ED060A7047542100208A
:1069F00010B5502080F31188BFF34F8FBFF36F8F16
:106A000006F038FE18B104494FF0805008600020AD
:106A100080F3118810BD000004ED00E030B593B0A4
:106A2000302107A8F9F7B0FD142102A8F9F7ACFD51
:106A300000251F48016841F080510160006800F0A6
:106A4000805001901B48016841F48041016000685A
:106A500000F480400190092007904FF480300890A6
:106A600001200C9002240D9480050E9006200F90BA
:106A7000A820109011940720129007A8FCF79AFE06
:106A800008B1FAF751FE0F200290039404954FF4D9
:106A9000A05005904FF480500690052102A8FCF705
:106AA00069FD002801D0FAF73FFE13B030BD0000A9
:106AB00040380240007000400248016841F4700113
:106AC0000160704788ED00E00148FDF79CBB0000C5
:106AD000B41000202DE9F04102682A4D2A4E2B4FB8
:106AE000DFF8ACC02B4B4FF08048A84209D040459E
:106AF00007D0B04205D0B84203D0604501D09842DB
:106B000003D122F070044A682243A8421BD04045BA
:106B100019D0B04217D0B84215D0604513D0984272
:106B200011D01D4CA0420ED01C4CA0420BD01C4CCE
:106B3000A04208D01B4CA04205D01B4CA04202D062
:106B40001A4CA04203D122F44074CA6822434C6913
:106B500022F08002224302608A68C2620A6882626E
:106B6000A84201D0984201D1096901630121416124
:106B70000169C90703D0016921F001010161BDE884
:106B8000F0810000000001400004004000080040C7
:106B9000000C00400004014000400140004401405E
:106BA0000048014000180040001C00400020004048
:106BB00010B501F01F0101238B40046A9C4304625D
:106BC000036A8A401343036210BD10B5846824F43D
:106BD0007F4442EA03220A432243826010BD826856
:106BE00022F070020A4342F0070181607047000002
:106BF000F0B5056A026A22F0010202624368826906
:106C000022F0700222F003020C68144325F0020502
:106C10008A682A430E4E0F4FB04201D0B84205D1C8
:106C200022F00805CA682A4322F00402B04201D0CB
:106C3000B84207D123F4807323F400734D691D43D8
:106C40008B692B4343608461496841630262F0BDF4
:106C50000000014000040140F0B5026A036A23F01D
:106C6000100303624368846924F4E04424F440740C
:106C70000D6844EA052422F020028D6842EA0512DC
:106C8000104D114EA84201D0B04206D122F0800230
:106C9000CF6842EA071222F04002A84201D0B04277
:106CA00009D123F4806323F400634D6943EA85032B
:106CB0008D6943EA850343608461496881630262A8
:106CC000F0BD00000000014000040140F0B5026A80
:106CD000036A23F4807303624368C46924F0700478
:106CE00024F003050C682C4322F400728D6842EAFC
:106CF0000522104D104EA84201D0B04206D122F418
:106D00000062CF6842EA072222F48062A84201D0E2
:106D1000B04209D123F4805323F400534D6943EA70
:106D200005138D6943EA05134360C4614968C16373
:106D30000262F0BD000001400004014030B5036A6A
:106D4000026A22F4805202624268C46924F4E04478
:106D500024F440740D6844EA052423F400538D683C
:106D600043EA0533084DA84202D0084DA84204D199
:106D700022F480424D6942EA85124260C46149684A
:106D80000164036230BD00000000014000040140C6
:106D900010B5036A046A24F001040462846924F0D3
:106DA000F00444EA021423F00A020A4384610262F6
:106DB00010BD10B5036A046A24F0100404628469EB
:106DC00024F4704444EA023223F0A00343EA0111A0
:106DD0008261016210BD10B5806B0021C185C18444
:106DE000FDF756FC10BD70B5846B20684069C0F398
:106DF000C01094F841100025212904D118B1E58470
:106E0000204600F0C1F820684069C0F3801094F873
:106E10004210222904D118B1E585204600F080F8FF
:106E2000606C40F0100060642046FDF731FC70BDDE
:106E300010B50146886B096809684FF00003C90561
:106E40002ED4C38501680C3151E8002F22F48072E2
:106E500041E80024002CF5D10168143151E8002FDD
:106E600022F0010241E80024002CF5D10168143120
:106E700051E8002F22F0400241E80024002CF5D117
:106E8000202180F84210016B012909D101680C31E1
:106E900051E8002F22F0100241E80024002CF5D127
:106EA0004363016B012902D0FDF77AFE10BD818D8D
:106EB000FDF7B8FB10BD10B5806B01214163016B7C
:106EC000012902D0FDF782FE10BD818D4908FDF732
:106ED000A9FB10BD10B50146886B09680968C90592
:106EE00016D40021C1840168143151E8002F22F02A
:106EF000800241E80023002BF5D101680C3151E8F4
:106F0000002F42F0400241E80023002BF5D110BDD4
:106F1000FDF79CFE10BD10B5806BFDF798FE10BD0F
:106F200001680C3151E8002F22F4907241E80023EF
:106F3000002BF5D10168143151E8002F22F0010235
:106F400041E80023002BF5D1016B012909D101682B
:106F50000C3151E8002F22F0100241E80023002BF1
:106F6000F5D1202180F8421000210163704710B54F
:106F70000168CA6822F04002CA60202180F84110EE
:106F8000FDF764FE002010BD01680C3151E8002FB0
:106F900022F0C00241E80023002BF5D1202180F827
:106FA0004110704708B590F84210222901D0022004
:106FB00008BD82684FF480539A4201D1016921B122
:106FC000816A9A421DD052B10BE0816A0268526810
:106FD000C2F308020A80816A891C816209E00269A1
:106FE0007AB10268526802F07F020A70816A491C15
:106FF0008162C18D491E0904090CC18505D000209C
:1070000008BD026852680A70F0E70168CA6822F099
:107010002002CA600168CA6822F48072CA600168EE
:107020004A6922F001024A61202180F842100021C1
:107030004163026B012A03D0FDF7B2FD002008BDB9
:10704000016301680C3151E8002F22F0100241E881
:107050000023002BF5D101680A68D20602D50A6820
:1070600049680091818DFDF7DDFAE7E72DE9F041F0
:10707000044620680169E26821F44051114301612E
:10708000A1682069E26901436069104301432068F7
:10709000C26849F20C639A430A43C260206841699E
:1070A000A26921F44071114341613349206888424B
:1070B00002D03249884202D1FCF736FB01E0FCF7EE
:1070C00023FBE1690023192764253226B1F5004F1F
:1070D00028D061688B0F8A00A0FB0701F9F744F9FB
:1070E0000146B0FBF5F07A42504301EB800006EB1D
:1070F0000010B0FBF5F000F0F002B1FBF5F002EB90
:107100000012B1FBF5F07B42584301EB800006EB27
:107110000010B0FBF5F0216800F00F00104488600B
:10712000BDE8F08161684A18A0FB07015B41F9F7EF
:107130001BF90146B0FBF5F00201B1FBF5F06FF071
:107140001803584301EB800006EBC000B0FBF5F0DC
:1071500000F0F80002EB4002B1FBF5F0584301EB00
:10716000800006EBC000B0FBF5F0216800F00700DE
:1071700010448860D4E70000001001400014014072
:1071800037B582B004461346039AA262A385002055
:107190006064222184F84210E56B1B49E963E56BCA
:1071A0001A492964E56B1A49E964E16B08652168AD
:1071B000E06B091DFBF73AFA20680168406801900E
:1071C000206948B120680C3050E8001F41F48071FC
:1071D00040E80012002AF5D12068143050E8001F62
:1071E00041F0010140E80012002AF5D12068143076
:1071F00050E8001F41F0400140E80012002AF5D19C
:1072000005B0002030BD0000316E0008B76E0008E8
:10721000E76D000890F84110212901D00220704745
:107220008168B1F5805F01D1016961B1016A4A1CD1
:107230000262026809785160C18C491E0904090C78
:10724000C1840AD013E0016A02680988C1F3080109
:107250005160016A891C0162EEE70168CA6822F088
:107260008002CA600068C16841F04001C16000202E
:107270007047000070B50446A52020700820A4F8CF
:107280000100134D2878E070FF2204212046FAF710
:1072900091FB641D04F8010C40F2013020804FF492
:1072A000807060806888A080A888E080641F4FF6A6
:1072B000FF7202212046FAF757FBA4F80F001122B3
:1072C00021460448FDF784FC2878401C287070BDD6
:1072D000C00300208C0E00202DE9F04105460C462D
:1072E000A5202070C5EB0510801DA4F801003E4FBD
:1072F0003878E070FF2204212046FAF75BFB20710A
:1073000040F20130A4F80500012D06D0022D09D06D
:10731000052D0CD0072D13D10EE040F20111A4F879
:1073200007100DE04FF48171A4F8071008E040F257
:107330000311A4F8071003E04FF48271A4F80710BA
:107340007988A4F80910B988A4F80B104FF6FF72D9
:10735000012D06D0022D0BD0052D11D0072D17D0F1
:107360001DE026461C213046FAF7FEFAB08316E0EF
:1073700026462B213046FAF7F7FAA6F82B000EE046
:10738000264658213046FAF7EFFAA6F8580006E0EC
:10739000264676213046FAF7E7FAA6F87600012D60
:1073A00006D0022D0AD0052D0ED0072D12D016E0E2
:1073B0001E2221460D48FDF70BFC10E02D22214630
:1073C0000A48FDF705FC0AE05A2221460748FDF766
:1073D000FFFB04E0782221460448FDF7F9FB3878EA
:1073E000401C3870BDE8F081C00300208C0E0020E6
:1073F00070B50446A52020703320A4F80100134D79
:107400002878E070FF2204212046FAF7D3FA641DA1
:1074100004F8010C40F2013020804FF48870608045
:107420006888A080A888E080641F4FF6FF7244211E
:107430002046FAF799FAA4F8440046222146044867
:10744000FDF7C6FB2878401C287070BDC0030020E3
:107450008C0E002010B51E211348F9F773F8462151
:107460001248F9F76FF810482D211E30F9F76AF825
:107470000D485A214B30F9F765F80B487821A530B3
:10748000F9F760F8094846218C38F9F75BF80748A6
:1074900046214638F9F756F804481121BDE8104056
:1074A0004630F9F74FB800006C1300201515002086
:1074B0000148FDF7EFB800008C0E002070B5D0F841
:1074C000C822D0F8D43200EB8303D3F8C032002BAB
:1074D00028D001F00F0C0CEB8C0400EB8405002687
:1074E000AC6954B10CEBCC0C02EB8C02D2F81CC092
:1074F000B4FBFCF20CFB1242B2B1C3F81462D0F838
:10750000D42200EB8200D0F8C402D0F810C0BCF145
:10751000000F05D00A4603F50471D3F80802E047CE
:10752000002070BD032070BDAE6100231A4600F03C
:1075300036FFF5E770B50446D4F8D40204EB8000BA
:10754000D0F8C052002D12D0204600F001FEC5F840
:107550000C02D4F8D412D5F8040204EB8101D1F85E
:10756000C412CA6805F503719047002070BD03205E
:1075700070BD000070B50446224D2046297800F009
:10758000F6FC2878002600F00F0000EB800004EBEA
:10759000800086846978204600F0E9FC687800F075
:1075A0000F0000EB800004EB8000A0F86461A97874
:1075B000204600F0DCFCA87800F00F0000EB800013
:1075C00004EB80008684C684D4F8D40204EB8000E7
:1075D000D0F8C01299B1D0F8C40240688047D4F8FE
:1075E000D40204EB8000D0F8C00201F06AF9D4F8AC
:1075F000D40204EB8000C0F8C062C4F8BC62002072
:1076000070BD00003805002010B5D0F8D41200EB92
:107610008100D0F8C042002C10D0D0F8C41259B16B
:1076200094F80002FF2807D08B6894F801222146C5
:107630009847FF2084F80002002010BD032010BDF1
:107640000A210180004870473C05002070B50646BD
:1076500082210C4800F0E4FB05460121094800F0B6
:10766000DFFB04468121074800F0DAFB0DB1102151
:10767000A971402104B1A18000B1818043203080F4
:10768000004870BD4805002070B5064682210D48AF
:1076900000F0C6FB054601210A4800F0C1FB044684
:1076A0008121084800F0BCFB0DB11021A9714FF4F5
:1076B000007104B1A18000B1818043203080014875
:1076C00070BD00004805002070B5064682210C48B8
:1076D00000F0A6FB05460121094800F0A1FB044685
:1076E0008121074800F09CFB0DB11021A9714021B8
:1076F00004B1A18000B1818043203080004870BD7A
:10770000480500202DE9F04704464FF4077001F0CA
:10771000D9F805464FF00008002D63D04FF40771EB
:107720002846F8F731FFD4F8D40204EB8000C0F803
:10773000C052C4F8BC52207C0127494E4FF01009BA
:10774000002858D0402302223178204600F06EFDF8
:10775000307800F00F0000EB800004EB800087849D
:10776000402302227178204600F060FD707800F01E
:107770000F0000EB800004EB8000A0F86471B0788B
:1077800000F00F0000EB800004EB8000A0F82690D2
:1077900008230322B178204600F048FDB07800F0BD
:1077A0000F0000EB800004EB80008784C5F80482A2
:1077B000D4F8D40204EB8000D0F8C40200688047FB
:1077C000C5F81482C5F81882D5F80422002A3CD0E6
:1077D000207CC8B340237178204600F033FD0020A0
:1077E000BDE8F087D4F8D40204EB8000C0F8C08272
:1077F0000220BDE8F0874FF4007302223178204662
:1078000000F014FD307800F00F0000EB800004EB76
:10781000800087844FF4007302227178204600F0C4
:1078200005FD707800F00F0000EB800004EB800095
:10783000A0F86471B07800F00F0000EB800004EB5A
:107840008000A0F82690A3E702E00220BDE8F087C0
:107850004FF400737178204600F0F4FCBFE700009D
:107860003805002010B5D0F8D41200EB8101D1F812
:10787000C01200290CD0027CDFF82CC052B1D1F824
:10788000042240239CF8011000F0DCFC002010BD15
:10789000032010BDD1F804224FF400739CF80110AE
:1078A00000F0D0FCF2E7000038050020002907D0E6
:1078B000D0F8D42200EB8200C0F8C4120020704738
:1078C00003207047D0F8D42200EB8200D0F8C00229
:1078D000002803D0C0F8041200207047032070472E
:1078E000D0F8D43200EB8300D0F8C002002805D0D5
:1078F000C0F80812C0F8102200207047032070471B
:10790000F0B583B006460C46D6F8D40206EB8000EC
:10791000D0F8C0720021029101910025002F0DD0F6
:10792000217811F060023BD0202A0AD0214630464F
:1079300000F0C9F8032503B02846F0BD03B00320CA
:10794000F0BDE28812B311F0800F10D0D0F8C4025D
:1079500094F801C03946836860469847E288072A50
:1079600000D907223946304600F0D3F8E3E76078C3
:1079700087F80002E088402800D34020C2B287F890
:1079800001223946304600F0AAF8D4E7D0F8C40204
:1079900094F801C000228368214660469847CAE7F0
:1079A000607858B10128C6D00A2817D00B2825D0F6
:1079B0002146304600F087F80325BCE796F89C0284
:1079C000032805D02146304600F07DF80325B2E7B4
:1079D000022201A9304600F09CF8ACE796F89C0220
:1079E000032805D02146304600F06DF80325A2E7B4
:1079F000012202A9304600F08CF89CE796F89C0220
:107A0000032898D02146304600F05DF8032592E720
:107A100010B5D0F8D41200EB8101D1F8C0220121B9
:107A2000002A03D0D2F8143213B117E0032010BD9E
:107A30000121C2F814120A49D2F810C2097801F0E3
:107A40000F0303EB830300EB8303C3F818C0D2F8E2
:107A50001032D2F8082200F0A2FC0021084610BD26
:107A60003805002010B50024D0F8B822526890479D
:107A700000B10324204610BD90F89C22012A05D0B5
:107A8000022A03D0032A01D000F01DB84988012939
:107A900004D10021C0F8A41200F048B870470020BB
:107AA00070470020704710B513460A46002100F0C9
:107AB000C9FB002010BD10B513460A46002100F096
:107AC0006EFC002010BD10B504468021204600F059
:107AD00047FC2046BDE81040002100F041BC10B535
:107AE0000323C0F89432C0F85821C0F85C21134633
:107AF0000A46002100F0A6FB002010BD10B50521AC
:107B0000C0F8941200231A46194600F09BFB00208F
:107B100010BD10B50223C0F894328261C2611346D1
:107B20000A46002100F03BFC002010BD10B50421E6
:107B3000C0F8941200231A46194600F030FC0020C9
:107B400010BD000010B5002806D00A46054906A061
:107B500000F0B2F9034810BD0A46024902A000F045
:107B6000ABF9F7E7AC24002043444320436F6E6633
:107B7000696700001220088000487047E004002078
:107B800010B5002806D00A46054906A000F094F971
:107B9000034810BD0A46024902A000F08DF9F7E73C
:107BA000AC24002043444320496E746572666163CF
:107BB000650000000420088000487047DC040020B5
:107BC00010B50A46024903A000F076F9004810BD3E
:107BD000AC24002053544D6963726F656C65637407
:107BE000726F6E696373000010B5002806D00A46F4
:107BF000054906A000F060F9034810BD0A46024995
:107C000002A000F059F9F7E7AC24002053544D339B
:107C100032205669727475616C20436F6D506F72BB
:107C20007400000010B51A200880F9F7D1FE014851
:107C300010BD0000F4040020CA88012A01D0FFF71B
:107C400042BF90F89C22012A05D0022A03D0032AC1
:107C500008D0FFF738BF00218160012200F1080140
:107C6000FFF757BF0122011DFFF753BF2DE9F8436E
:107C700004460F4600200090002600257888010A5F
:107C8000082970D2DFE801F0AB040C22ABAB8B9A71
:107C9000D4F8B412207C0A68694690470646A3E0EF
:107CA000207C4FF0020840B1D4F8B802C16A68469F
:107CB0008847064686F8018096E0D4F8B802816AC3
:107CC00068468847064686F801808DE0C0B20628DF
:107CD0005FD2DFE800F0031221303F4FD4F8B40246
:107CE000426822B1207C6946904706467CE03946CE
:107CF0002046FFF7E8FE012576E0D4F8B40282685A
:107D000022B1207C6946904706466DE03946204600
:107D1000FFF7D9FE012567E0D4F8B402C26822B1AA
:107D2000207C6946904706465EE039462046FFF7CC
:107D3000CAFE012558E0D4F8B402026922B1207CC1
:107D40006946904706464FE039462046FFF7BBFE9E
:107D5000012549E0D4F8B40242692AB1207C694681
:107D60009047064640E03AE039462046FFF7ABFE32
:107D7000012539E0D4F8B402826922B1207C694639
:107D80009047064630E039462046FFF79CFE012525
:107D90002AE039462046FFF796FE012524E0207CA4
:107DA00028B139462046FFF78EFE01251CE0D4F8A5
:107DB000B802416B68468847064615E0207C28B12A
:107DC00039462046FFF77FFE01250DE0D4F8B802C2
:107DD000016B6846884706460721717004E0394602
:107DE0002046FFF770FE0125002D0CD1FA8892B1D4
:107DF000BDF8000048B1824200D9024600923146E7
:107E00002046FFF786FEBDE8F88339462046FFF797
:107E10005AFEBDE8F8832046FFF788FEBDE8F883E8
:107E200078B50E46054600246A88297828468A4295
:107E300012D900918A420FD9694600F01BF84178A7
:107E4000052904D10446A178B14205D000246988EF
:107E5000BDF800209142EFD8204678BD002102787D
:107E6000002A05D0491CC9B2401C0278002AF9D169
:107E7000084670470A8803781A440A800178084443
:107E8000704790F89C22012A05D0022A03D0032AC9
:107E900001D0FFF718BECA88022A01D0FFF713BE2F
:107EA0000121C160D0F8A41209B10321C1600222EE
:107EB00000F10C01FFF72DBE70B50D4616460028E7
:107EC00025D004462046FFF7C9FF022101EB400000
:107ED000B0F5007F01D9080204E02046FFF7BEFF9D
:107EE0004000801C308030782870032068700220A9
:107EF000217800290BD0002122782A54641C401CD0
:107F0000C0B22954401CC0B22278002AF4D170BDFE
:107F100001460020002906D0012905D0022905D0FC
:107F2000032905D0032070470320704701207047C4
:107F30000320704700280FD00023C0F8B832C0F8E3
:107F4000C432C0F8D03209B1C0F8B412012180F8AF
:107F50009C12027000F000B90320704710B5D0F8F1
:107F6000C802FAF7E9FDBDE81040FFF7D1BF10B530
:107F7000D0F8C802FAF7BCFDBDE81040FFF7C8BF53
:107F800070B504460B469446002B09D043F080019F
:107F90002046FFF784FDFF285ED000284CD05BE030
:107FA00004F11400D4F89412002502293BD1826810
:107FB000C1688A420CD9521A826061462046FFF796
:107FC0007AFD00231A461946204600F03BF92AE0C4
:107FD000914214D14068884211D3D4F89812884253
:107FE0000DD2002211462046FFF765FDC4F89852D5
:107FF00000231A461946204600F024F913E094F8AD
:108000009C02032808D1D4F8B802C16821B1C4F891
:10801000D452C168204688478021204600F0A0F94C
:108020002046FFF76BFD94F8A00220B1204600F037
:10803000F5F984F8A0520FE094F89C1203290BD1B3
:10804000D4F8B8124A693AB1C4F8D4024A69194658
:1080500020469047002800D1002070BD10B504468E
:108060000B4694460022002B09D003F07F012046E6
:10807000FFF715FDFF2857D0002840D054E004F545
:10808000AA70D4F8941203294ED1C2688168914233
:108090000AD98A1A8260C068824200D302466146C9
:1080A0002046FFF700FD3FE094F8AA0210F01F0001
:1080B00006D0012806D002280AD0002070B11AE0AC
:1080C0000020FBE794F8AE122046FFF7EAFCF5E744
:1080D00094F8AE122046FFF7E2FCEFE794F89C120A
:1080E000032908D1D4F8B8120A6922B1C4F8D4021D
:1080F0000969204688472046FFF718FD14E094F8E8
:108100009C1203290DD1D4F8B812D1F818C0BCF1D3
:10811000000F06D0C4F8D4028A6919462046904759
:1081200002460AB1104610BD002010BD0020704765
:1081300010B50024012180F89C12D0F8B822002A42
:1081400004D052680179904700B10324204610BD45
:10815000D0F8C802FAF71CBD10B50178002927D164
:108160001449C1F8E004C0F8C8124FF0A0400860FC
:10817000042008710222CA71002088714A72887234
:10818000C87208738873C8730846FBF730F808B1E3
:10819000F9F7CAFA80210748FAF75BFC4022002170
:1081A0000448FAF75AFC802201210248FAF755FCEC
:1081B000002010BDCC38002011F0800F01F07F01AD
:1081C000D0F8C80201EBC10100EB810001D0807D35
:1081D000704790F85602704710B5D0F8D42200EBE3
:1081E0008202D2F8B822002A04D090F89C32032BE5
:1081F00002D004E0032010BD126A02B190470020B3
:1082000010BD10B5D0F8D42200EB8202D2F8B8220B
:10821000002A04D090F89C32032B02D004E0032003
:1082200010BD526A02B19047002010BD10B59C46A7
:108230001346D0F8C8026246FAF7B3FCBDE8104016
:10824000FFF766BE10B5D0F8C802FAF7DAFCBDE851
:108250001040FFF75DBE2DE9F041044600250126E0
:1082600084F89C620020C4F894026060C4F8A40200
:1082700084F8A002D4F8B802002806D0426822B1DF
:1082800000212046904700B10325002240231146DB
:108290002046FFF7CBFFA4F864614027C4F8607163
:1082A0004023002280212046FFF7C0FFA6842762DA
:1082B0002846BDE8F08190F89C12042903D190F87B
:1082C0009D1280F89C120020704710B590F89C1207
:1082D000032905D1D0F8B81211B1C96901B1884795
:1082E000002010BD01740020704710B5D0F8C802FE
:1082F000FBF749F8BDE81040FFF70ABE10B5044689
:1083000004F2AA2000F054F80120C4F89402B4F852
:10831000B002C4F8980294F8AA1211F01F000AD013
:1083200001280FD0022814D02046BDE8104001F0EB
:10833000800100F015B804F2AA212046BDE81040E3
:1083400000F026B904F2AA212046BDE8104000F052
:1083500071BA04F2AA212046BDE8104000F053B9DA
:1083600010B5D0F8C802FAF765FCBDE81040FFF779
:10837000CFBD10B5D0F8C802FBF71FF8BDE810401C
:10838000FFF7C6BD90F89C12042903D090F89C1208
:1083900080F89D12042180F89C120020704710B5CF
:1083A000D0F8C802FAF77EFCBDE81040FFF7B0BD78
:1083B0000A780270491C0A784270491C0A784B1CE2
:1083C0001B7842EA03224280891C0A784B1C1B78E6
:1083D00042EA032282808A78C97842EA0121C18078
:1083E000704738B5044600200090002914D0C4F826
:1083F000B812D4F8D40204EB8000D0F8B802C16AF5
:1084000019B168468847C4F8D002D4F8D802401C95
:10841000C4F8D802002038BD032038BD00207047C2
:1084200070B504468888002821D1C888F8B94888E2
:1084300080281CD200F07F0594F89C0203280DD000
:1084400084F89E5229462046FFF74FFF2046FFF74B
:108450006DFB45B1022084F89C0270BD2046BDE84A
:108460007040FFF730BB012084F89C0270BD2046AD
:10847000BDE87040FFF727BB03460020D3F8B822C1
:10848000002A02D012681846104770472DE9F041C3
:1084900004460F460025334EB9783170012906D9BC
:1084A00039462046FFF70FFB0320BDE8F08194F822
:1084B0009C024FF0020802280DD0032825D039462F
:1084C0002046FFF700FB31782046FFF7CBFA032563
:1084D0002846BDE8F081A1B161602046FFF7CCFFDE
:1084E0000546280006D039462046FFF7ECFA84F806
:1084F0009C82EDE72046FFF719FB032084F89C02DD
:10850000E6E72046FFF712FBE2E7C9B16068884260
:1085100024D0C1B22046FFF7A5FA31786160204629
:10852000FFF7AAFF0546280014D039462046FFF77A
:10853000CAFA21792046FFF795FA84F89C82C7E7AA
:1085400084F89C8261602046FFF78CFA2046FFF792
:10855000EDFABDE72046FFF7E9FAB9E72046FFF755
:10856000E5FAB5E7340500204A88012A03D0022A3B
:1085700006D0FFF7A8BA0121C0F8A412FFF7D6BAB7
:108580008988090A80F8A012FFF7D0BAFFF7F1BE78
:1085900010B500240A7812F0600211D0202A05D00C
:1085A000402A03D0FFF78FFA204610BDD0F8D4221E
:1085B00000EB8202D2F8B822926890470446F3E7B3
:1085C0004A780A2A1CD2DFE802F012181B151B0891
:1085D000051B0F0BFFF74AFBE6E7FFF721FFE3E779
:1085E000FFF754FF0446DFE7FFF726FBDCE7FFF762
:1085F00048FCD9E7FFF7B8FFD6E7FFF73DFAD3E726
:10860000FFF761FAD0E72DE9F04105460E46002755
:108610003479307810F060001ED0202808D040282F
:1086200006D031462846FFF74EFA3846BDE8F081BD
:1086300021462846FFF733FAFF28F6D00028F4D168
:10864000C5F8D402D5F8B8028268002AEDD03146C8
:10865000284690470746E8E77078002872D001283E
:1086600031D0032804D031462846FFF72CFADCE746
:1086700095F89C02022806D0032815D031462846DA
:10868000FFF721FAD1E754B1802C08D021462846C3
:10869000FFF766FE80212846FFF762FEC5E73146F8
:1086A0002846FFF710FAC0E7708840B93CB1802C2B
:1086B00005D0F08818B921462846FFF751FE284614
:1086C000FFF734FAB1E795F89C02022806D0032898
:1086D00015D031462846FFF7F6F9A6E754B1802CAD
:1086E00008D021462846FFF73BFE80212846FFF7A9
:1086F00037FE9AE731462846FFF7E5F995E7708897
:10870000002892D114F07F0F03D021462846FFF7AE
:1087100025FC2846FFF70AFA21462846FFF7BFF94D
:10872000FF2882D0002880D1C5F8D402D5F8B8023D
:108730008268002A3FF479AF3146284690470746C1
:1087400073E7FFE795F89C024FF00008022806D077
:10875000032827D031462846FFF7B5F965E734B13D
:10876000802C04D031462846FFF7ADF95DE714F0C0
:10877000800F08D004F07F0000EB800005EB800044
:1087800000F1140107E004F07F0000EB800005EB2E
:10879000800000F5AA71C1F8008002222846FFF788
:1087A000B8F942E714F0800F0CD004F00F0000EB92
:1087B000800005EB8000808C68B931462846FFF7C1
:1087C00082F932E704F00F0000EB800005EB800037
:1087D000B0F8640158B114F0800F0DD004F07F00A0
:1087E00000EB800005EB800000F114060CE0314640
:1087F0002846FFF768F918E704F07F0000EB8000D7
:1088000005EB800000F5AA764CB1802C07D02146FC
:108810002846FFF7D1FC28B10120306004E0C6F8FB
:10882000008001E0C6F80080022231462846FFF7AA
:1088300070F9FAE670B505460E460024307810F05F
:10884000600009D0202807D0402805D031462846AE
:10885000FFF739F9204670BD95F89C02012808D031
:10886000022806D0032804D031462846FFF72BF90A
:10887000F0E7B088C1B201291ED8C1B22846FFF77F
:1088800010F9FF2800D048B10324F0880028E1D176
:10889000002CDFD12846FFF749F9DBE7D5F8B812FD
:1088A0008A683AB1C5F8D4028A68314628469047AA
:1088B0000446EAE70324E8E731462846FFF703F9D0
:1088C000C8E7704700487047AC36002070B50A789A
:1088D0004E78012302F00F041C4DA340012E19D045
:1088E000D0F81C4844EA0343C0F81C3800EB42109F
:1088F000D0F8002B12040BD4D0F8002B0B89097987
:10890000C3F30A031A4345EA81410A43C0F8002B26
:10891000002070BDD0F81C489BB21C43C0F81C4816
:1089200000EB4210D0F800391B04F1D4D0F8003924
:108930000C890979C4F30A048904234341EA82516A
:108940000B432B43C0F80039E2E700000080001021
:10895000D0F800196FF30A01C0F80019D0F8041814
:1089600041F48071C0F80418002070470FB410B5AE
:1089700004469DF8110001281CD0E06840F040003A
:10898000E060204600F036F89DF8151051B3A16B59
:1089900021F48031A1639DF80E10012907D1A1684F
:1089A00041F00601A160A16841F02001A16010BC66
:1089B0005DF814FBA06B20F48030A063E0680C49E4
:1089C0000840E060E06820F44010E0609DF8180086
:1089D000012803D1E06840F48010E060204600F0F8
:1089E00009F8D8E7A16B41F48031A163D3E7000017
:1089F000BFFFBDFF08B5002300934FF070620099E0
:108A0000491C00910099914201D9032008BD0169D8
:108A10000029F4DA0093016941F001010161009934
:108A2000491C00910099914201D9032008BD0169B8
:108A3000C907F4D1002008BD70B54B780A7801252C
:108A400000EB4212012B2BD0D2F8003B002B0BDAAB
:108A5000D2F8003B43F00063C2F8003BD2F8003B81
:108A600043F08043C2F8003B00F61C00046A0B7818
:108A700003F00F0605FA06F324EA034404620468CF
:108A8000097801F00F0105FA01F324EA03410160BE
:108A9000D2F8000B18490840C2F8000B002070BD46
:108AA000D2F80039002B0BDAD2F8003943F000631A
:108AB000C2F80039D2F8003943F08043C2F80039D7
:108AC00000F61C00046A0B7803F00F0605FA06F3A3
:108AD0009EB2B44304620468097801F00F0105FAFC
:108AE00001F399B28C430460D2F8000903490840AD
:108AF000C2F80009D2E700000078F3EF007833EC09
:108B0000D0F8001E21F00301C0F8001ED0F80418B0
:108B100021F00201C0F8041800207047D0F8001EB0
:108B200021F00301C0F8001ED0F8041841F0020142
:108B3000C0F80418002070470FB42DE9F043044634
:108B400000250020002704EB8001C1F80471401CBF
:108B50000F28F8D39DF82A6066B3A06B20F40011AB
:108B6000A163A06B40F40021A163C4F8007E9DF8CE
:108B70002500012831D00321204600F081FB10217F
:108B8000204600F0BDFA00B10125204600F098FA19
:108B900000B10125C4F81078C4F81478C4F81C7822
:108BA00000204FF000634FF0904C4FF67F389DF857
:108BB000202034E0D4F8040840F00201C4F804187E
:108BC000A06B40F40011A163A06B20F40021A1630D
:108BD000A06B20F48021A163C7E79DF8230020B19A
:108BE0000121204600F04CFBC9E70021204600F09F
:108BF00047FBC4E704EB4011D1F80099B9F1000F2D
:108C000006DA10B1C1F800C904E0C4F8003901E087
:108C1000C1F80079C1F81079C1F80889401C824276
:108C2000E8D8002014E004EB4011D1F8009BB9F122
:108C3000000F06DA10B1C1F800CB04E0C4F8003B25
:108C400001E0C1F8007BC1F8107BC1F8088B401C23
:108C50008242E8D8D4F8100820F48071C4F81018C3
:108C6000A7616FF0804060619DF8220018B9A0698B
:108C700040F01000A061A0690A490843A0619DF876
:108C8000260018B1A06940F00800A061012E03D1B0
:108C9000A06905490843A0612846BDE8F0035DF8D6
:108CA00014FB000000383C8004000040816821F083
:108CB000010181600020704710B5036C124CA34283
:108CC00005D9D0F8003B002B01DA002010BD00F5DB
:108CD000316000230360036843F4002303600368EA
:108CE00043F018030360036843F0C0430360A0F53A
:108CF0003160012906D100F530604261016841F020
:108D000080210160002010BD0A30544F4A780B7852
:108D1000012A00EB43100BD0D0F8002B22F40012F4
:108D2000C0F8002B0979032914D0022912D017E0CA
:108D3000D0F8002922F40012C0F80029097903298B
:108D400001D002290CD1D0F8001941F08051C0F8AF
:108D5000001905E0D0F8001B41F08051C0F8001B5D
:108D6000002070470A784B780978012B00EB4110FE
:108D700012D0D0F8001B002906DB2AB1D0F8001B66
:108D800021F08041C0F8001BD0F8001B41F4001115
:108D9000C0F8001B00207047D0F80019002906DB3E
:108DA0002AB1D0F8001921F08041C0F80019D0F89C
:108DB000001941F40011C0F80019EBE7F8B50C7880
:108DC0004F780B78914D6FF0604600EB4313012F05
:108DD00029D0D3F8107B6FF31207C3F8107BD3F8B8
:108DE000107B2F40C3F8107B002C7DD00D69002D27
:108DF0007BD08C6825446D1EB5FBF4F5ADB26C4399
:108E00000C62D3F8104B06EAC5452C43C3F8104B4F
:108E1000D3F8104B0D6AC5F312052C43C3F8104B61
:108E2000012A6FD0D6E00F69EFB1D3F810796FF354
:108E30001207C3F81079D3F810792F40C3F81079CE
:108E4000FCB10F698D682F447F1EB7FBF5F5ADB2FD
:108E5000D3F8107906EAC5463743C3F810790E797E
:108E6000012E1AD028E003F511631E682E401E6003
:108E70001D6845F400251D601D686FF312051D6017
:108E800022E00E698D68AE4200D90D61D0F810590C
:108E900045F40026C0F810690EE0D3F8106926F0FA
:108EA000C046C3F81069D3F810694FF0C04707EA0D
:108EB00045752E43C3F81069D3F810590E69C6F3EF
:108EC00012063543C3F81059012A1CD000EB441395
:108ED000D3F8004944F00444C3F800490C79012C4C
:108EE00038D00A69002A01E04DE060E009D0D0F8EE
:108EF0003428097801F00F03012199400A43C0F892
:108F0000342881E062E0CA691AB100EB4413C3F867
:108F100014290979012914D1D0F80818C90508D4F1
:108F200000EB4411D1F8002942F00052C1F80029A9
:108F300007E000EB4411D1F8002942F08052C1F85B
:108F4000002900EB4410D0F8001941F00441C0F8AA
:108F5000001959E0D0F80848E40506D4D3F80049D0
:108F600044F00054C3F8004905E0D3F8004944F048
:108F70008054C3F8004900920A8A93B20A78C968FB
:108F800000F000FA40E00C690CB18C680C618C6850
:108F90000C62D0F8105BC4F312042543C0F8105BD8
:108FA000D0F8104B44F40024C0F8104B38E7D3F845
:108FB000104B8D68C5F312052C43C3F8104BD3F842
:108FC000104B44F40024C3F8104B29E7CA680AB1D7
:108FD000C3F8142B0979012910D1D0F80808C0056D
:108FE00006D4D3F8000B40F00050C3F8000B05E0A6
:108FF000D3F8000B40F08050C3F8000BD3F8000BFF
:1090000040F00440C3F8000B0020F8BDFFFF07E06C
:1090100038B5002200920B784D7800EB431442F2F1
:109020001073012D1AD0D4F8005B002D40DAD4F86B
:10903000005B45F00065C4F8005B0C7800EB44145D
:10904000D4F8005B45F08045C4F8005B009C641CCC
:109050000094009C9C4224D9012229E0D4F80059B4
:10906000002D25DAD4F8005945F00065C4F8005900
:109070000C7800EB4414D4F8005945F08045C4F84E
:109080000059009C641C0094009C9C4201D9012260
:109090000EE00C7800EB4414D4F80049002CF0DB0F
:1090A00006E00C7800EB4414D4F8004B002CCDDB28
:1090B000104638BD816841F0010181600020704791
:1090C00008B5002300934FF070620099491C00918D
:1090D0000099914201D9032008BD01690029F4DA01
:1090E0000093102101610099491C0091009991425F
:1090F00001D9032008BD0169C906F4D4002008BDC8
:1091000018B5002400944FF07063009A521C00922E
:10911000009A9A4201D9032018BD0269002AF4DAA4
:109120000094202242EA811101610099491C0091BA
:109130000099994201D9032018BD01698906F4D428
:10914000002018BDD0F8080800F00600002805D05F
:10915000022805D0062803D00F2070470020704752
:1091600002207047406900F001007047D0F81818DD
:10917000D0F81C08084080B27047D0F81818D0F812
:109180001C080840000C704710B5D0F81038D0F813
:10919000342801F00F04E24002F0010243EAC21257
:1091A00000EB4110D0F80809104010BD00EB411150
:1091B000D1F8081BD0F8140808407047416980694D
:1091C0000840704730B503460846940802F0030192
:1091D000002203F5805303E01D6840F8045B521C35
:1091E000A242F9D300290BD000221C68D50024FA32
:1091F00005F300F8013B521C491E89B20029F5D144
:1092000030BD70B505460024E86820F0C040E86035
:10921000012902D089B1012070BDE86840F00050FA
:10922000E8600A20F9F73AFA0A342846FFF79AFF6D
:10923000012810D0C82CF4D30DE0E86840F080403D
:10924000E8600A20F9F72AFA0A342846FFF78AFF6D
:1092500008B1C82CF5D3C82C01D0002070BD012066
:1092600070BD00F50060026822F4FE6202600268D0
:109270004FF4FE6303EA01110A43026000207047C5
:10928000D0F800280A43C0F80028002070470000EA
:10929000022A0ED082B30921C26822F47052C26041
:1092A000C2684FF4705303EA81210A43C260002070
:1092B0007047224A224B0A449A4201D20F21EBE71F
:1092C000204A214B0A449A4201D20E21E4E71F4A68
:1092D0001F4B0A449A4201D20D21DDE71D4A1E4B65
:1092E0000A449A4201D20C21D6E71C4A1C4B0A447C
:1092F0009A4202D20B21CFE71DE01A4A1A4B0A44C8
:109300009A4201D20A21C7E7184A194B0A449A42E5
:1093100001D20921C0E7174A174B0A449A4201D2E9
:109320000821B9E7154A1144154A914201D2072193
:10933000B2E70621B0E70921AEE70000405327FF5E
:1093400000350C00401E1BFF40420F0000DC0BFFED
:10935000804F1200808CF9FE20D6130060B6E5FE27
:1093600060E3160000D3CEFE40771B00C05BB3FE67
:10937000C091210000CA91FE20753800E05459FECA
:10938000E09C410010B5029C002C0DD1DB1C9C0818
:10939000002300EB023000F5805003E051F8042B6D
:1093A00002605B1CA342F9D3002010BDFEE7000061
:1093B00030B505460C46002D01D0022C01D8002006
:1093C00030BD0A48A11E42882846F8F7B5FA291987
:1093D000C2B211F8023C9A4206D111F8011CB1EB5D
:1093E000102F01D1012030BD002030BD88000020A9
:1093F00030B505460C46002D01D0022C01D80020C6
:1094000030BD0748611E02782846F8F7C5FA2919C9
:1094100011F8011C814201D1012030BD002030BD76
:10942000880000201CB504F01FF90190094C0A4D7A
:10943000608800EE100AB8EE400A8DED000A2A4658
:1094400001216846FBF794FD0A2101A803F0B8FB4F
:10945000EEE70000E81C00200014014003B401986E
:109460004100009850EAC12018BF04204A0D18BFDF
:1094700040F0010040F2FF72B2EB515F08BF40F0D4
:109480000200012808BF052002B070470907090E35
:10949000002804DB00F1E02080F80014704700F0A1
:1094A0000F0000F1E02080F8141D7047000000005C
:1094B00070B59B482DED020B2DED068B079D25F019
:1094C0000044A04218DC9748844202DC0AD1069886
:1094D00040B19DED060BBDEC068B02B0BDE87040BF
:1094E00001F08EBD002DCCBF9FED8F0B9FED900B3B
:1094F000BDEC068B02B070BD8F48A04215DD8F48D1
:10950000A042D8BF4FF0FF3458DD9DED060B51EC63
:10951000100BFFF7A3FF042808BF01F0A5FD9DED88
:10952000060BBDEC068B02B070BD9DED060B51EC39
:10953000100B02F035F8CDE9060181489FED828BD2
:10954000A0423CDD8248A0421FDD00249FED82AB9B
:109550009DED060B53EC1A2B51EC100B04F088FA1E
:109560009DED060B41EC190B53EC1A2B51EC100B33
:1095700004F092FD53EC182B04F09AFF53EC192BD6
:1095800004F032FBCDE9060149E09DED060B012414
:1095900053EC182B51EC100B04F06AFA9DED060BFE
:1095A00041EC190B53EC182B51EC100B04F080FF1D
:1095B00053EC192B04F018FBCDE906012FE06848A5
:1095C000A0421FDD02249FED689B9DED060B53EC2E
:1095D000192B51EC100B04F05FFD53EC182B04F029
:1095E00047FA9DED060B41EC180B53EC192B51EC8F
:1095F000100B04F05DFF53EC182B04F0F5FACDE9E5
:1096000006010CE09DED060B032453EC102B9FED9F
:10961000580B51EC100B04F0E7FACDE906019DED73
:10962000060B53EC102B51EC100B04F035FD41EC04
:10963000180B53EC182B04F02FFD41EC190B4E487E
:109640000621B0EE490AF0EE690A784401F0ACFB5D
:1096500053EC182B51EC100B04F01EFD41EC180BD1
:109660004648B0EE490AF0EE690A0521784401F057
:109670009BFB53EC192B51EC100B04F00DFD41EC4E
:10968000100B51EC180B53EC102B002C0EDA04F0DD
:10969000EFF99DED061B53EC112B04F0FDFC9DED45
:1096A000061B53EC112B04F02BFE35E004F0E0F91F
:1096B0009DED061B53EC112B04F0EEFC41EC100B5E
:1096C0002F48784400EBC40090ED001B51EC100BC8
:1096D00053EC112B04F0ECFE9DED061B53EC112B0B
:1096E00004F0E6FE41EC100B2648784400EBC40081
:1096F00090ED001B51EC100B53EC112B04F000FE0D
:1097000041EC100B002DA2BFBDEC068B02B070BD6A
:1097100051EC100B04F06EF941EC100B01E7000066
:10972000000010440000F07F182D4454FB21F93F45
:10973000182D4454FB21F9BF0000DC3F0000203EFF
:109740000000F33F00000000000000000000F03FB8
:109750000000E63F000000000000000000000040A4
:109760000080034000000000000000000000F83FFF
:10977000000000000000F0BF7A59000030590000DE
:10978000BA5800007258000070B56F4E2DED040BF2
:109790002DED048B82B0DDF824C0DDE907235C42A7
:1097A0002CF000411C4341EAD474069D22F0004095
:1097B000B44205D86C422C4340EAD474B4420BD96D
:1097C0009DED081B9DED060B02B0BDEC048B04B0B3
:1097D000BDE8704001F01EBCACF14054A4F17F64C0
:1097E0001C430BD0022404EAAC7444EAD27405434F
:1097F0009FED578B9FED582B07D015E09DED060B85
:1098000051EC100B01F073FC42E0002C11BF012C55
:109810009DED060B02B0BDEC048B04BF04B070BD1F
:10982000022C38D0032C3BD00B439FED4D1B9FEDFA
:109830004E0B0AD0B14218D1B04209D121F080417B
:1098400020F08040099107900FE0002A15DA10E01F
:10985000474B7B44002C08BF93ED000B0DD0012C2F
:1098600010D0022C17D0032C1AD0B0421DD1002AE0
:1098700003DAB0EE410AF0EE610A02B0BDEC048BEF
:1098800004B070BD93ED000B51EC100B04F0B2F876
:1098900041EC100BF1E7B0EE480AF0EE680AECE795
:1098A000B0EE420AF0EE620AE7E7401A00159FEDBB
:1098B000329B3C28C8BF8DED000B17DCBCF1000FBC
:1098C000BCBF10F13C0F8DED009B0FDB9DED080B35
:1098D00053EC102B9DED060B51EC100B04F084F9AA
:1098E00001F05EFE01F003FCCDE90001B4B1012CF2
:1098F00010D0022C9FED220B53EC102B9DED000B92
:1099000051EC100B19D004F0D3FD53EC182B04F0DC
:10991000CFFDBDE7019880F0004001909DED000B68
:1099200053EC192B51EC100B04F0B6FA04BF0220D3
:10993000F6F759FE9DED000B9FE704F0B9FD53ECDF
:10994000182B04F0DDFCA3E70000F07F000000000E
:10995000182D4454FB210940182D4454FB2109C003
:10996000182D4454FB21F9BF182D4454FB21F93F15
:10997000D2570000000000000000000000000000BE
:10998000075C143326A6A13C10B52F499FED2C1B74
:109990002DED020B84B0059820F000408842D8BF1E
:1099A0009DED040B2DDD2949884209D1049840B969
:1099B0004FF00100F6F717FE01F036FB06B010BDC0
:1099C00005DB9DED040B01F01BFB06B010BD6846E6
:1099D0009DED040B00F014FF10F0030004BF9DED9B
:1099E000021B9DED000B0CD001280ED09DED021B3B
:1099F0009DED000B022817D0012001F051FA06B0AE
:109A000010BD01F019F906B010BD9DED021B9DEDD2
:109A1000000B012001F044FA51EC100B03F0EAFFB7
:109A200006B041EC100B10BD01F006F951EC100B23
:109A300003F0E0FF06B041EC100B10BD0000000089
:109A40000000000000000000FB21E93F0000F07F63
:109A50002DED020B019820F0004001909DED000BD0
:109A600002B07047000000002DE9F04D2DED040B11
:109A70002DED0E8B96B0DDE92550279CDDF890A0EA
:109A800025F0004624F00048BAF1000F14BF012170
:109A9000002101EB4502FC4953184A1093422AD396
:109AA000002814BF0123002303EB44030B44F749B0
:109AB0008B4220D358EA00019FEDF59B76D0DFF86A
:109AC000D8B35D4503D1BAF1000F05D188E0BAF1F2
:109AD000000F08BF002100D0012101EB450111F565
:109AE000001F08D8002814BF0121002101EB440108
:109AF00011F5001F0BD99DED261B9DED240B16B013
:109B0000BDEC0E8B04B0BDE8F04D01F083BA002728
:109B1000002DBCBFE149884521DAE1498845A8BF4D
:109B200002271CDAC3451ADCDE4901EB285114294F
:109B300008DDC1F1340220FA02F101FA02F2824298
:109B40000DD108E058B9C1F1140228FA02F101FA66
:109B500002F2424503D101F00101C1F1020756EAC8
:109B60000A0124D1002C22DA002D18BF022F01D0C7
:109B7000012F0AD00220F6F736FD16B0BDEC0E8B91
:109B800004B0BDE8F04D01F023BA0220F6F72BFD3A
:109B900001F01EFA51EC100B03F02CFF41EC100BFE
:109BA00016B0BDEC0E8B04B0BDE8F08D18E09FED53
:109BB000BEAB9FEDBF8B002871D1B848804522D144
:109BC00005F1804010F5801008BFBAF1000F07D0F2
:109BD000B3450ADC002CA8BF9DED260BE0DA0DE0B2
:109BE000B0EE490AF0EE690ADAE7002C06DA9DEDDC
:109BF000260B51EC100B03F0FDFE6FE0AE487844ED
:109C000090ED000BCCE7D8454DD1002C48DA2EB1B1
:109C100086423AD1BAF1000F42D126E0BAF1000FE4
:109C200013D00220F6F7DFFC01F00EFA8DED020BE7
:109C30009DED240B8DED000B10EE900A039961F35E
:109C40001E0003909DED020BAAE78DED02AB9DED8A
:109C5000240B1AEE901A10EE900A8DED000B61F3B2
:109C60001E0003909DED020B9AE78DED028B9DED9A
:109C7000240B18EE901A10EE900A8DED000B61F394
:109C80001E0003909DED020B8AE709DA9DED240B7F
:109C900051EC190B53EC102B03F0A6FF1EE020E053
:109CA0009DED240B7CE786421BDAB4F1804F0DD08A
:109CB000A4F10050B0F1FF5013D1002D11DB9DED48
:109CC000240B51EC100B02F0E6FD07E09DED240B98
:109CD00053EC102B51EC100B00F0C2BC41EC100BFC
:109CE0005EE79DED240B51EC100B01F059FCBAF12D
:109CF000000FCDE90E0142D19FED710B46B3A6F1E5
:109D0000E040B0F17F600CD05E4538D1002D00DA24
:109D1000A7B3022F0CBF01204FF0FF3004F055F91C
:109D2000DCE7002D01DD002C0DDA002D01DD002C1B
:109D30001FDB002D16DA002C14DB012F08BF9FED6E
:109D4000620B3FF42DAFB0EE4A0AF0EE6A0A27E745
:109D5000022F18BF002D0CD0012F0AD1002DFFF6C5
:109D60001FAF06E0002DB8BF002C08DA012F3FF42A
:109D700017AFB0EE480AF0EE680A11E71BE00120C9
:109D800000EBE57050EA070115D0791EB0EE498A64
:109D9000F0EE698A084308BF9FED4D8B4E480025C1
:109DA000804570DD4D494E48884514DDB0420DDBDD
:109DB000002C19DB2FE00120F6F715FC16B0BDECE6
:109DC0000E8B04B0BDE8F04D01F02EB9B34502DCB6
:109DD000002C09DC1FE0864202DA002C1BDA03E0CB
:109DE0005E452BDD002C16DD0220F6F7FCFB01F0B2
:109DF0002BF98DED020B53EC1A2B51EC180B04F0E0
:109E00004BF9CDE900010399019861F31E0003901D
:109E10009DED020BC4E60220F6F7E5FB01F024F904
:109E200010EE901A18EE900A8DED020B8DED008B5E
:109E300061F31E0003909DED020BB1E69DED0E0B4C
:109E400053EC192B51EC100B04F032FB9FED260B59
:109E5000CDE9080153EC102B9DED080B51EC100BD4
:109E600004F01AF99FED221B53EC112B04F048FA71
:109E70009DED081B53EC112B04F00EF99FED1E1BFA
:109E800053EC112B3CE08CE0FFFF1F00FFFF0F00A5
:109E9000000000000000F03F0000F03F0000F07FF5
:109EA0000000404301FCFFFF000000000000F07FC5
:109EB0000000000000000000265400000000000028
:109EC0000000000000000080000000000000F0FF23
:109ED000000000000000F0BF0000E0410000F0437F
:109EE000FFFFEF3F00000000000000000000D03F37
:109EF000555555555555D53F000000000000E03F31
:109F000004F0FEF99DED080B41EC1A0B53EC102BFD
:109F100051EC100B04F0C0F853EC1A2B04F0BCF811
:109F200041EC1A0B9FEDFE0B53EC102B9DED080B33
:109F300051EC100B04F0B0F841EC1B0B9FEDFA0B49
:109F400051EC1A0B53EC102B04F0A6F841EC1A0B51
:109F50009FEDF70B53EC102B9DED080B51EC100B04
:109F600004F09AF853EC1A2B04F0A2FA41EC1A0B05
:109F700051EC1B0B53EC1A2B03F07AFD0690CDE944
:109F800006519DED060B53EC1B2B51EC100B04F00E
:109F90008FFA53EC1A2B04F0B3F941EC100B00F0DC
:109FA000A1B90020B6F5801F0EDA9FEDE30B53EC4C
:109FB000102B9DED0E0B51EC100B04F06DF8CDE95C
:109FC0000E016FF034000E4600EB2650A0F2FF3772
:109FD000C6F31300DA4940F07F6646F040568842E7
:109FE000D8BF002408DDD7498142C8BF012403DC63
:109FF0000024A6F580167F1CD348784400EBC400EB
:10A000000F9690ED00CB9DED0E0B53EC1C2B51ECFD
:10A01000100B04F04DFA9DED0E0B41EC1B0B53ECB5
:10A020001C2B51EC100B03F023FD41EC100B51ECF9
:10A03000190B53EC102B03F0D7FD41EC1D0B51EC29
:10A040001B0B53EC1D2B04F027F841EC1A0BBF48F7
:10A050008DED10AB7844109590ED000B4FF0005053
:10A0600040EA660000EB84408DED080B00F500200F
:10A0700009909DED080B53EC1C2B51EC100B04F0D8
:10A0800017FA9DED0E1B53EC112B04F039F941EC3E
:10A09000100B53EC102B9DED100B51EC100B03F03B
:10A0A000FBFF9DED080B41EC1C0B53EC102B9DEDC1
:10A0B000100B51EC100B03F0EFFF53EC1B2B04F0D3
:10A0C0001FF953EC1C2B04F0F3F953EC1D2B03F098
:10A0D000E3FF41EC1C0B53EC1A2B51EC1A0B03F071
:10A0E000DBFF41EC1B0B9A480621B0EE4B0AF0EE69
:10A0F0006B0A784400F058FEB0EE401AF0EE601A99
:10A10000B0EE41DAF0EE61DA53EC1B2B51EC1B0B95
:10A1100003F0C2FF53EC1D2B03F0BEFF9DED100BAF
:10A1200041EC1B0B53EC1A2B51EC100B03F0A0FC71
:10A1300053EC1C2B03F0B0FF53EC1B2B03F098FCEB
:10A140009DED100B41EC1B0B53EC102B51EC100B45
:10A1500003F0A2FF41EC1D0B9FED7FEB53EC1E2B98
:10A1600003F086FC53EC1B2B03F082FC0890CDE936
:10A1700008519DED080B53EC1E2B51EC100B04F015
:10A1800097F953EC1D2B04F093F953EC1B2B04F0BF
:10A19000B7F89DED080B41EC1D0B53EC102B9DED1A
:10A1A000100B51EC100B03F077FF41EC1B0B53EC41
:10A1B0001A2B51EC1D0B03F06FFF9DED080B41ECCA
:10A1C0001A0B53EC102B51EC1C0B03F065FF53ECF6
:10A1D0001A2B03F04DFC41EC1A0B51EC1B0B53EC0A
:10A1E0001A2B03F045FC0C90CDE90C519DED0C0BA6
:10A1F00053EC1B2B51EC100B04F05AF953EC1A2BB7
:10A2000004F07EF841EC1B0B9FED550B53EC102B2B
:10A210009DED0C0B51EC100B03F03EFF41EC1A0BC3
:10A220009FED510B51EC1B0B53EC102B03F034FF43
:10A2300041EC1B0B9FED4E0B53EC102B9DED0C0BCB
:10A2400051EC100B03F028FF53EC1B2B03F010FC18
:10A2500041EC100B4848784400EBC40090ED001B23
:10A2600051EC100B53EC112B03F002FC41EC1B0BD7
:10A27000384603F0AAFECDE9080153EC1B2B51EC44
:10A280001A0B03F0F5FB41EC100B3C48784400EB53
:10A29000C40090ED00CB51EC100B53EC1C2B03F0E1
:10A2A000E7FB9DED081B53EC112B03F0E1FB06903F
:10A2B000CDE906519DED080B53EC102B9DED060BDF
:10A2C00051EC100B04F0F4F853EC1C2B04F0F0F8F4
:10A2D00053EC1A2B04F0ECF853EC1B2B04F010F8A1
:10A2E00041EC100B9DED261B53EC102B8DED001B4C
:10A2F00000959DED260B51EC100B03F0CDFE9DED6E
:10A30000000B41EC1A0B53EC102B9DED260B51EC7E
:10A31000100B04F0CDF89DED061B53EC112B2FE034
:10A32000000000604715F73FFE822B654715F73F99
:10A3300044DF5DF80BAE543E0000000000004043D7
:10A340008E9803007AB60B00DA4E0000D04F000062
:10A35000124E000000000000000000000000084055
:10A36000000000E009C7EE3FFD033ADC09C7EE3FFD
:10A37000F5015B14E02F3EBE9E4C0000584C0000DF
:10A3800003F08AFE53EC1A2B03F072FB9DED060BD3
:10A3900041EC1A0B53EC102B9DED000B51EC100B04
:10A3A00003F07AFECDE90C019DED0C0B51EC1A0B7C
:10A3B00053EC102B03F05CFBCDE902010C46AA49DB
:10A3C0008C422FDB611A084318D19DED0C0B53EC26
:10A3D000102B9DED020B51EC100B04F069F841ECD1
:10A3E0001B0B9FEDA30B51EC1A0B53EC102B03F03E
:10A3F0003FFB53EC1B2B03F04DFF2DD20220F6F751
:10A40000F2F800F021FE10EE901A18EE900A8DED91
:10A41000020B8DED008B61F31E0003909DED020B8E
:10A42000FFF7BEBB944A24F00041914214D39349F4
:10A43000214408437FF4EFAC9DED0C0B53EC102B43
:10A440009DED020B51EC100B04F032F853EC1A2B7B
:10A4500003F020FF7FF6DFAC24F000408849894AF2
:10A46000002601EB205182422BDA481C4FF4801168
:10A4700021FA00F02044844AC0F30A517A44A1F240
:10A48000FF3192ED000B814A8DED080BCA4020EAA6
:10A490000202C0F3130040F48010C1F1140120FA4D
:10A4A00001F60992002CB8BF76429DED080B53ECE3
:10A4B000102B9DED0C0B51EC100B03F0F9FFCDE9C7
:10A4C0000C019DED0C0B51EC1A0B53EC102B03F00F
:10A4D000CFFA9FED6F0B0890CDE9085153EC102B8C
:10A4E0009DED080B51EC100B03F0D6FD41EC1B0B5E
:10A4F0009FED690B53EC102B9DED080B51EC100BED
:10A5000003F0CAFD9DED0C0B41EC1C0B53EC102B22
:10A510009DED080B51EC100B03F0CAFF53EC1A2B06
:10A5200003F0EEFE9FED5E1B53EC112B03F0B4FD28
:10A5300053EC1C2B03F09CFA41EC1A0B51EC1B0B57
:10A5400053EC1A2B03F094FACDE902019DED020BB6
:10A5500053EC1B2B51EC100B03F0AAFF53EC1A2BFE
:10A5600003F0CEFE9DED020B41EC1A0B53EC102BC9
:10A5700051EC100B03F090FDCDE908014A489DED28
:10A58000080B0521784400F00FFC9DED081B51ECF1
:10A59000100B53EC112B03F07FFD9DED021B53ECD0
:10A5A000112B03F0ADFECDE906019DED020B53EC3E
:10A5B0001A2B51EC100B03F06FFD53EC1A2B03F028
:10A5C00057FA9FED3B0B41EC1A0B53EC102B9DED12
:10A5D000060B51EC100B03F06BFF9DED060B41ECED
:10A5E0001B0B53EC102B9DED020B51EC100B03F0E9
:10A5F00053FD53EC1B2B03F0F7FA53EC1A2B03F02B
:10A6000057FF9DED021B53EC112B03F051FF53EC50
:10A61000192B03F075FECDE9020101EB065001157F
:10A620000029C8BF039015DC9DED020B324651ECAA
:10A63000100B04F0D4F8FEF711FF042808BF00F057
:10A6400013FD32469DED020B51EC100B04F0C7F8E0
:10A65000CDE902019DED020B51EC180B53EC102BD0
:10A6600003F01AFDFFF73ABB000090400000000025
:10A67000FE822B654715973C00CC904000346F3F1D
:10A6800001FCFFFF0000E03FA84B0000FFFF0F00B0
:10A6900000000000432EE63F396CA80C615C20BE30
:10A6A000EF39FAFE422EE63FB049000000000000FC
:10A6B000000000000000004010B52F499FED2C1B4A
:10A6C0002DED020B84B0059820F000408842DCBFDD
:10A6D00000209DED040B32DD2849884209D1049801
:10A6E00040B94FF00100F5F77EFF00F09DFC06B089
:10A6F00010BD05DB9DED040B00F082FC06B010BD23
:10A7000068469DED040B00F07BF810F0030011D0BB
:10A71000012818D09DED021B9DED000B02281AD0D8
:10A7200000F08AFA51EC100B03F064F906B041EC2A
:10A73000100B10BD9DED021B9DED000B012000F0E4
:10A74000AFFB06B010BD9DED021B9DED000B00F0B0
:10A7500073FA06B010BD012000F0A2FB51EC100B03
:10A7600003F048F906B041EC100B10BD00000000EA
:10A770000000000000000000FB21E93F0000F07F26
:10A7800000B52DED048BB0EE409AF0EE609A83B0E8
:10A7900051EC190B03F0C0FD41EC180B18EE100A38
:10A7A00018EE901A8DED008B002818BF0120084389
:10A7B00020F00040C0F17F6000F1E040C00F14D0F5
:10A7C00019EE101A19EE900A8DED009B002918BFA2
:10A7D0000121084320F00040C0F17F6000F1E0401B
:10A7E000C00F04BF0120F5F7FEFEB0EE480A03B02B
:10A7F000F0EE680ABDEC048B00BD00000000000014
:10A800002DE9F14F04462DED020B2DED088B8AB09A
:10A810009FEDE70B80ED020B139EE74826F0004505
:10A8200085420ADC9DED120B002084ED000B0AB07E
:10A83000BDEC088B03B0BDE8F08FE0489FEDE0ABC6
:10A840009FEDE1BBA84247DDE14F9FEDE39B9FED0C
:10A85000E48B9DED120B53EC1A2B51EC100B002ED8
:10A860001CDD03F025FE41EC100BBD4208D053EC7B
:10A870001B2B51EC100B03F01BFEC4E900010BE095
:10A8800053EC192B51EC100B03F012FE53EC182B68
:10A8900003F00EFEC4E900010120C8E703F0E8F868
:10A8A00041EC100BBD4208D053EC1B2B51EC100BAC
:10A8B00003F0DEF8C4E900010BE053EC192B51EC76
:10A8C000100B03F0D5F853EC182B03F0D1F8C4E9C2
:10A8D00000014FF0FF30AAE7C348A84279DB9DEDA5
:10A8E000120B51EC100B00F05BFE41EC180B9FEDCE
:10A8F000C00B53EC102B03F0CFFB9FEDBF1B53ECB1
:10A90000112B03F0B5F803F003FB074603F05DFBE2
:10A9100041EC190B53EC1A2B03F0BEFB53EC182B34
:10A9200003F0EEFC41EC180B53EC1B2B51EC190B14
:10A9300003F0B2FBDFF8C8A241EC100B4FEA155848
:10A940000125FA4453EC102B51EC180B03F0B0FD29
:10A95000032DC4E900013DD0C1F30A5005EB4511B8
:10A96000A8EB00001139814234DA0AEB051BB0EE86
:10A9700048AA9BED000BF0EE68AA53EC102B51ECAB
:10A98000190B03F089FB41EC1B0B51EC1A0B53EC38
:10A990001B2B03F08DFD41EC180B51EC1A0B53EC03
:10A9A000182B03F085FD53EC1B2B03F081FD9BED71
:10A9B000020B41EC1A0B53EC102B51EC190B03F06A
:10A9C0006BFB53EC1A2B03F073FD41EC100B6D1C69
:10A9D000B8E70EE0002EA8BF3846BFF628AF94EDCA
:10A9E000000B51EC100B03F005F8C4E900017842AC
:10A9F0001DE7C6F3130040F4801EC6F30A50A0F210
:10AA0000F530471100F01F05C5F12000DDF848B012
:10AA100008900020069007900520EC467949002D0B
:10AA200007EB0002794408BF51F8221009D051F811
:10AA3000223001EB8201AB404A68089922FA01F109
:10AA40001943A1FB0E26A1FB0B131A449A4234BFF3
:10AA50000123002303EB06080CEB8003D3E901A6D6
:10AA60000E448E4234BF0121002192448A4411B128
:10AA7000924502D903E0924501D2012100E0002174
:10AA8000C3E901A641444CF82010011EA0F10100C9
:10AA9000C4DC029800F10050850F0298DDE90367DD
:10AAA0008000DDF8148003F090FA41EC1A0B304678
:10AAB00003F0A2FA9FED541B53EC112B03F0ECFAB8
:10AAC00041EC1B0B384603F097FA9FED511B53ECFA
:10AAD000112B03F0E1FA41EC180B404603F08CFA1D
:10AAE0009FED4D1B53EC112B03F0D6FA41EC190BE3
:10AAF00051EC180B53EC192B02F0BAFF53EC1B2B43
:10AB000002F0B6FF53EC1A2B02F0B2FFCDE90801B8
:10AB1000002008909DED080B53EC1A2B51EC100B04
:10AB200003F0C6FC53EC1B2B03F0C2FC53EC182BB8
:10AB300003F0BEFC53EC192B03F0E2FB9FED381B36
:10AB400053EC112B03F0A8FA9FED370B41EC180BD7
:10AB500053EC102B9DED080B51EC100B03F09CFAFD
:10AB600053EC182B02F084FF9FED310B41EC180BD6
:10AB700053EC102B9DED080B51EC100B03F08CFAED
:10AB800053EC182B02F074FF41EC100B139810F0EB
:10AB9000004F06D06D4251EC100B02F02BFF41EC40
:10ABA000100B284684ED000B41E600000000000079
:10ABB0000000000000000000FB21E93F7CD90240BA
:10ABC00000004054FB21F93F3163621A61B4D03D6B
:10ABD000FB21F93F000000000000601A61B4D03D85
:10ABE0007370032E8A19A33BFB213941000000003A
:10ABF00083C8C96D305FE43F000000000000E03F03
:10AC0000EA46000038460000000000000000103E48
:10AC1000000000000000103C000000000000103A9E
:10AC2000182D4454FB21F93D3326A611460B113C47
:10AC300000000054FB21F93D10B52DED040B2DED66
:10AC4000088B82B0B0EE419AF0EE619A0B9820F03A
:10AC500000449FED4BABB4F1795F11DA9DED0A0B27
:10AC600051EC100B03F054F9002801BFB0EE4A0A72
:10AC7000F0EE6A0A02B0BDEC088B04BF04B010BD50
:10AC80009DED0A0B53EC102B51EC100B03F004FA62
:10AC900041EC180B3C480621B0EE480AF0EE680A79
:10ACA000784400F081F853EC182B51EC100B03F0B2
:10ACB000F3F99DED0A0B41EC1B0B53EC192B51ECF6
:10ACC000100B03F0E9F941EC190B53EC1B2B51EC81
:10ACD000180B03F0E1F953EC192B03F0E9FB9FED9E
:10ACE0002C0B41EC190B53EC102B51EC180B03F00F
:10ACF000D3F941EC100B2848844210DA53EC192B9D
:10AD000051EC100B03F0D4FB53EC1A2B03F0F8FAC0
:10AD100041EC100B02B0BDEC088B04B010BD1F4815
:10AD2000A042BCBF9FED1E1B8DED001B06DBA4F5F2
:10AD300000100190002000909DED001B51EC100BC5
:10AD400053EC112B03F0B4FB9DED000B41EC180B01
:10AD500053EC102B51EC1A0B03F0AAFB41EC1A0B2D
:10AD600053EC192B51EC180B03F0A2FB53EC1A2BEC
:10AD700003F0C6FA41EC100BCCE700000000000025
:10AD8000000000000000F03F5443000000000000FD
:10AD9000000000000000E03F3333D33F0000E93FF4
:10ADA000000000000000D23F70B504462DED028B7C
:10ADB0004D1E00EBC500B0EE408AF0EE608A90EDCB
:10ADC000000B35F0060017D053EC182B51EC100B8C
:10ADD00003F062F941EC100B6D1E04EBC50090ED21
:10ADE000001B51EC100B53EC112B02F041FE41EC17
:10ADF000100B35F00600E7D1022D36D0042D1CD003
:10AE0000062D1CBFBDEC028B70BD53EC182B51EC12
:10AE1000100B03F041F994ED0A1B53EC112B02F0D7
:10AE200027FE53EC182B03F037F994ED081B53EC75
:10AE3000112B02F01DFE41EC100B53EC182B51ECC2
:10AE4000100B03F029F994ED061B53EC112B02F0C3
:10AE50000FFE53EC182B03F01FF994ED040B53EC89
:10AE6000102B02F005FE41EC100B53EC182B51ECAB
:10AE7000100B03F011F994ED021B53EC112B02F0AF
:10AE8000F7FD53EC182B03F007F994ED001B53EC7E
:10AE9000112B02F0EDFDBDEC028B41EC100B70BDEF
:10AEA00031B504462DED040B2DED0A8BB0EE41BA01
:10AEB000F0EE61BA0B989DED0A0B20F00040B0F166
:10AEC000795F0DDA51EC100BFEF7C8FA042808BFC1
:10AED00000F0CAF89DED0A0BBDEC0A8B05B030BD41
:10AEE00053EC102B51EC100B03F0D6F841EC180B7F
:10AEF0009DED0A0B53EC182B51EC100B03F0CCF822
:10AF000041EC190B2C48B0EE480AF0EE680A052116
:10AF10007844FFF749FF9FED2ACBB0EE40AAF0EE50
:10AF200060AA9CB353EC1C2B51EC190B03F0B4F842
:10AF300041EC1C0B53EC1A2B51EC190B03F0ACF841
:10AF40009FED210B41EC190B53EC102B51EC1B0B1B
:10AF500003F0A2F853EC192B03F0AAFA53EC182BC8
:10AF600003F09AF853EC1B2B03F0A2FA53EC1C2BC2
:10AF700003F09EFA9DED0A1B53EC112B03F0C0F970
:10AF8000BDEC0A8B05B041EC100B30BDFFE753EC74
:10AF90001A2B51EC180B03F07FF853EC1C2B02F02A
:10AFA00067FD53EC192B03F077F89DED0A1B53EC6A
:10AFB000112B02F05DFDE3E7E4410000000000001A
:10AFC000495555555555C5BF000000000000E03FEC
:10AFD0009FED070B10B553EC102B9FED070B51ECB9
:10AFE000100B02F001FE41EC100B10BD0000000040
:10AFF0000000000000000000000000000000F03F22
:10B0000010B553EC102B51EC100B02F031FD41EC5C
:10B01000100B10BD10B553EC112B51EC100B02F0BE
:10B0200027FD41EC100B10BD9FED050B10B553EC47
:10B03000102B51EC100B02F0D7FD41EC100B10BDA2
:10B0400000000000000000009FED050B10B553EC60
:10B05000102B51EC100B03F01FF841EC100B10BD3E
:10B0600000000000000000709FED050B10B553ECD0
:10B07000102B51EC100B03F00FF841EC100B10BD2E
:10B08000000000000000001010B50C4C010E2170F3
:10B09000C0F3074212FB01F26280C0F3072313FBE7
:10B0A00001F3A380C0B210FB01F0E08004490C68FA
:10B0B0006063086883630868C26310BD0C040020E5
:10B0C000B40D0020D0ED000AF4EEC00AF1EE10FA43
:10B0D00001DD80ED000AD0ED000AB1EE400AF4EE89
:10B0E000C00AF1EE10FA01D280ED000A704710B5E7
:10B0F00041EC100BFEF7DCF951EC100B10BD000019
:10B1000010B52DED028BB0EE408A00281FD018EE4E
:10B11000100A03F0B7FA41EC100BFEF799FC9FED13
:10B120000D1B51EC100B53EC112B02F079FF0ED3D9
:10B13000B0EE480ADFED090A0948FAF7CFFD0848E2
:10B140002C38D0ED050A30EE200A80ED050ABDEC62
:10B15000028B10BD00000000000024400000000031
:10B160008021002070B51D4C94ED060A01F090FE80
:10B170001B4894ED060A0078FFF7C2FF00F04CF878
:10B1800000F03EFD174AE1695161174B206A586192
:10B190004FF40055002903DA01F50051516104E034
:10B1A000A94202DDA1F500515161002803DA00F542
:10B1B0000050586104E0A84202DDA0F5005058613B
:10B1C0000A48A18C4181E18CA0F8D210218DA0F811
:10B1D0009A11618DA0F8621270BD00005421002008
:10B1E0001C040020B01D0020781E002070170020D5
:10B1F000064807490068B0FBF1F206490A704FF4AF
:10B200007A72B0FBF2F0486070470000240500201D
:10B2100040420F0004040020F0B52DED108B8DB0DE
:10B22000C74C94ED000A9FEDC7AB9FEDC8CB9FEDD7
:10B23000C99B9FEDCAFB9FEDCBBB0126B5EEC00AB3
:10B24000B71EF1EE10FAC94D0DD194ED010AB5EE1D
:10B25000C00AF1EE10FA06D194ED020AB5EEC00A6A
:10B26000F1EE10FA66D094ED040AD4ED050A9FEDD4
:10B27000C08A60EE888ADFEDBF0A08EEE00A10EEB1
:10B28000100A03F0FFF941EC1D0B94ED030ADFED0A
:10B29000B90A08EEE00A10EE100A03F0F3F941ECE7
:10B2A000100BB0EE4D1AF0EE6D1AFEF76DFA9FED31
:10B2B000B2DB51EC100B53EC1D2B02F0EDFE9FEDB9
:10B2C000B0EB53EC1E2B02F08FFCCDE9080194ED9E
:10B2D000050AD4ED040A20EE080A8DED0C0A9FED54
:10B2E000A51A40EE010A10EE900A03F0CBF941ECEA
:10B2F000180BD4ED030A9DED0C0A9FED9E1A40EE4B
:10B30000010A10EE900A03F0BDF941EC100BB0EE0B
:10B31000481AF0EE681AFEF737FA53EC1D2B51EC81
:10B32000100B02F0B9FE53EC1E2B02F05DFCCDE9D0
:10B330000A0103E08DED08AB8DED0AAB9DED080B26
:10B340009FED91DB51EC100B53EC1D2B02F04CFCEC
:10B3500053EC192B02F0A0FE9FED8DEB53EC1E2B4E
:10B3600002F086FB41EC180B8DED008B9DED0A0B76
:10B3700053EC1D2B51EC100B02F036FC53EC192B47
:10B3800002F08AFE53EC1E2B02F072FB41EC1D0B07
:10B390008DED02DB53EC192B51EC180B02F07AFF08
:10B3A00008D253EC192B51EC180B03F081F8CDE9BE
:10B3B00000010EE053EC1A2B51EC180B02F030FE9A
:10B3C00007D253EC192B51EC180B02F051FBCDE9CD
:10B3D000000153EC192B51EC1D0B02F05BFF08D25E
:10B3E00053EC192B51EC1D0B03F062F8CDE902016F
:10B3F0000EE053EC1A2B51EC1D0B02F011FE07D29C
:10B4000053EC192B51EC1D0B02F032FBCDE902017C
:10B410006148408802F0F0FD9DED00DB53EC1D2BF0
:10B4200002F06EFF41EC1A0B8DED04AB5B484088D7
:10B4300002F0E2FD9DED02EB53EC1E2B02F060FFEB
:10B4400041EC180B8DED068B53EC1B2B51EC1A0BBA
:10B4500002F020FF08D253EC192B51EC1A0B03F029
:10B4600027F8CDE904010EE053EC1C2B51EC1A0B2C
:10B4700002F0D6FD07D253EC192B51EC1A0B02F057
:10B48000F7FACDE9040153EC1B2B51EC180B02F039
:10B4900001FF08D253EC192B51EC180B03F008F8FC
:10B4A000CDE906010EE053EC1C2B51EC180B02F019
:10B4B000B7FD07D253EC192B51EC180B02F0D8FA58
:10B4C000CDE906019DED040BFEF7C2FA53EC1F2BEC
:10B4D00051EC100B02F0DEFE09D22E7053EC1B2B48
:10B4E00051EC1D0B02F0E4FFCDE9000100E02F70EC
:10B4F0009DED060BFEF7ACFA53EC1F2B51EC100B35
:10B5000002F0C8FE09D26F7053EC1B2B51EC1E0BDE
:10B5100002F0CEFFCDE9020100E06E709DED000B60
:10B5200051EC100B02F0F4FCE0619DED020B51ECCC
:10B53000100B02F0EDFC20620DB0BDEC108BF0BDE5
:10B540005421002000000000000000000000000066
:10B550000000B0C0000000000000C040000000007B
:10B560000000A040000000000000B0407004002077
:10B5700000007042F704353F000000000080664084
:10B5800000000040FB2109400000000000807640E0
:10B59000000000000086AF40B01D0020781E002093
:10B5A00082B0CDE9000121F0004001909DED000B3B
:10B5B00002B051EC100B704718B58DED000A002158
:10B5C000009CCB0024FA03F24254491CC9B204295E
:10B5D000F7D318BD2DED0A8B404E9FED41AA4FF4D5
:10B5E0007A7779E056F82500020E00EE102AB8EEC0
:10B5F000408AC0F3074100EE101AF8EE408AC0F30B
:10B60000072300EE103AB8EE409AC4B200EE104A9A
:10B61000F8EE409A6D1C56F825004FEA106C00EECB
:10B6200010CAF8EE400A00EE102AB8EE400A70EE9A
:10B63000C01AC0F3074200EE102AF8EE400A00EEEE
:10B64000101AB8EE400A30EEC01AC0F3072100EE1F
:10B65000101AF8EE400A00EE103AB8EE400A70EE0A
:10B66000C00AC0B200EE100AB8EE402A00EE104A3E
:10B67000B8EE400A32EE400AC1EE8AAA81EE0ABA5A
:10B68000C0EE8ABA80EE0ACA002438EE2A8A78EE22
:10B690008B8A39EE2B9A79EE8C9ABCEEC80A10EEA2
:10B6A000100ABCEEE80A010610EE100ABCEEC90A48
:10B6B00041EA004110EE100ABCEEE90A41EA00201E
:10B6C00010EE101A0843FFF7DFFC641CA4B2BC4262
:10B6D000DBD3ADB2062D85D3002583E774040020AB
:10B6E00000007A44F7F7F8F8FBF798F9F9F774FFD8
:10B6F000F9F7B6FEF9F770FEFAF792F8FAF734F8B0
:10B70000F9F78CFEFAF7A8F8FAF7C6F8F9F7C6FFCA
:10B71000FAF704F8FFF76CFD4FF4FA70F6F7BEFF86
:10B72000F9F7DCFE00F0AEFBFEE7014600208429BD
:10B7300000D0C81C704700002DE9F04704462DEDED
:10B74000028B0D469246B0EE408AFD4804F128096E
:10B75000824527D12088FB4EA0F20120FA4FDFF866
:10B76000EC830B281ED2DFE800F0061E364E667E04
:10B7700096AEC6E0FB00012D0FD1B4F9040000EE37
:10B78000100A4846F8EEC00AB0EE480AFAF7A6FAE0
:10B79000BDEEC00A10EE100A6083608B000A3070A4
:10B7A000A07E7070F5E0012D0FD1B4F9040000EE19
:10B7B000100A4846F8EEC00AB0EE480AFAF78EFAC8
:10B7C000BDEEC00A10EE100A6083608B000AB070F4
:10B7D000A07EF070DDE0012D0FD1B4F9040000EE81
:10B7E000100A4846F8EEC00AB0EE480AFAF776FAB0
:10B7F000BDEEC00A10EE100A6083608B000A307143
:10B80000A07E7071C5E0012D0FD1B4F9040000EEE7
:10B81000100A4846F8EEC00AB0EE480AFAF75EFA97
:10B82000BDEEC00A10EE100A6083608B000AB07192
:10B83000A07EF071ADE0012D0FD1B4F9040000EE4F
:10B84000100A4846F8EEC00AB0EE480AFAF746FA7F
:10B85000BDEEC00A10EE100A6083608B000A3870DB
:10B86000A07E787095E0012D0FD1B4F9040000EEB0
:10B87000100A4846F8EEC00AB0EE480AFAF72EFA67
:10B88000BDEEC00A10EE100A6083608B000AB8702B
:10B89000A07EF8707DE0012D0FD1B4F9040000EE18
:10B8A000100A4846F8EEC00AB0EE480AFAF716FA4F
:10B8B000BDEEC00A10EE100A6083608B000A38717A
:10B8C000A07E787165E0012D0FD1B4F9040000EE7F
:10B8D000100A4846F8EEC00AB0EE480AFAF7FEF938
:10B8E000BDEEC00A10EE100A6083608B000AB871CA
:10B8F000A07EF8714DE0012D0FD1B4F9040000EEE7
:10B90000100A4846F8EEC00AB0EE480AFAF7E6F91F
:10B91000BDEEC00A10EE100A6083608B000A88F842
:10B920000000A07E88F8010033E0012D0FD1B4F9AA
:10B93000040000EE100A4846F8EEC00AB0EE480ACD
:10B94000FAF7CCF9BDEEC00A10EE100A6083608BE6
:10B95000000A88F80200A07E88F8030019E0FFE7DB
:10B96000012D0FD1B4F9040000EE100A4846F8EE9C
:10B97000C00AB0EE480AFAF7B1F9BDEEC00A10EEFF
:10B98000100A6083608B000A88F80400A07E88F8A3
:10B9900005006F48824527D120886E4EA0F2012015
:10B9A0006D4FDFF8B8810B281ED2DFE800F00621CA
:10B9B0003951698199B1D9F5F300012D0FD1B4F94D
:10B9C000040000EE100A4846F8EEC00AB0EE480A3D
:10B9D000FAF784F9BDEEC00A10EE100A6083608B9E
:10B9E000000A3070A07E7070BDEC028BBDE8F0875D
:10B9F000012D0FD1B4F9040000EE100A4846F8EE0C
:10BA0000C00AB0EE480AFAF769F9BDEEC00A10EEB6
:10BA1000100A6083608B000AB070A07EF070E3E7CC
:10BA2000012D0FD1B4F9040000EE100A4846F8EEDB
:10BA3000C00AB0EE480AFAF751F9BDEEC00A10EE9E
:10BA4000100A6083608B000A3071A07E7071CBE7B2
:10BA5000012D0FD1B4F9040000EE100A4846F8EEAB
:10BA6000C00AB0EE480AFAF739F9BDEEC00A10EE86
:10BA7000100A6083608B000AB071A07EF071B3E79A
:10BA8000012D0FD1B4F9040000EE100A4846F8EE7B
:10BA9000C00AB0EE480AFAF721F9BDEEC00A10EE6E
:10BAA000100A6083608B000A3870A07E78709BE774
:10BAB000012D0FD1B4F9040000EE100A4846F8EE4B
:10BAC000C00AB0EE480AFAF709F9BDEEC00A10EE56
:10BAD000100A6083608B000AB870A07EF87083E75C
:10BAE000012D0FD1B4F9040000EE100A4846F8EE1B
:10BAF000C00AB0EE480AFAF7F1F8BDEEC00A10EE3F
:10BB0000100A6083608B000A3871A07E78716BE741
:10BB1000012D0FD1B4F9040000EE100A4846F8EEEA
:10BB2000C00AB0EE480AFAF7D9F8BDEEC00A10EE26
:10BB3000100A6083608B000AB871A07EF87153E729
:10BB4000EC0C0020D8030020D0030020E0030020EC
:10BB5000140D0020F0030020E8030020F80300206B
:10BB6000012D0FD1B4F9040000EE100A4846F8EE9A
:10BB7000C00AB0EE480AFAF7B1F8BDEEC00A10EEFE
:10BB8000100A6083608B000A88F80000A07E88F8A5
:10BB9000010029E71AE0FFE7012D0FD1B4F90400F5
:10BBA00000EE100A4846F8EEC00AB0EE480AFAF76E
:10BBB00095F8BDEEC00A10EE100A6083608B000A93
:10BBC00088F80200A07E88F803000DE7012D0FD150
:10BBD000B4F9040000EE100A4846F8EEC00AB0EED0
:10BBE000480AFAF77BF8BDEEC00A10EE100A60832F
:10BBF000608B000A88F80400A07E88F80500F3E650
:10BC000070B52DED0C8B9FED918B9FED92ABB0EE4F
:10BC10004A0AF0EE6A0AFEF74FFD904CB0EE409AE9
:10BC2000F0EE609A94ED040AD4ED050A9FED8CCAFB
:10BC300000EE8C0A10EE100A02F024FD53EC192BD2
:10BC400002F02AFA41EC190BB0EE4A0AF0EE6A0A49
:10BC5000FDF79AFE94ED03DAD4ED05BAB0EE40AAF2
:10BC6000F0EE60AADFED7FCAB0EE4D0A0BEEEC0AF3
:10BC700010EE100A02F006FD53EC1A2B02F00CFA3B
:10BC800053EC192B01F0F4FE53EC182B02F004FADC
:10BC900002F03EF9A0849FED74BA2BEE8B0ADFED23
:10BCA00073BA00EE6BDA1DEE100A02F0EBFC41EC09
:10BCB000100B9FED6FABB0EE4A1AF0EE6A1AFDF76B
:10BCC000D3FEF0EE609AD4ED050AB0EE409A94ED02
:10BCD000040A60EE8B0A00EEEB0A10EE100A02F086
:10BCE000D1FC41EC100BB0EE4A1AF0EE6A1AFDF7E7
:10BCF000BBFEB0EE401AF0EE601A53EC192B51EC7B
:10BD0000110B01F0B5FE41EC100BFEF739FD5A4D59
:10BD1000B0EE409AF0EE609A95F9000002F055F905
:10BD200053EC192B02F0B8F953EC182B02F0B4F9CC
:10BD300002F0EEF8E084D4ED050A94ED030A60EE1B
:10BD40008B0A00EEAB0A10EE100A02F09BFC41ECED
:10BD5000100BB0EE4A1AF0EE6A1AFDF785FEF0EE0F
:10BD6000609AD4ED050AB0EE409A94ED040A60EEB4
:10BD70008B0A00EEEB0A10EE100A02F083FC41EC95
:10BD8000100BB0EE4A1AF0EE6A1AFDF76DFE53EC96
:10BD9000192B51EC100B01F06BFE41EC100BFEF770
:10BDA000EFFCB0EE409AF0EE609A95F9010002F0D7
:10BDB0000CF953EC192B02F06FF953EC182B02F02D
:10BDC0006BF902F0A5F820859FED2CABB0EE4A0A86
:10BDD000F0EE6A0AFEF770FCB0EE409AF0EE609A60
:10BDE00094ED040AD4ED050A00EE8C0A10EE100A58
:10BDF00002F048FC53EC192B02F04EF941EC190B00
:10BE0000B0EE4A0AF0EE6A0AFDF7BEFDB0EE40AAB7
:10BE1000F0EE60AA94ED030AD4ED050A00EEEC0AF8
:10BE200010EE100A02F02EFC53EC1A2B02F034F93B
:10BE300053EC192B01F01CFE53EC182B02F02CF9DB
:10BE400002F066F86085BDEC0C8B70BD000000A0B0
:10BE500024492040000000807CD902405421002069
:10BE6000717D1B43146E444300007042F704353F5C
:10BE700000000000000000407004002000000040AE
:10BE8000FB21E93F10B500F083FF002010BD7FB516
:10BE900004460D466169B4F90800002910D0A16973
:10BEA00071B1FFF742FCD4E90521CDE901210090F1
:10BEB000D4E900102B46226901F09AFB039010E0B0
:10BEC000FFF733FC03A9CDE90001208A2B4682B29B
:10BED000D4E9001001F05AFB012802D0002004B080
:10BEE00070BD0398FBE700002DE9F04104460F46C2
:10BEF000174EF5683068001D00F004FD38B9306851
:10BF000090F82C1001208840316981433161601C18
:10BF100007D137B13168BDE8F041091D0D4800F087
:10BF200041BD2C4430684460AC4206D23168B06BED
:10BF3000091DBDE8F04100F01DBD3168706B091DA1
:10BF400000F018FDB06A844200D2B462BDE8F0810E
:10BF5000C4050020CC3E002070B5044600F02EFD44
:10BF60001C4DA868401CA860286810B1686938B1E9
:10BF70000CE02C60A868012808D100F089F905E0E0
:10BF80002868E16AC06A884200D82C60686A401C50
:10BF90006862E06A01212A698140114329610E49E2
:10BFA00000EB800001EB8000211D00F0FBFC00F0A5
:10BFB00025FD686900280CD02868E16AC06A8842BB
:10BFC00007D206494FF080500860BFF34F8FBFF390
:10BFD0006F8F70BDC4050020F03D002004ED00E02F
:10BFE00038B500F0EBFC104C2068C8B90F4800F0E1
:10BFF000B3FC0E48143000F0AFFC0C48E060143085
:10C0000020610A4B0020C03B009003F148020C2144
:10C010000A2001F051F8206010B105A100F072FD76
:10C02000BDE8384000F0EABC00060020A03F002038
:10C03000546D72510000000070B50C4D0C4E11E0B3
:10C0400000F0BCFCF068C468201D00F05BFCA86830
:10C05000401EA8606868401E686000F0CFFC204663
:10C0600000F053F868680028EAD170BDC4050020CC
:10C07000B83E002030B40B46026C002A0CD0C168D8
:10C080001144C1608468A14201D30168C160C168E4
:10C0900030BC1846F4F7DFB930BC70472DE9F041E9
:10C0A000044617460026A56B226C002A10D0C7B1A3
:10C0B000E068F4F7D0F9E168206C091AE1602268C1
:10C0C000914202D2A168081AE060022F16D017E050
:10C0D0002068A8B9A06801F035FB06460020A060E2
:10C0E0000EE06068F4F7B7F9216C6068084460609E
:10C0F000A168884204D32068606001E005B16D1E2C
:10C100006D1CA5633046BDE8F08110B5044694F877
:10C11000510000280BD0012811D0022814D0502043
:10C1200080F31188BFF34F8FBFF36F8FFEE7206B53
:10C1300000F07AFC2046BDE8104000F075BC2046B7
:10C14000BDE8104000F070BC10BD00000749CA688F
:10C150001168002904D00021016019B10020704746
:10C160000121F9E7D0680068704700000006002050
:10C170004FF4F0410F48420706D0C01D20F00700E1
:10C180000C49411AC1F5F0410B4A1060002353607D
:10C190000144083921F00701183A11604B600B6027
:10C1A0000B1A436001604068906050604FF000409F
:10C1B00050617047C83F00202C060020074E4FF00A
:10C1C0008054074DFFF738FF30680128FAD92C60FA
:10C1D000BFF34F8FBFF36F8FF4E70000F03D0020F7
:10C1E00004ED00E003460098002905D00260C36317
:10C1F0000164012100F096BF0060F8E72DE9F047E7
:10C200008246DDE908580A9C9946521E206B00EBD5
:10C21000820020F00706700707D0502080F31188B5
:10C22000BFF34F8FBFF36F8FFEE7002761B1002090
:10C2300023180A5C83F834200A5C12B1401C1028D1
:10C24000F6D384F8437001E084F83470072D00D3EE
:10C250000625E5626564A764201D00F088FB04F1F3
:10C26000180000F084FB2461C5F10700A06164623E
:10C27000E76484F850704A465146304600F0A0FA10
:10C280002060B8F1000F01D0C8F80040BDE8F08789
:10C2900070B50024124D04EB840005EB800000F023
:10C2A0005BFB641C072CF6D30D488C3000F054FB6C
:10C2B0000B48A03000F050FB0948B43000F04CFBB4
:10C2C0000748C83000F048FB0548DC3000F044FB6C
:10C2D000034904488C3141631431816370BD00000F
:10C2E000F03D0020C405002030B5134900E01146A0
:10C2F0000A688242FBD34B685C18844203D14068D1
:10C300001844486008460D6844682318AB420DD1B4
:10C31000094B183B1B689A4206D05268224442607F
:10C320000A681268026002E0036000E00260814275
:10C3300000D0086030BD00002C06002070B500243D
:10C34000416000610C4D91420AD8D11A8269914234
:10C3500001D301240EE0011D286900F00BFB09E068
:10C360009A4203D2994201D3012403E0011DE868F7
:10C3700000F000FB204670BD0006002010B504460A
:10C3800000F01CFBA06B20B1002400F037FB20461E
:10C3900010BD0124F9E710B5044600F00FFBA06BB7
:10C3A000E16B884201D1012400E0002400F026FB6B
:10C3B000204610BDF8B505460E461748C068C0684F
:10C3C000C468201D00F09EFA94F82400410718D597
:10C3D000A0692B46411932462046FFF7AFFFA0B1B6
:10C3E00000200346014600902A46204601F0CEFA7E
:10C3F00058B9502080F31188BFF34F8FBFF36F8F70
:10C40000FEE720F0010084F82400216A01B02046F4
:10C41000BDE8F040084700000006002030B585B0B8
:10C42000394D67E00298002864DB049C606910B114
:10C43000201D00F067FA01A800F0B0F8024602984B
:10C440000A2857D2DFE800F00505052D334A050517
:10C450002D3394F8240040F0010084F82400039860
:10C46000A169034601442046FFF768FF68B3216ACB
:10C470002046884794F8240040073BD500200090D0
:10C480000398A169002342181946204601F07EFA5C
:10C49000D8B9502080F31188BFF34F8FBFF36F8F4F
:10C4A000FEE714F8240F20F00100207022E094F839
:10C4B000240040F0010084F824000398A06128B112
:10C4C000811813462046FFF739FF13E0502080F310
:10C4D0001188BFF34F8FBFF36F8FFEE794F82400EE
:10C4E000810703D4204600F09FFA03E020F001000A
:10C4F00084F82400002202A9286800F06BFF0028BD
:10C5000090D105B030BD000000060020F8B5064609
:10C510000D4600F085FC684600F040F8044600989F
:10C5200010B101F099F9F8BD45B9A64206D801F05D
:10C5300093F921463046FFF73DFFF8BD0C481DB189
:10C540000169096891B10025311B2A46006800F095
:10C55000EBFA01F081F90028EFD106494FF0805045
:10C560000860BFF34F8FBFF36F8FF8BD0125EBE776
:10C570000006002004ED00E00748416B096800292F
:10C5800005D0416BC968C9684968816270474FF03E
:10C59000FF31816270470000C405002070B5054678
:10C5A00001F062F80446074EB068844204D200F0FD
:10C5B0000BF80120286001E000202860B4602046CC
:10C5C00070BD000000060020F8B51A4E20E0C068DB
:10C5D0000568C468201D00F095F9216A2046884747
:10C5E00094F82400400713D5A0692844A84206D92E
:10C5F00060602461211DF06800F0BCF908E00020B3
:10C600000346014600902A46204601F0BFF940B19A
:10C61000F06801680029DAD1F0683169F1603061B1
:10C62000F8BD502080F31188BFF34F8FBFF36F8F99
:10C63000FEE700000006002009484068401C07D0C3
:10C64000502080F31188BFF34F8FBFF36F8FFEE749
:10C65000502080F31188BFF34F8FBFF36F8FFEE739
:10C660003406002008B56846FFF770FD0099FFF713
:10C670004DFFFFF7D3FEF6E72DE9F041044600F049
:10C680009DF994F9455004F1240609E0606A48B127
:10C69000304601F0A3F808B100F03CFB6D1E6DB20E
:10C6A000002DF3DC4FF0FF3684F8456000F0A6F96A
:10C6B00000F084F994F9445004F1100709E020696E
:10C6C00048B1384601F08AF808B100F023FB6D1E2E
:10C6D0006DB2002DF3DC84F84460BDE8F04100F059
:10C6E0008DB900002DE9F0410546002600F098FBC9
:10C6F000324F386808B9FFF73BFD786905424DD1E4
:10C700008DB1083568070ED005F00700C0F10800AC
:10C710000544680707D0502080F31188BFF34F8F7E
:10C72000BFF36F8FFEE7CDB37868854236D82349D3
:10C7300018310846046801E0214604466068A842B2
:10C7400002D220680028F7D13868844226D00E68CB
:10C750000836206808606068411B10290ED96019EE
:10C76000420707D0502080F31188BFF34F8FBFF3EB
:10C770006F8FFEE741606560FFF7B6FD616878681E
:10C78000401A7860BA68904200D2B8607869014374
:10C79000616000202060F868401CF86001F05CF8DF
:10C7A000700707D0502080F31188BFF34F8FBFF37D
:10C7B0006F8FFEE73046BDE8F081000014060020D0
:10C7C00024384FF08073036221F00101C1610449F4
:10C7D000816142606FF0020140F82019704700004B
:10C7E00039C6000810B5044684ED000AC4ED010AFC
:10C7F00030EE601A84ED021AD4ED031A70EEE10AED
:10C80000C4ED040AD4ED060A30EE600A84ED050A90
:10C81000D4ED070A60EE810AC4ED0B0AD4ED0C0AD0
:10C8200094ED082A42EE010AC4ED0C0A71EE610A89
:10C8300094ED091A60EE810AC4ED0D0AD4ED0A0ADE
:10C8400020EE800A84ED0E0A94ED120A04F1300005
:10C85000FEF738FC94ED0B0AD4ED0C0A30EE200AFA
:10C86000D4ED0D0A30EE200AD4ED0E0A30EE200A87
:10C8700084ED0F0A94ED100A04F13C00FEF722FC4F
:10C8800094ED020A84ED030A94ED000A84ED060A91
:10C8900094ED0F0A10BD00B52DED048B83B041EC73
:10C8A000190B01F039FD41EC180B18EE100A18EEC7
:10C8B000901A8DED008B002818BF0120084320F04E
:10C8C0000040C0F17F6000F1E040C00F14D019EECD
:10C8D000101A19EE900A8DED009B002918BF012156
:10C8E000084320F00040C0F17F6000F1E040C00F3D
:10C8F00004BF0120F3F777FE51EC180B03B0BDEC39
:10C90000048B00BD0169D0E901329A60D0E90123AE
:10C910005A604A68824201D182684A6000220261FC
:10C920000868401E0860086870470000034B0360F9
:10C9300003F1540008608020106070474406002016
:10C94000044B036003F1540008604FF480701060E2
:10C95000704700009808002000F1080141604FF086
:10C96000FF328260C16001610021016070470021D7
:10C970000161704730B50C68621C02D000F10802FA
:10C9800002E0026904E01A4653681D68A542FAD91C
:10C9900053684B6099608A60516008610168491C66
:10C9A000016030BD42684A6093688B60936859604B
:10C9B000916008610168491C01607047502080F354
:10C9C0001188BFF34F8FBFF36F8F0A494868401C2F
:10C9D000486001280CD10848006810F0FF0F07D00C
:10C9E000502080F31188BFF34F8FBFF36F8FFEE7A6
:10C9F000704700003406002004ED00E00949486853
:10CA0000002806D0401E4860002801D180F311881C
:10CA10007047502080F31188BFF34F8FBFF36F8FA3
:10CA2000FEE700003406002070B500282AD0083840
:10CA30000446154D60686969084207D1502080F3AB
:10CA40001188BFF34F8FBFF36F8FFEE722683AB1B3
:10CA5000502080F31188BFF34F8FBFF36F8FFEE735
:10CA60008843606000F0DCF96068696808446860C9
:10CA70002046FFF739FC2869401C2861BDE870405A
:10CA800000F0EABE70BD0000140600204FF0E02068
:10CA900000210161816105494FF47A720968B1FB97
:10CAA000F2F1491E41610721016170472405002010
:10CAB00010B5F3F735FC114910280ED300F1E02032
:10CAC00090F8F0030A78904207D2502080F3118842
:10CAD000BFF34F8FBFF36F8FFEE709480068896887
:10CAE00000F4E060884207D9502080F31188BFF33A
:10CAF0004F8FBFF36F8FFEE710BD0000340600209C
:10CB00000CED00E010B50022064B53F832401CB18A
:10CB1000521C082AF9D310BD43F8321003EBC201AE
:10CB2000486010BDB03D002070B504460D46164665
:10CB3000FFF744FF94F944304FF000005B1C01D133
:10CB400084F8440094F94510491C01D184F845004B
:10CB5000FFF754FFA06B28B93246294604F12400A0
:10CB600000F0F8F82046BDE87040FFF785BD0000F2
:10CB700010B502460020002A12D00F48006B38B1D1
:10CB8000502080F31188BFF34F8FBFF36F8FFEE704
:10CB900000F046F900211046FFF7A6F900F05CFE10
:10CBA000002807D105494FF080500860BFF34F8F30
:10CBB000BFF36F8F10BD0000C405002004ED00E03E
:10CBC00070B505460E460023002D0BD096B1204AC5
:10CBD000106BB8B1502080F31188BFF34F8FBFF3B3
:10CBE0006F8FFEE7502080F31188BFF34F8FBFF3A4
:10CBF0006F8FFEE7502080F31188BFF34F8FBFF394
:10CC00006F8FFEE700F00CF9D2682C68A1199442EE
:10CC100005D98C4208D9914206D9012304E08C42FF
:10CC200001D8914200D9012329601BB1881A002143
:10CC3000FFF75AF900F010FE002807D105494FF020
:10CC400080500860BFF34F8FBFF36F8F70BD00003F
:10CC5000C405002004ED00E070B50446FFF7AEFE09
:10CC6000254D04B92C68201DFFF74CFE58B9E06A29
:10CC7000224A00EB800152F8211021B901218140A4
:10CC8000286988432861A06A18B104F11800FFF7E9
:10CC900039FE686A401C68622868844208D11748D7
:10CCA000211DC830FFF77EFE6868401C686007E001
:10CCB000A868401EA8602046FFF727FAFFF75CFC33
:10CCC000FFF79CFE6869002814D02868844211D1BF
:10CCD000286B38B1502080F31188BFF34F8FBFF31A
:10CCE0006F8FFEE706494FF080500860BFF34F8F0B
:10CCF000BFF36F8F70BD0000C4050020F03D002021
:10CD000004ED00E002490A6A0260C96841607047A8
:10CD1000C405002001490120C8617047C4050020F6
:10CD200010B50C4600280AD0094909681831FFF7E8
:10CD300021FE2046BDE810400121FFF7D5B8502064
:10CD400080F31188BFF34F8FBFF36F8FFEE70000B2
:10CD5000C405002070B50D46144600280DD00B49BF
:10CD600009681831FFF71EFE0CB14FF0FF35214660
:10CD70002846BDE87040FFF7B7B8502080F311880F
:10CD8000BFF34F8FBFF36F8FFEE70000C405002095
:10CD900030B587B000250695059504AA05A906A813
:10CDA000FFF7C4FDDDE90510CDE900510290002335
:10CDB00017A11948049A00F01BFC184CE06208B156
:10CDC000012000E00020012801D100F0ABFD012886
:10CDD00009D0401C19D1502080F31188BFF34F8F28
:10CDE000BFF36F8FFEE7502080F31188BFF34F8FA2
:10CDF000BFF36F8F4FF0FF30A06201206061E560EC
:10CE000007B0BDE8304000F0BBB807B030BD00004F
:10CE100049444C4500000000BDC10008C405002085
:10CE20000248016B491C016370470000C4050020E3
:10CE3000154A106B002802D00120D06170470020F5
:10CE4000D0611069B0FA80F0C0F11F000F4900EB0B
:10CE5000800051F8203073B101EB800041684968CF
:10CE6000416000F10803994201D14968416040687E
:10CE7000C06810607047502080F31188BFF34F8F57
:10CE8000BFF36F8FFEE70000C4050020F03D0020D7
:10CE900010B52DED068BDFED370A20EE200ADFED11
:10CEA000360A80EE208A18EE100A01F0EBFB41EC06
:10CEB000100BFDF701FC314CB0EE409AF0EE609A99
:10CEC000606801F0DFFB53EC192B01F0E5F841EC51
:10CED000190B18EE100A01F0D5FB41EC100BFCF712
:10CEE00053FDB0EE40AAF0EE60AA206801F0CAFB44
:10CEF00053EC1A2B01F0D0F853EC192B01F0D8FAAF
:10CF000000F084FDE06018EE100A01F0BBFB41EC7C
:10CF1000100BFCF739FDB0EE409AF0EE609A6068B5
:10CF200001F0B0FB53EC192B01F0B6F841EC190BF2
:10CF300018EE100A01F0A6FB41EC100BFDF7BCFB4C
:10CF4000B0EE408AF0EE608A206801F09BFB53EC63
:10CF5000182B01F0A1F853EC192B00F089FD00F01B
:10CF600055FD206194ED020A84ED050ABDEC068BA7
:10CF700010BD0000DA0F4940000034435421002066
:10CF80001CB537480168374A914207D1502080F3D9
:10CF90001188BFF34F8FBFF36F8FFEE700683149F1
:10CFA000491E884207D1502080F31188BFF34F8F6C
:10CFB000BFF36F8FFEE72C4908780190FF200870BF
:10CFC000087800909DF800009DF8002000F0F00027
:10CFD000904207D0502080F31188BFF34F8FBFF3EA
:10CFE0006F8FFEE79DF80000204C00F0500020708D
:10CFF0000720A06006E0A068401EA0609DF8000029
:10D00000400000909DF800000006F4D4A0680328BA
:10D0100007D0502080F31188BFF34F8FBFF36F8F7D
:10D02000FEE74FF44070A060019808700C48203073
:10D03000016841F470010160016841F070410160D4
:10D04000FFF724FD00206060F3F732F9084801681B
:10D0500041F040410160F3F717F900201CBD0000CA
:10D0600000ED00E071C20F4100E400E03406002052
:10D0700034EF00E0F8B505460E461746002D13D0F4
:10D0800005FB06F04830FFF72DFB044654B122465D
:10D090004832002084F846003B463146284600943A
:10D0A000FFF7A0F82046F8BD502080F31188BFF3A9
:10D0B0004F8FBFF36F8FFEE738B5049D002804D073
:10D0C0005BB102B189B1C2B120E0502080F3118878
:10D0D000BFF34F8FBFF36F8FFEE7502080F31188AF
:10D0E000BFF34F8FBFF36F8FFEE7502080F311889F
:10D0F000BFF34F8FBFF36F8FFEE739B1502080F33E
:10D100001188BFF34F8FBFF36F8FFEE74824009461
:10D110001C46012384F846302B460094FFF762F842
:10D12000204638BD70B504460D46002C25D0FFF7CB
:10D1300045FCD4E90F20216802FB0011A160002109
:10D14000A16321686160E06B2268216C401E00FBD6
:10D150000121E1604FF0FF3084F8440084F845007D
:10D1600004F110008DB1FFF7F7FB04F12400FFF785
:10D17000F3FBFFF743FC012070BD502080F31188C2
:10D18000BFF34F8FBFF36F8FFEE721690029F0D007
:10D1900000F024FB0028ECD004494FF080500860D8
:10D1A000BFF34F8FBFF36F8FE3E7000004ED00E0A4
:10D1B0002DE9FF4782B004468A461E460025002C12
:10D1C00003D0BAF1000F08D011E0502080F311888D
:10D1D000BFF34F8FBFF36F8FFEE7206C38B1502045
:10D1E00080F31188BFF34F8FBFF36F8FFEE7022EDE
:10D1F0000AD1E06B012807D0502080F31188BFF3DB
:10D200004F8FBFF36F8FFEE700F020FA48B9049804
:10D2100038B1502080F31188BFF34F8FBFF36F8F69
:10D22000FEE74FF000094FF08057DFF8E480FFF78A
:10D23000C5FBA06BE16B884205D3022E03D0049896
:10D2400008B325B327E0324651462046FEF726FFB5
:10D25000616A59B104F1240000F0C0FA68B1C8F85D
:10D260000070BFF34F8FBFF36F8F06E028B1C8F88F
:10D270000070BFF34F8FBFF36F8FFFF7BFFB01202D
:10D2800006B0BDE8F087FFF7B9FB0020F8E7684675
:10D29000FFF738FD0125FFF7B1FBFFF7C1FDFFF7F1
:10D2A0008DFB94F94400401C01D184F8449094F91A
:10D2B0004500401C01D184F84590FFF79FFB04A96D
:10D2C000684600F025F930B12046FFF7D5F900F0A7
:10D2D000C3FA0020D4E72046FFF75DF890B104F1CF
:10D2E00010000499FFF71CFD2046FFF7C5F900F078
:10D2F000B3FA00289BD1C8F80070BFF34F8FBFF37B
:10D300006F8F94E72046FFF7B7F900F0A5FA8EE794
:10D3100004ED00E02DE9F0470446894690461F469B
:10D32000002C03D0B9F1000F08D011E0502080F399
:10D330001188BFF34F8FBFF36F8FFEE7206C38B1BA
:10D34000502080F31188BFF34F8FBFF36F8FFEE73C
:10D35000022F0AD1E06B012807D0502080F31188FA
:10D36000BFF34F8FBFF36F8FFEE7FFF7A1FB502096
:10D37000EFF3118680F31188BFF34F8FBFF36F8FE8
:10D38000A06BE16B884206D3022F04D0002086F305
:10D390001188BDE8F08794F94550A06B3A4649469C
:10D3A0002046FEF77BFE681C04D06D1C84F84550B7
:10D3B0000120ECE7606A0028FAD004F1240000F0B4
:10D3C0000DFA0028F4D0B8F1000FF1D00120C8F810
:10D3D0000000EDE72DE9F74783B004468A460026B2
:10D3E000002C03D0BAF1000F08D011E0502080F3D8
:10D3F0001188BFF34F8FBFF36F8FFEE7206C38B1FA
:10D40000502080F31188BFF34F8FBFF36F8FFEE77B
:10D4100000F01CF948B9059838B1502080F3118804
:10D42000BFF34F8FBFF36F8FFEE700274FF0805899
:10D43000DFF8D890FFF7C2FAA56BC5B15146204678
:10D44000FEF718FE6D1EA563206950B104F11000AF
:10D4500000F0C4F928B1C9F80080BFF34F8FBFF3C3
:10D460006F8FFFF7CBFA012006B0BDE8F087059873
:10D4700008B126B107E0FFF7C1FA0020F4E701A8E0
:10D48000FFF740FC0126FFF7B9FAFFF7C9FCFFF7E9
:10D4900095FA94F94400401C01D184F8447094F941
:10D4A0004500401C01D184F84570FFF7A7FA05A993
:10D4B00001A800F02DF858B12046FFF7DDF800F084
:10D4C000CBF92046FEF75AFF0028B3D00020CBE767
:10D4D0002046FEF753FF90B104F124000599FFF7B1
:10D4E0001FFC2046FFF7C8F800F0B6F90028A1D1CC
:10D4F000C9F80080BFF34F8FBFF36F8F9AE72046C4
:10D50000FFF7BAF800F0A8F994E7000004ED00E096
:10D510002DE9F04105460C46002D11D0C4B1FFF7AE
:10D520004DFA194EF0686B68C11A2268571C17D063
:10D530002F68366AB74215D0834213D801241DE004
:10D54000502080F31188BFF34F8FBFF36F8FFEE73A
:10D55000502080F31188BFF34F8FBFF36F8FFEE72A
:10D5600000240BE08A4206D9501A20602846FFF7B3
:10D57000C9FB002402E0002020600124FFF73EFAEE
:10D580002046BDE8F0810000C40500202DE9FF5FC2
:10D590008146DDE90E788A4616469B46B000FFF7C5
:10D5A000A1F8054628000AD05420FFF79BF804464E
:10D5B0000CB1256304E02846FFF736FA00E00024AA
:10D5C0009CB1002084F85100CDE90240CDE90078FB
:10D5D0005B46324651464846FEF710FE2046FEF7AF
:10D5E000BBFC012004B0BDE8F09F4FF0FF30F9E72D
:10D5F000F0B585B00746DDE90A600C9C002815D01F
:10D60000E4B1542503952063022084F851000020E2
:10D6100004ADCDE90240CDE900653846FEF7EEFDE8
:10D620002046FEF799FC049805B0F0BD502080F329
:10D630001188BFF34F8FBFF36F8FFEE7502080F349
:10D640001188BFF34F8FBFF36F8FFEE70548416925
:10D65000002903D0006B18B10020704701207047EB
:10D6600002207047C40500200148C06870470000D0
:10D67000C40500202DE9F0410026304F386B00280A
:10D6800005D0B869401CB8613046BDE8F081FD683E
:10D690006D1CFD609DB9786B006838B1502080F337
:10D6A0001188BFF34F8FBFF36F8FFEE7786BB96BB5
:10D6B0007963B863386A401C3862FEF75DFFB86A68
:10D6C000DFF87C8085420DD3786B006838B1786BC9
:10D6D000C068C4686068854212D2B86202E04FF048
:10D6E000FF30B8623868C06A00EB800058F820004C
:10D6F000012800D90126F8690028C5D00126C3E712
:10D70000201DFFF7FFF8A06A18B104F11800FFF719
:10D71000F9F8E06A01213A6981401143396100EB6F
:10D72000800008EB8000211DFFF73CF9E06A3968B2
:10D73000C96A8842C8D30126C6E70000C405002094
:10D74000F03D002070B504460020002C41D0214D52
:10D7500029688C4207D0502080F31188BFF34F8F87
:10D76000BFF36F8FFEE7A16C71B1491EA164636CBA
:10D77000E26A9A422DD000292BD1201DFFF7C2F872
:10D78000154A012140B112E0502080F31188BFF307
:10D790004F8FBFF36F8FFEE7E06A00EB800352F814
:10D7A000233023B901FA00F3286998432861606C9B
:10D7B000E062C0F10700A061E06A2B698140194373
:10D7C000296100EB800002EB8000211DFFF7EAF8E1
:10D7D000012070BDC4050020F03D00202DE9F0417E
:10D7E000C068C468002C15D004F118000746FFF784
:10D7F00089F8174D2A6B0126A2B139461548FFF763
:10D80000D1F8E06A2968C96A88421ED90120EE6110
:10D81000BDE8F081502080F31188BFF34F8FBFF334
:10D820006F8FFEE7201DFFF76DF8E06A2A6906FAA0
:10D8300000F111432961074900EB8000B43901EB85
:10D840008000211DFFF7AEF8DBE70020E0E70000D5
:10D85000C4050020A43E00202DE9F041002400274B
:10D860002D4D286B002807D0FFF7A8F8286B401E25
:10D870002863286B40B14AE0502080F31188BFF341
:10D880004F8FBFF36F8FFEE7A868E8B3DFF88C8097
:10D8900001261EE0D8F80C00C46804F11800FFF758
:10D8A00031F8201DFFF72EF8E06A2A6906FA00F128
:10D8B00011432961194900EB8000B43901EB800064
:10D8C000211DFFF76FF8E06A2968C96A884200D312
:10D8D000EE61D8F800000028DCD10CB1FEF74CFE58
:10D8E000AC6944B1FFF7C6FE00B1EE61641E002CC6
:10D8F000F8D10020A861E86930B10127084938074C
:10D900000860BFF34F8F00E001E0BFF36F8FFFF7B8
:10D9100075F83846BDE8F081C4050020A43E00201B
:10D9200004ED00E030B587B00024FEF759FB134D3D
:10D930002868B0B100200690059004AA05A906A8A1
:10D94000FEF7FEFFDDE905100222CDE9002102907D
:10D9500000230BA10C48049AFFF74AFE686000B14F
:10D96000012414B107B0204630BD502080F3118847
:10D97000BFF34F8FBFF36F8FFEE70000000600205C
:10D98000546D72205376630065C60008FEB50646E6
:10D99000089F9C460020002E13D0154D2C68002CAB
:10D9A0000ED0009101920296062919DAFFF74EFE79
:10D9B00002280ED000231A4669462868FFF7F8FBB4
:10D9C000FEBD502080F31188BFF34F8FBFF36F8FE0
:10D9D000FEE700233A4669462868FFF7E9FBFEBDEB
:10D9E0000023624669462046FFF794FCFEBD000016
:10D9F0000006002081F00041704780F00040704731
:10DA000021F00041704720F00040704721F00042B3
:10DA1000A2F16052B2F5801F01F0004328BFD2F19D
:10DA20007F6C0BD95FEA001C43EAC20242EB5070E4
:10DA300018BF704728BF20F001007047B2F5801F63
:10DA4000BCBF184670474FEA410C1CF5001F02D2BC
:10DA5000084600F08DBE70B500F0C8FB00000089DC
:10DA6000FFF7F6BF4FF00040A0F5800070470000C0
:10DA700010B591EA030F48BF83F0004300F1208501
:10DA8000841A71EB030C05D2121943EB0C03001B33
:10DA900061EB0C01DFF824E14FEA1154A4EB135CB5
:10DAA0001EEA430F18BF9EEA445F73D023EA0E03B9
:10DAB000DCF1200E21EA045143F4801332D322FA20
:10DAC0000CFE10EB0E0023FA0CFE41EB0E01CCF124
:10DAD000200E03FA0EFE10EB0E0051F10001B1F51D
:10DAE000801FCCF1200E32D201EB045112FA0EF25B
:10DAF000BDE8104058BF7047401C38BF5FEA420283
:10DB000018BF7047002814BF20F0010041F1000148
:10DB10004FEA410313F5001F38BF7047A1F1C04120
:10DB200000F0B2BB012A43EB0302ACF1200CDCF1A4
:10DB30001F0E32BF4FF0000E23FA0CF310EB030060
:10DB400041EB0451B4EB115FD0D0A1EB045101F5CE
:10DB5000801149085FEA300001EB04510ED350F107
:10DB6000000038BF12FA0EFE08D1BDE81040C9E728
:10DB7000401C38BF5FEA4202CAD1C3E7BDE810408B
:10DB80004FEA410313F5001F38BF7047A1F1C041B0
:10DB900000F07ABB9EEA445F08D011EA5E0FBDE850
:10DBA000104004BF01F0004100207047BDE8104064
:10DBB00070B500F01BFB00BF64FBBE3E0000E0FF41
:10DBC00002494FF0000000F0D8BD00BF0000F87F10
:10DBD000491058BFC1F140415B1058BFC3F14043E9
:10DBE0008B42EFF3008070472DE9C04130B4DFF87D
:10DBF000A0C23CEA111418BF3CEA131400F0EC80F8
:10DC000081EA03051CEA111444EAD57418BF1CEA22
:10DC1000131500F0C780A4EB05044FF0004545EA5A
:10DC2000C12145EAC32341EA505143EA525304F16A
:10DC30007F74994204F500344FEAC0204FEAC222B3
:10DC400008BF904200F09C804FEA13650FF2401627
:10DC5000765D4FEA134506FB05F7C7F1807706FBB3
:10DC600007F74FEAD737A7FB03687642C8F5803835
:10DC7000A7FB06CE38BFA8F1010807FB08E64FF066
:10DC8000000EA6FB028CE6FB03CEDCF1000CCEF10D
:10DC9000004E38BFAEF1010EA6FB0C584FF0000746
:10DCA0004FF00005E6FB0E87A1FB08C6A0FB07CEE0
:10DCB00016EB0E0645F10005E1FB076515F1E04E98
:10DCC0007EBFA4F580345FEA46066D4116F18007F9
:10DCD00045F100054FEA17274FEA066647EA056750
:10DCE000A6F1DE46B6F1805F4FEA15251FD938460A
:10DCF00024F0010C05EBC471BCF1FE6F01EB0C11BB
:10DD000002D8F0BCBDE8008124425CBF01F5801E52
:10DD10009EEAC47F02D4F0BCBDE80081244238D41E
:10DD2000F0BCA1F1C041BDE8004100F0ADBA4FEA3E
:10DD3000D22242EA43524FEAD323A7FB02864FEA9C
:10DD4000D02040EA415007FB03661EEA0E0F4FEA5F
:10DD5000D12105FB026658BFA6EB0056B6EB005674
:10DD60004FEA520E4EEAC37E18EB0E0E56EB530EE0
:10DD7000BDD518EB02085E417F1C55F10005B6E7E2
:10DD80004FF480154FF000074FF000064FF00008E9
:10DD9000ADE7F0BC4FF0000001F1C04101F00041DF
:10DDA000BDE8008111EA0C1F0CEA131500D00CE04D
:10DDB00013EA0C1F00F025804FF00000F0BC81EA50
:10DDC000030101F00041BDE80081F0BCBDE8004165
:10DDD00081EA030100F058BAF0BCBDE8004170B51B
:10DDE00000F004FA097EFC3E00F007B881EA030166
:10DDF0004FF0000001F00041704781EA030100F09C
:10DE000043BAF0BCBDE800414FF000002149704723
:10DE1000FFFDFBF9F7F5F4F2F0EEEDEBE9E8E6E4EF
:10DE2000E3E1E0DEDDDBDAD8D7D5D4D3D1D0CFCD76
:10DE3000CCCBCAC8C7C6C5C4C2C1C0BFBEBDBCBBAF
:10DE4000BAB9B8B7B6B5B4B3B2B1B0AFAEADACABAA
:10DE5000AAA9A8A8A7A6A5A4A3A3A2A1A09F9F9E84
:10DE60009D9C9C9B9A999998979796959594939336
:10DE7000929191908F8F8E8E8D8C8C8B8B8A8989CD
:10DE80008888878786858584848383828281818050
:10DE90000000FF070000F87F51EA030C17D41CF5BF
:10DEA000801F58BFBCF5801F00F10680994218BF43
:10DEB000704708BF9042704707D711F5801F58BFC1
:10DEC00013F5801F19D499427047894270471CF599
:10DED000801F08D5BCF5801FF7D58B4218BF70474F
:10DEE00008BF824270474FF4001C1CEB410F38BF43
:10DEF0001CEB430F01D28B42704770B500F076F9EE
:10DF0000922449004FF000514FF08053FFF760BE5C
:10DF10004FEA41034FEA5353A3F58063D3F11E0345
:10DF2000C8BFD3F1210C0CDD4FF0004242EAC12200
:10DF300042EA505232FA03FC8CEAE17CACEBE1702D
:10DF40007047102BC4BF0020704703F5787CBCF1EC
:10DF5000FF3F04D06FF0004282EA2100704770B5A5
:10DF600000F044F94992248000207047F2E7000055
:10DF70004FEA1153A3F58063D3F11E03A8BFD3F179
:10DF8000200C08DB4FF0004242EAC12252EA505214
:10DF900032FA03F0704709420BD4102BC4BF0020A3
:10DFA000704703F5787CBCF1FF3F05D04FF0FF30A0
:10DFB00070474FF00000704770B500F017F900BFD0
:10DFC0004992248000207047F0E710F0004248BFDB
:10DFD0004042B0FA80F310FA03F10AD0C3F11D03F6
:10DFE00003F580634FEA415002EB035202EBD1216B
:10DFF00070474FF000007047B0FA80F310FA03F159
:10E000000AD0C3F11D0303F580634FEA41504FEA84
:10E01000035202EBD12170474FF00000704700001F
:10E0200051EA030C17D41CF5801F58BFBCF5801FA4
:10E0300000F10680994218BF704708BF90427047B0
:10E0400007D711F5801F58BF13F5801F19D49942C7
:10E050007047894270471CF5801F08D5BCF5801FAA
:10E06000F7D58B4218BF704708BF824270474FF404
:10E07000001C1CEB410F38BF1CEB430F01D28B423D
:10E08000704770B500F0B2F8922449004FF000518B
:10E090004FF08053FFF79CBDDFF848C170B51CEA14
:10E0A000111E1EBF1CEA13159EEA0C0F95EA0C0FF9
:10E0B00000F06F8081EA030423EA4C134EEAD47E19
:10E0C00021EA4C1141F4801143F48013AE44A1FBCA
:10E0D000024CA0FB0365AEF17F7E361955EB0C05B3
:10E0E000A1FB034C4CF10003A0FB021C16EB0C0639
:10E0F000654153F10003094218BF46F0010613F4CD
:10E10000007F0BD14FEA03314FEA0530340341EA77
:10E11000155140EA16506FF003020AE04FEAC3219E
:10E120004FEAC520F40241EA555140EA56506FF0DB
:10E13000020202EB2E4201EB025585EACE710AD0B3
:10E140005FEA440C18BF24F0004450F1000041F194
:10E15000000120EAD47040F2FE7C624500D270BD1E
:10E16000A84214BF4FF080444FF04044002E08BF37
:10E170000024BEF1806FA8BFA1F1C041BDE870408E
:10E1800080F282804FF0000001F1C04101F00041B7
:10E1900070479EEA0C0F0CEA131518BF95EA0C0F96
:10E1A00006D04FF0000081EA030E0EF0004170BD72
:10E1B00000F01CF88900013E00F007B800F009B833
:10E1C0004FEA430C5FEA5C5C08D081EA030100F08F
:10E1D0005BB84FEA410C5FEA5C5CF6D14FF000009F
:10E1E000014970470000FF070000F87F0EF1020EA2
:10E1F0002EF0030E5EF8046B364205D4012A43EB81
:10E20000030515F5001F12D8012841EB010C1CF580
:10E21000001F0CD80ED14FEAD17C15F5001F0CEB76
:10E220004C0C0CF1020C08BF4CEBD37C04E04FF01B
:10E23000080C01E04FEAD37C0CEB4C0526FA05F6FE
:10E2400006F00706B6F1040C06D20EEB860CBDE80C
:10E2500070404CF0010C6047DFE80CF0090B020243
:10E260004FF000414FF00000A1F5002170BD1946AC
:10E270001046012851EB010418BFD4F5001484BFE7
:10E28000002001F0004170BD0808A0F500114FEA20
:10E290003101704753EA010C17D41CF5801F58BF99
:10E2A000BCF5801F00F106808B4218BF704708BF85
:10E2B0008242704707D713F5801F58BF11F5801FA2
:10E2C00019D48B4270479B4270471CF5801F08D5BC
:10E2D000BCF5801FF7D5994218BF704708BF904220
:10E2E00070474FF4001C1CEB430F38BF1CEB410F71
:10E2F00001D2994270470FB40CBC03BCFFF7C1BEFA
:10E3000091EA030F10B581F000413FF5B9AB83F0FE
:10E31000004300F0D5B800002DE9F04101F5801C64
:10E32000BCF5001FC0F2A9804FEA115C21EA0C5134
:10E330000CF1FD0C41F480115FEA5C0C0CF5C07C23
:10E3400001D34000494130A4890241EA905187023B
:10E350008E0E0A0CA45D04FB04F602FB06F6C6F161
:10E360004046A4FB0662F60D46EA422606FB06F48A
:10E37000A4FB01235242C3F1404338BF5B1EA6FBFE
:10E3800002420024E6FB0324D20B42EA4446A6FBE9
:10E390000623A1FB02E2A3FB07E4E3FB6142644224
:10E3A000C2F1404E38BFAEF1010EA6FB04234FF080
:10E3B0000002E6FB0E32A2FB03463400E2FB62647D
:10E3C000A1FB06E6A4FB07E8E4FB61687642C8F11E
:10E3D000405838BFA8F10108A2FB06E4A3FB08E5FA
:10E3E000E2FB6854A1FB05E6A7FB04E8E1FB6486B9
:10E3F00018F1200556F10006A809A8F11B08B1097B
:10E4000008F03F08B8F10A0F40EA86601CD901EB1A
:10E410000C51BDE8F08100BFFCF5EEE8E2DDD8D399
:10E42000CFCBC7C3C0BDB9B6B4B1AEACA9A7A5A385
:10E43000A19F9D9B9A9896959392908F8D8C8B8996
:10E440008887868584838281A0FB006800FB01F2B7
:10E4500008EB4208B8EB872807D5341858EB0104BD
:10E46000D5D5401C51F10001D1E7341A78EB0104F5
:10E47000CDD4401E71F10001C9E75FEA4C0C5FEAA0
:10E480009C5C0DD105D34FF0000001F00041BDE8C8
:10E49000F081BDE8F04170B5FFF7A8FE6DDBFFBE6F
:10E4A000BDE8F0414FF00000004970470000F87FE0
:10E4B00010B591EA030F48BF83F000433FF5E0AA8F
:10E4C000841A71EB030C07D212198CF0004C43EB49
:10E4D0000C03001B61EB0C01DFF8A4E14FEA1154BF
:10E4E000A4EB135C1EEA430F18BF9EEA445F00F0E2
:10E4F000B08023EA6E03524221EA0451C3EB6E035B
:10E5000038BF5B1EDCF1200E25D322FA0CFE10EB87
:10E510000E0043FA0CFE41EB0E01CCF1200E03FA83
:10E520000EFE10EB0E0051F10001CCF1200E29D4AB
:10E5300012FA0EF201EB0451BDE8104058BF7047CB
:10E54000401C1CBFB2F1004F704700280CBF491C93
:10E5500020F00100704712EB020E43EB030218BFDC
:10E560004FF0010E4EEA4202ACF1200CDCF11E0E1F
:10E5700054D943FA0CFE10EB0E0051F1FF31CCF1EF
:10E580001E0ED5D50EF1010E12FA0EFE404141EBE2
:10E59000010101EB445C5FEA5C5C10D910EBDE70BA
:10E5A00001EB045138BFBEF1004FBDE8104018BF69
:10E5B000704700280CBF491C20F00100704730D282
:10E5C0004FEAD42C11F5001124F400641BD0B1FAE9
:10E5D00081F20B3AA41AA41ED2F12003914030FA22
:10E5E00003F31943904001EBCC71002C01EB045173
:10E5F000BDE81040A8BF704701F1C0414FF00000D6
:10E6000001F000417047B0FA80F310FA03F100D135
:10E6100010BDE41A173C4805C90AE4E701EB0451B0
:10E6200010BD491001EB0451BDE810404FEA300025
:10E6300002E04FF0000170474A0008BF0042F8D0E6
:10E64000B2F5001F28BF704701F000414FF00000F5
:10E6500070479EEA445F07D011EA5E0FBDE81040A4
:10E6600004BF002100207047BDE8104070B5FFF7DF
:10E67000BDFD00BF40DFF63E83F00041104670470D
:10E680000000E0FF43004FEAD30C4FEA3C0C43404C
:10E690001FBF40070CF1605113F0FE4F70471CF094
:10E6A000006F03D100200CF0004170470CF00043D4
:10E6B00043EA507010B540EACC0000F00EF800BFFD
:10E6C000000000924FEA0001FFF7DEBD4FF000416D
:10E6D0004FF00000A1F5002170470EF1020E2EF060
:10E6E000030E5EF8044B244204D44FEA4102B2F117
:10E6F0007F4F11D84FEA4003B3F17F4F0CD80ED1B2
:10E700004FEAD07CB2F17F4F0CEB4C0C0CF1020CB9
:10E7100008BF4CEBD17C04E04FF0080C01E04FEA5D
:10E72000D17C0CEB4C0324FA03F404F00704B4F19D
:10E73000040C06D20EEB840CBDE810404CF0010C2A
:10E740006047DFE80CF0070802024FF00040A0F538
:10E75000800010BD0846420018BFD2F1807288BF09
:10E7600000F0004010BD4FF04070E1EE100A70471D
:10E77000FF2141EAD050C00570470CF00F03092B70
:10E7800008BF082000F059800A2B0BD0082B18BFB7
:10E79000704708BF1CF0400F0AD04FF000004FF048
:10E7A000000170471CF0400F18BF4FF00040704749
:10E7B0001CF0100F08D020F0704300F07F4242EAB6
:10E7C000D3014FEA4370704700F0604021F07F4270
:10E7D00042EA000201F07F4040EA727070474FF059
:10E7E000FF0C4CF4E06C1CEA11531CBF9CEA030CB8
:10E7F0009445C2BFDA4201EB02517047002B0DD0A5
:10E80000BCF1000F0FD0002A01F00041A4BF41F07D
:10E81000E04141F07F614FF00000704701F000419E
:10E820004FF00000704750EA01334FF09B0C18BFC7
:10E830004CF0806C7FF4C4A970471CF4801F11D089
:10E840001CF4E02F03D06FEACC31490070474FF041
:10E850004050EFF3008222F0704242EA000282F35D
:10E86000008870474FF00000704700009CF10008DE
:10E870007106000803000000000000008000000096
:10E88000000000000000000074F10008050D000801
:10E8900003000000000000008000000000000000F5
:10E8A0000000000088F10008890D00080300000046
:10E8B0000400000000010000000000000000000053
:10E8C00064F10008E10700080300000000000000F8
:10E8D00000010000000000000000000020F100081E
:10E8E000D5B5000801000000000000008000000015
:10E8F000000000000000000050F1000889600008DE
:10E900000300000000000000000100000000000003
:10E910000000000040F10008C5600008020000008F
:10E920000000000080000000000000000000000067
:10E9300024F100083D5A0008020000000000000019
:10E94000800000000000000000000000A8F10008A6
:10E950002594000803000000000000008000000073
:10E9600000000000000000000000404000004040A7
:10E9700000000040000000400000803F0000000058
:10E980000000000000004040000040400000004047
:10E990000000803F0000803F00000000000080BFBA
:10E9A0000000004000000040000000400000803FE8
:10E9B00000000000000080BF000080BF0000004099
:10E9C0000000803F0000803F00000000000080BF8A
:10E9D000000000C0000000C00000803F0000803F39
:10E9E00000000000000080BF000080BF000000C0E9
:10E9F000000000C00000803F00000000000080BF59
:10EA0000000000C0000000C0000000C0000040C0C6
:10EA10000000000000000000000000C0000000C076
:10EA2000000000C0000040C0000040C0000040C026
:10EA3000000040C0000000C0000000C0000080BF17
:10EA40000000000000000000000040C0000040C0C6
:10EA5000000000C0000080BF000080BF0000000078
:10EA600000000000000040C0000000C0000080BFA7
:10EA7000000080BF000000000000803F0000803FD9
:10EA8000000000C0000080BF000080BF0000000048
:10EA90000000803F0000004000000040000080BFF8
:10EAA000000080BF000000000000803F0000803FA9
:10EAB0000000004000004040000000000000000096
:10EAC0000000803F0000803F000000400000404008
:10EAD0000000404000000000000000000000803FF7
:10EAE00000000040000000400000404000004040A6
:10EAF0000000803F000080BF000040C0000040C018
:10EB0000000040C0000000C00000803F0000803FC7
:10EB1000000080BF000040C0000000C0000000C036
:10EB2000000080BF0000000000000000000080BF67
:10EB3000000000C0000000C0000080BF000080BFD7
:10EB40000000000000000000000080BF000080BF47
:10EB5000000080BF000080BF000080BF00000000F8
:10EB600000000000000000000000000000000000A5
:10EB70000000000000000000000000000000404015
:10EB8000000080BF0000803F0000803F0000803F09
:10EB90000000803F00004040000040400000004076
:10EBA00000000040000000400000803F0000803F67
:10EBB00000004040005EBCE2613FDD83C29C7E20DD
:10EBC000A3FD1F419DC3217FFCA2401E5F01E3BD49
:10EBD0003E6082DC237D9FC1421CFEA0E1BF5D033D
:10EBE00080DE3C62BEE0025CDF81633D7C22C09E31
:10EBF0001D43A1FF4618FAA427799BC584DA38661D
:10EC0000E5BB5907DB856739BAE406581947A5FB08
:10EC10007826C49A653BD987045AB8E6A7F91B45FC
:10EC2000C6987A24F8A6441A99C7257B3A6486D8F0
:10EC30005B05E7B98CD2306EEDB3510F4E10F2ACDC
:10EC40002F7193CD114FADF3702ECC92D38D6F31C8
:10EC5000B2EC0E50AFF1134DCE90722C6D33D18FBC
:10EC60000C52B0EE326C8ED0530DEFB1F0AE4C12B0
:10EC700091CF2D73CA947628ABF517490856B4EA9C
:10EC80006937D58B5709EBB536688AD495CB297788
:10EC9000F4AA4816E9B7550B88D6346A2B7597C97C
:10ECA0004A14F6A8742AC896154BA9F7B6E80A5470
:10ECB000D7896B350000891112239B322446AD574A
:10ECC0003665BF74488CC19D5AAFD3BE6CCAE5DBB4
:10ECD0007EE9F7F88110080193331A22A5562C47D4
:10ECE000B7753E64C99C408DDBBF52AEEDDA64CB94
:10ECF000FFF976E802218B30100299132667AF7670
:10ED00003444BD554AADC3BC588ED19F6EEBE7FA73
:10ED10007CC8F5D983310A2091121803A7772E6693
:10ED2000B5543C45CBBD42ACD99E508FEFFB66EA53
:10ED3000FDD874C904428D5316619F702004A91533
:10ED40003227BB364CCEC5DF5EEDD7FC6888E19933
:10ED50007AABF3BA85520C4397711E60A114280553
:10ED6000B3373A26CDDE44CFDFFD56ECE998608913
:10ED7000FBBB72AA06638F7214409D512225AB34EF
:10ED80003006B9174EEFC7FE5CCCD5DD6AA9E3B8F3
:10ED9000788AF19B87730E6295501C41A3352A2413
:10EDA000B1163807CFFF46EEDDDC54CDEBB962A8D3
:10EDB000F99A708B088481951AA793B62CC2A5D3B3
:10EDC0003EE1B7F04008C919522BDB3A644EED5FC3
:10EDD000766DFF7C899400859BB712A6ADD224C3C3
:10EDE000BFF136E0C1184809D33B5A2AE55E6C4FA3
:10EDF000F77D7E6C0AA583B4188691972EE3A7F25F
:10EE00003CC0B5D14229CB38500AD91B666FEF7E82
:10EE1000744CFD5D8BB502A499961087AFF326E282
:10EE2000BDD034C1C3394A28D11A580BE77F6E6E62
:10EE3000F55C7C4D0CC685D71EE597F42880A19122
:10EE40003AA3B3B2444ACD5B5669DF78600CE91D42
:10EE5000722FFB3E8DD604C79FF516E4A990208142
:10EE6000BBB332A2C55A4C4BD7795E68E11C680D22
:10EE7000F33F7A2E0EE787F61CC495D52AA1A3B0DE
:10EE80003882B193466BCF7A5448DD59622DEB3C02
:10EE9000700EF91F8FF706E69DD414C5ABB122A002
:10EEA000B9923083C77B4E6AD5585C49E33D6A2CE2
:10EEB000F11E780F000000000000000001020304B2
:10EEC00006070809000000000102030400061016EE
:10EED000000610160000807F000000000000F03FD8
:10EEE000000000000000F83F0000000000000000EB
:10EEF0000000004003B8E23F0000000000000000F6
:10EF000006D0CF43EBFD4C3E033333333333E33F83
:10EF1000FFAB6FDBB66DDB3F4D268F515555D53FAF
:10EF200001411DA96074D13F65DBC9934A86CD3F7D
:10EF3000EF4E454A287ECA3F3E5555555555C53F6B
:10EF400093BDBE166CC166BF2CDE25AF6A56113F5D
:10EF5000F16BD2C541BDBBBED0A4BE726937663E5F
:10EF60004FBB610567ACDD3F182D4454FB21E93FE1
:10EF70009BF681D20B73EF3F182D4454FB21F93FD0
:10EF8000E2652F227F2B7A3C075C143326A6813C56
:10EF9000BDCBF07A8807703C075C143326A6913C01
:10EFA000C4EB98999999C9BF711623FEC671BCBF6D
:10EFB0006D9A74AFF2B0B3BF9AFDDE522DDEADBFD5
:10EFC0002F6C6A2C44B4A2BF0D5555555555D53FED
:10EFD000FF8300922449C23F6E204CC5CD45B73F08
:10EFE000513DD0A0660DB13FEB0D76244B7BA93F80
:10EFF00011DA22E33AAD903F4C5555555555A53F92
:10F000007751C1166CC156BF9015CB19A001FA3EBD
:10F01000AD529C804F7E92BEC4B1B4BD9EEE213EE7
:10F02000D43888BEE9FAA8BD000000000000000046
:10F0300000004054FB21F93F3163621A61B4D03DB6
:10F040000000601A61B4D03D7370032E8A19A33B8F
:10F050000000002E8A19A33BC14920259A837B39E1
:10F0600000000000000000006E83F9A22915444E44
:10F07000D15727FCC0DD34F5999562DB4190433CC4
:10F08000AB6351FE61C5BBDE3A6E24B7E0D24D42A0
:10F09000EA2E49061C92D1091CEB1DFE3EA729B1A0
:10F0A000F53582E88444BB2E26709CE9417E5FB42E
:10F0B00039D69139F43953838B5F849C3B28F9BD51
:10F0C000FF97F81F0F9805DE8B112FEF1F6D0A5A5F
:10F0D000CF7E366DB709CB27663F464F2DEA5F9E40
:10F0E000C7BA27757BF1E5EBF739073DEA92528AFB
:10F0F000B15FFB6B085D8D1FA6F810111111813FE8
:10F10000D561C119A0012ABF7DFEB157E31DC73EDD
:10F11000EB9C2B8AE6E55ABE7CD5CF5A3AD9E53D21
:10F120006C6564005461736B5F4F66664C696E6515
:10F13000436865636B5F48616E646C650000000046
:10F14000526F626F745F55495F5461736B000000CA
:10F15000526F626F745F436F6E74726F6C5F546155
:10F16000736B000043616E5F53656E645461736B33
:10F170000000000043616E315F526563656976652A
:10F180005461736B0000000043616E325F5265632F
:10F19000656976655461736B000000005374617299
:10F1A000745461736B000000566F6661417373693C
:10F1B00073745461736B0000D8F1000800000020E4
:10F1C00044060000C40100087CF600084406002044
:10F1D000E4B700002002000801421B48420422C29A
:10F1E000277041CDCC4C3E0B144040205AA01889CA
:10F1F0002013550A1408010B1408C5091308FF133E
:10F20000FFFF00FF005EBCE2613FDD83C29C7E2009
:10F21000A3FD1F419DC3217FFCA2401E5F01E3BDF2
:10F220003E6082DC237D9FC1421CFEA0E1BF5D03E6
:10F2300080DE3C62BEE0025CDF81633D7C22C09EDA
:10F240001D43A1FF4618FAA427799BC584DA3866C6
:10F25000E5BB5907DB856739BAE406581947A5FBB2
:10F260007826C49A653BD987045AB8E6A7F91B45A6
:10F27000C6987A24F8A6441A99C7257B3A6486D89A
:10F280005B05E7B98CD2306EEDB3510F4E10F2AC86
:10F290002F7193CD114FADF3702ECC92D38D6F3172
:10F2A000B2EC0E50AFF1134DCE90722C6D33D18F66
:10F2B0000C52B0EE326C8ED0530DEFB1F0AE4C125A
:10F2C00091CF2D73CA947628ABF517490856B4EA46
:10F2D0006937D58B5709EBB536688AD495CB297732
:10F2E000F4AA4816E9B7550B88D6346A2B7597C926
:10F2F0004A14F6A8742AC896154BA9F7B6E80A541A
:10F30000D7896B223500FF00891112239B322446D6
:10F31000AD573665BF74488CC19D5AAFD3BE6CCA19
:10F32000E5DB7EE9F7F88110080193331A22A55630
:10F330002C47B7753E64C99C408DDBBF52AEEDDAF9
:10F3400064CBFFF976E802218B301002991326670F
:10F35000AF763444BD554AADC3BC588ED19F6EEBD9
:10F36000E7FA7CC8F5D983310A2091121803A777F0
:10F370002E66B5543C45CBBD42ACD99E508FEFFBB9
:10F3800066EAFDD874C904428D5316619F7020044B
:10F39000A9153227BB364CCEC5DF5EEDD7FC688899
:10F3A000E1997AABF3BA85520C4397711E60A114B0
:10F3B0002805B3373A26CDDE44CFDFFD56ECE99879
:10F3C0006089FBBB72AA06638F7214409D5122258F
:10F3D000AB343006B9174EEFC7FE5CCCD5DD6AA959
:10F3E000E3B8788AF19B87730E6295501C41A33570
:10F3F0002A24B1163807CFFF46EEDDDC54CDEBB939
:10F4000062A8F99A708B1023088481951AA793B685
:10F410002CC2A5D33EE1B7F04008C919522BDB3A04
:10F42000644EED5F766DFF7C899410E0859BB7128A
:10F43000A6ADD224C3BFF136E0C1184809D33B5A68
:10F440002AE55E6C4FF77D7E6C0AA583B418869121
:10F45000972EE3A7F23CC0B5D14229CB38500AD948
:10F460001B666FEF7E744CFD5D8BB502A499961000
:10F4700087AFF326E2BDD034C1C3394A28D11A5828
:10F480000BE77F6E6EF55C7C4D0CC685D71EE5974D
:10F49000F42880A1913AA3B3B2444ACD5B5669DF08
:10F4A00078600CE91D722FFB3E8DD604C79FF516C0
:10F4B000E4A9902081BBB332A2C55A4C4BD7795EE8
:10F4C00068E11C680DF33F7A2E0EE787F61CC495A1
:10F4D000D52AA1A3B03882B193466BCF7A5448DDC8
:10F4E00059622DEB3C700EF91F8FF706E69DD41480
:10F4F000C5ABB122A0B9923083C77B4E6AD5585CA8
:10F5000049E33D6A2CF11E780F554C1408557414CC
:10F5100008D9721408F1731B08750813D14F140829
:10F52000B5191B08690413B91014080B6014082DD1
:10F53000171C080D0E081209820813110C1B084530
:10F54000040150139D50140831511408E81C142074
:10F55000B01D1420781E1420D5521B088D141AD10A
:10F56000081A750843080513304016803BC5591129
:10F570001B08DD041391121C08C55CA4125F8C08E3
:10F58000E95E981BFF01042903190519074AFF07C3
:10F5900079131BFF20204110085761726E696E6756
:10F5A000501C53686F6F743A0A526F746174653AF5
:10F5B0000A4175746F3A0A4374726C3A0A13757B88
:10F5C0001B08B5041AC1041AE90413257C1B08455D
:10F5D000081A810417040309041201140202021616
:10F5E00040830440571D0201020360031A1A0313EB
:10F5F000890C1B0883041A7B041AAD041AD5041164
:10F600001324F42997B21014810182130A063202DE
:10F610002A401C1C0902435F1125C03209041B014A
:10F62000020B1305241610010524011009010424FE
:10F630000202052406170107058203081C100904AD
:10F640009529BF2E0705010240072A8107111305DE
:10F6500077140875751C08017974295412761408FA
:10F66000BD741B083514B9A419181A4D041AC9041D
:0CF670001A410401741AAA018100000074
:040000050800018965
:00000001FF
